Workbook
Name rNum: PROCESSOS!$A$5:$A$1004
Name rEmpresa: PROCESSOS!$B$5:$B$1004
Name rRamo: PROCESSOS!$C$5:$C$1004
Name rDataFisc: PROCESSOS!$D$5:$D$1004
Name rNotif: PROCESSOS!$E$5:$E$1004
Name rTipo: PROCESSOS!$F$5:$F$1004
Name rStatus: PROCESSOS!$G$5:$G$1004
Name rResp: PROCESSOS!$H$5:$H$1004
Name rNumNotif: PROCESSOS!$I$5:$I$1004
Name rProcOrig: PROCESSOS!$J$5:$J$1004
Name rDataOrig: PROCESSOS!$K$5:$K$1004
Name rPrazo: PROCESSOS!$L$5:$L$1004
Name rDias: PROCESSOS!$M$5:$M$1004
Name rSit: PROCESSOS!$N$5:$N$1004
Name rIdade: PROCESSOS!$O$5:$O$1004
Name PrazoConst: CADASTROS!$M$6
Name PrazoEsc: CADASTROS!$M$7
Name DiasAlerta: CADASTROS!$M$8
Name MetaMensal: CADASTROS!$M$9
Name critResp: CALC!$C$3
Name hProx: CALC!$BF$5:$BF$1004
Name hUlt: CALC!$BG$5:$BG$1004
Name FiltroResp: PAINEL!$K$7
Name FiltroAno: PAINEL!$Y$7

Sheet PAINEL
B2: PAINEL DE GESTÃO DE PROCESSOS | AJ2: ATUALIZADO EM
AJ3: =TODAY() -> 46303
B4: Fluxo de Notificações e Fiscalizações • Visão do Gerente de Processos | AJ4: ="Base: "&COUNTA(rEmpresa)&" processos cadastrados" -> Base: 96 processos cadastrados
B7: FILTROS | F7: Responsável: | K7: TODOS | T7: Ano ref.: | Y7: 2026 | AD7: ▸ GRÁFICOS | AI7: ▸ PROCESSOS | AN7: ▸ CADASTROS | AS7: ▸ INSTRUÇÕES
B9: INDICADORES PRINCIPAIS
B12: TOTAL DE PROCESSOS | J12: EM PRAZO D.P | R12: EM DECISÃO D.P | Z12: DENTRO DO PRAZO | AH12: ="VENCEM EM ATÉ "&DiasAlerta&" DIAS" -> VENCEM EM ATÉ 5 DIAS | AP12: FISCALIZAÇÕES NO MÊS
B13: =COUNTIFS(rEmpresa,"<>",rResp,critResp) -> 96 | J13: =COUNTIFS(rEmpresa,"<>",rResp,critResp,rStatus,"PRAZO D.P") -> 29 | R13: =COUNTIFS(rEmpresa,"<>",rResp,critResp,rStatus,"DECISÃO D.P") -> 67 | Z13: =COUNTIFS(rEmpresa,"<>",rResp,critResp,rSit,"NO PRAZO") -> 6 | AH13: =COUNTIFS(rEmpresa,"<>",rResp,critResp,rSit,"VENCE EM BREVE") -> 6 | AP13: =COUNTIFS(rEmpresa,"<>",rResp,critResp,rDataFisc,">="&DATE(YEAR(TODAY()),MONTH(TODAY()),1),rDataFisc,"<"&DATE(YEAR(TODAY()),MONTH(TODAY())+1,1)) -> 10
B15: registros na base (filtro aplicado) | J15: =IFERROR(J13/B13,0) -> 0.30208333 | M15: do total | R15: =IFERROR(R13/B13,0) -> 0.69791667 | U15: do total | Z15: =IFERROR(Z13/J13,0) -> 0.20689655 | AC15: dos em prazo D.P | AH15: =IFERROR(AH13/J13,0) -> 0.20689655 | AK15: dos em prazo D.P | AP15: =AP13-COUNTIFS(rEmpresa,"<>",rResp,critResp,rDataFisc,">="&DATE(YEAR(TODAY()),MONTH(TODAY())-1,1),rDataFisc,"<"&DATE(YEAR(TODAY()),MONTH(TODAY()),1)) -> -13 | AS15: vs mês anterior
B18: NOTIF. DE CONSTATAÇÃO | J18: NOTIF. DE ESCLARECIMENTO | R18: NOTIFICAÇÕES PRESENCIAIS | Z18: NOTIFICAÇÕES ELETRÔNICAS | AH18: IDADE MÉDIA DOS PROCESSOS | AP18: FISCALIZAÇÕES NO ANO REF.
B19: =COUNTIFS(rEmpresa,"<>",rResp,critResp,rNotif,"NOTIFICAÇÃO DE CONSTATAÇÃO") -> 62 | J19: =COUNTIFS(rEmpresa,"<>",rResp,critResp,rNotif,"NOTIFICAÇÃO DE ESCLARECIMENTO") -> 34 | R19: =COUNTIFS(rEmpresa,"<>",rResp,critResp,rTipo,"PRESENCIAL") -> 58 | Z19: =COUNTIFS(rEmpresa,"<>",rResp,critResp,rTipo,"ELETRÔNICA") -> 38 | AH19: =IFERROR(AVERAGEIFS(rIdade,rEmpresa,"<>",rResp,critResp),0) -> 83.28125 | AP19: =COUNTIFS(rEmpresa,"<>",rResp,critResp,rDataFisc,">="&DATE(FiltroAno,1,1),rDataFisc,"<"&DATE(FiltroAno+1,1,1)) -> 96
B21: =IFERROR(B19/$B$13,0) -> 0.64583333 | E21: do total | J21: =IFERROR(J19/$B$13,0) -> 0.35416667 | M21: do total | R21: =IFERROR(R19/$B$13,0) -> 0.60416667 | U21: do total | Z21: =IFERROR(Z19/$B$13,0) -> 0.39583333 | AC21: do total | AH21: dias desde a fiscalização | AP21: =IFERROR(AP19/(MetaMensal*12),0) -> 0.66666667 | AS21: da meta anual
B23: AGENDA — PRÓXIMOS VENCIMENTOS (TOP 10) | Z23: ÚLTIMAS FISCALIZAÇÕES REGISTRADAS (TOP 10)
B25: # | D25: EMPRESA | L25: RESPONSÁVEL | R25: PRAZO FINAL | V25: DIAS | Z25: # | AB25: EMPRESA | AJ25: RESPONSÁVEL | AP25: FISCALIZAÇÃO | AT25: NOTIF.
B26: =IF(CALC!$BJ$5="","",1) -> 1 | D26: =IF(CALC!$BJ$5="",IF(1=1,"✓ Nenhum prazo pendente",""),INDEX(rEmpresa,CALC!$BJ$5)) -> Clínica Estrela | L26: =IF(CALC!$BJ$5="","",INDEX(rResp,CALC!$BJ$5)) -> DIEGO RIBEIRO | R26: =IF(CALC!$BJ$5="","",INDEX(rPrazo,CALC!$BJ$5)) -> 46303 | V26: =IF(CALC!$BJ$5="","",INDEX(rDias,CALC!$BJ$5)) -> 0 | Z26: =IF(CALC!$BK$5="","",1) -> 1 | AB26: =IF(CALC!$BK$5="",IF(1=1,"Nenhuma fiscalização registrada",""),INDEX(rEmpresa,CALC!$BK$5)) -> Escola Vitória | AJ26: =IF(CALC!$BK$5="","",INDEX(rResp,CALC!$BK$5)) -> ANA PAULA SOUZA | AP26: =IF(CALC!$BK$5="","",INDEX(rDataFisc,CALC!$BK$5)) -> 46303 | AT26: =IF(CALC!$BK$5="","",IF(INDEX(rNotif,CALC!$BK$5)="NOTIFICAÇÃO DE CONSTATAÇÃO","CONST.","ESCLAR.")) -> ESCLAR.
B27: =IF(CALC!$BJ$6="","",2) -> 2 | D27: =IF(CALC!$BJ$6="",IF(2=1,"✓ Nenhum prazo pendente",""),INDEX(rEmpresa,CALC!$BJ$6)) -> Academia Central | L27: =IF(CALC!$BJ$6="","",INDEX(rResp,CALC!$BJ$6)) -> DIEGO RIBEIRO | R27: =IF(CALC!$BJ$6="","",INDEX(rPrazo,CALC!$BJ$6)) -> 46304 | V27: =IF(CALC!$BJ$6="","",INDEX(rDias,CALC!$BJ$6)) -> 1 | Z27: =IF(CALC!$BK$6="","",2) -> 2 | AB27: =IF(CALC!$BK$6="",IF(2=1,"Nenhuma fiscalização registrada",""),INDEX(rEmpresa,CALC!$BK$6)) -> Banco Aliança | AJ27: =IF(CALC!$BK$6="","",INDEX(rResp,CALC!$BK$6)) -> GABRIELA NUNES | AP27: =IF(CALC!$BK$6="","",INDEX(rDataFisc,CALC!$BK$6)) -> 46302 | AT27: =IF(CALC!$BK$6="","",IF(INDEX(rNotif,CALC!$BK$6)="NOTIFICAÇÃO DE CONSTATAÇÃO","CONST.","ESCLAR.")) -> ESCLAR.
B28: =IF(CALC!$BJ$7="","",3) -> 3 | D28: =IF(CALC!$BJ$7="",IF(3=1,"✓ Nenhum prazo pendente",""),INDEX(rEmpresa,CALC!$BJ$7)) -> Farmácia Horizonte | L28: =IF(CALC!$BJ$7="","",INDEX(rResp,CALC!$BJ$7)) -> CARLA MENDES | R28: =IF(CALC!$BJ$7="","",INDEX(rPrazo,CALC!$BJ$7)) -> 46306 | V28: =IF(CALC!$BJ$7="","",INDEX(rDias,CALC!$BJ$7)) -> 3 | Z28: =IF(CALC!$BK$7="","",3) -> 3 | AB28: =IF(CALC!$BK$7="",IF(3=1,"Nenhuma fiscalização registrada",""),INDEX(rEmpresa,CALC!$BK$7)) -> Financeira São Jorge Ltda | AJ28: =IF(CALC!$BK$7="","",INDEX(rResp,CALC!$BK$7)) -> GABRIELA NUNES | AP28: =IF(CALC!$BK$7="","",INDEX(rDataFisc,CALC!$BK$7)) -> 46302 | AT28: =IF(CALC!$BK$7="","",IF(INDEX(rNotif,CALC!$BK$7)="NOTIFICAÇÃO DE CONSTATAÇÃO","CONST.","ESCLAR.")) -> CONST.
B29: =IF(CALC!$BJ$8="","",4) -> 4 | D29: =IF(CALC!$BJ$8="",IF(4=1,"✓ Nenhum prazo pendente",""),INDEX(rEmpresa,CALC!$BJ$8)) -> Auto Center Central 24h | L29: =IF(CALC!$BJ$8="","",INDEX(rResp,CALC!$BJ$8)) -> DIEGO RIBEIRO | R29: =IF(CALC!$BJ$8="","",INDEX(rPrazo,CALC!$BJ$8)) -> 46307 | V29: =IF(CALC!$BJ$8="","",INDEX(rDias,CALC!$BJ$8)) -> 4 | Z29: =IF(CALC!$BK$8="","",4) -> 4 | AB29: =IF(CALC!$BK$8="",IF(4=1,"Nenhuma fiscalização registrada",""),INDEX(rEmpresa,CALC!$BK$8)) -> Boutique Aliança | AJ29: =IF(CALC!$BK$8="","",INDEX(rResp,CALC!$BK$8)) -> CARLA MENDES | AP29: =IF(CALC!$BK$8="","",INDEX(rDataFisc,CALC!$BK$8)) -> 46302 | AT29: =IF(CALC!$BK$8="","",IF(INDEX(rNotif,CALC!$BK$8)="NOTIFICAÇÃO DE CONSTATAÇÃO","CONST.","ESCLAR.")) -> ESCLAR.
B30: =IF(CALC!$BJ$9="","",5) -> 5 | D30: =IF(CALC!$BJ$9="",IF(5=1,"✓ Nenhum prazo pendente",""),INDEX(rEmpresa,CALC!$BJ$9)) -> Churrascaria Bela Vista | L30: =IF(CALC!$BJ$9="","",INDEX(rResp,CALC!$BJ$9)) -> DIEGO RIBEIRO | R30: =IF(CALC!$BJ$9="","",INDEX(rPrazo,CALC!$BJ$9)) -> 46308 | V30: =IF(CALC!$BJ$9="","",INDEX(rDias,CALC!$BJ$9)) -> 5 | Z30: =IF(CALC!$BK$9="","",5) -> 5 | AB30: =IF(CALC!$BK$9="",IF(5=1,"Nenhuma fiscalização registrada",""),INDEX(rEmpresa,CALC!$BK$9)) -> Escola Real | AJ30: =IF(CALC!$BK$9="","",INDEX(rResp,CALC!$BK$9)) -> DIEGO RIBEIRO | AP30: =IF(CALC!$BK$9="","",INDEX(rDataFisc,CALC!$BK$9)) -> 46299 | AT30: =IF(CALC!$BK$9="","",IF(INDEX(rNotif,CALC!$BK$9)="NOTIFICAÇÃO DE CONSTATAÇÃO","CONST.","ESCLAR.")) -> ESCLAR.
B31: =IF(CALC!$BJ$10="","",6) -> 6 | D31: =IF(CALC!$BJ$10="",IF(6=1,"✓ Nenhum prazo pendente",""),INDEX(rEmpresa,CALC!$BJ$10)) -> Magazine Central | L31: =IF(CALC!$BJ$10="","",INDEX(rResp,CALC!$BJ$10)) -> CARLA MENDES | R31: =IF(CALC!$BJ$10="","",INDEX(rPrazo,CALC!$BJ$10)) -> 46308 | V31: =IF(CALC!$BJ$10="","",INDEX(rDias,CALC!$BJ$10)) -> 5 | Z31: =IF(CALC!$BK$10="","",6) -> 6 | AB31: =IF(CALC!$BK$10="",IF(6=1,"Nenhuma fiscalização registrada",""),INDEX(rEmpresa,CALC!$BK$10)) -> Magazine Central | AJ31: =IF(CALC!$BK$10="","",INDEX(rResp,CALC!$BK$10)) -> CARLA MENDES | AP31: =IF(CALC!$BK$10="","",INDEX(rDataFisc,CALC!$BK$10)) -> 46298 | AT31: =IF(CALC!$BK$10="","",IF(INDEX(rNotif,CALC!$BK$10)="NOTIFICAÇÃO DE CONSTATAÇÃO","CONST.","ESCLAR.")) -> CONST.
B32: =IF(CALC!$BJ$11="","",7) -> 7 | D32: =IF(CALC!$BJ$11="",IF(7=1,"✓ Nenhum prazo pendente",""),INDEX(rEmpresa,CALC!$BJ$11)) -> Posto Real | L32: =IF(CALC!$BJ$11="","",INDEX(rResp,CALC!$BJ$11)) -> DIEGO RIBEIRO | R32: =IF(CALC!$BJ$11="","",INDEX(rPrazo,CALC!$BJ$11)) -> 46310 | V32: =IF(CALC!$BJ$11="","",INDEX(rDias,CALC!$BJ$11)) -> 7 | Z32: =IF(CALC!$BK$11="","",7) -> 7 | AB32: =IF(CALC!$BK$11="",IF(7=1,"Nenhuma fiscalização registrada",""),INDEX(rEmpresa,CALC!$BK$11)) -> Churrascaria Bela Vista | AJ32: =IF(CALC!$BK$11="","",INDEX(rResp,CALC!$BK$11)) -> DIEGO RIBEIRO | AP32: =IF(CALC!$BK$11="","",INDEX(rDataFisc,CALC!$BK$11)) -> 46298 | AT32: =IF(CALC!$BK$11="","",IF(INDEX(rNotif,CALC!$BK$11)="NOTIFICAÇÃO DE CONSTATAÇÃO","CONST.","ESCLAR.")) -> CONST.
B33: =IF(CALC!$BJ$12="","",8) -> 8 | D33: =IF(CALC!$BJ$12="",IF(8=1,"✓ Nenhum prazo pendente",""),INDEX(rEmpresa,CALC!$BJ$12)) -> Telecom Bela Vista | L33: =IF(CALC!$BJ$12="","",INDEX(rResp,CALC!$BJ$12)) -> BRUNO CARVALHO | R33: =IF(CALC!$BJ$12="","",INDEX(rPrazo,CALC!$BJ$12)) -> 46310 | V33: =IF(CALC!$BJ$12="","",INDEX(rDias,CALC!$BJ$12)) -> 7 | Z33: =IF(CALC!$BK$12="","",8) -> 8 | AB33: =IF(CALC!$BK$12="",IF(8=1,"Nenhuma fiscalização registrada",""),INDEX(rEmpresa,CALC!$BK$12)) -> Studio Fitness Vitória | AJ33: =IF(CALC!$BK$12="","",INDEX(rResp,CALC!$BK$12)) -> DIEGO RIBEIRO | AP33: =IF(CALC!$BK$12="","",INDEX(rDataFisc,CALC!$BK$12)) -> 46297 | AT33: =IF(CALC!$BK$12="","",IF(INDEX(rNotif,CALC!$BK$12)="NOTIFICAÇÃO DE CONSTATAÇÃO","CONST.","ESCLAR.")) -> ESCLAR.
B34: =IF(CALC!$BJ$13="","",9) -> 9 | D34: =IF(CALC!$BJ$13="",IF(9=1,"✓ Nenhum prazo pendente",""),INDEX(rEmpresa,CALC!$BJ$13)) -> Studio Fitness Vitória | L34: =IF(CALC!$BJ$13="","",INDEX(rResp,CALC!$BJ$13)) -> DIEGO RIBEIRO | R34: =IF(CALC!$BJ$13="","",INDEX(rPrazo,CALC!$BJ$13)) -> 46312 | V34: =IF(CALC!$BJ$13="","",INDEX(rDias,CALC!$BJ$13)) -> 9 | Z34: =IF(CALC!$BK$13="","",9) -> 9 | AB34: =IF(CALC!$BK$13="",IF(9=1,"Nenhuma fiscalização registrada",""),INDEX(rEmpresa,CALC!$BK$13)) -> Farmácia Horizonte | AJ34: =IF(CALC!$BK$13="","",INDEX(rResp,CALC!$BK$13)) -> CARLA MENDES | AP34: =IF(CALC!$BK$13="","",INDEX(rDataFisc,CALC!$BK$13)) -> 46296 | AT34: =IF(CALC!$BK$13="","",IF(INDEX(rNotif,CALC!$BK$13)="NOTIFICAÇÃO DE CONSTATAÇÃO","CONST.","ESCLAR.")) -> CONST.
B35: =IF(CALC!$BJ$14="","",10) -> 10 | D35: =IF(CALC!$BJ$14="",IF(10=1,"✓ Nenhum prazo pendente",""),INDEX(rEmpresa,CALC!$BJ$14)) -> Financeira São Jorge Ltda | L35: =IF(CALC!$BJ$14="","",INDEX(rResp,CALC!$BJ$14)) -> GABRIELA NUNES | R35: =IF(CALC!$BJ$14="","",INDEX(rPrazo,CALC!$BJ$14)) -> 46312 | V35: =IF(CALC!$BJ$14="","",INDEX(rDias,CALC!$BJ$14)) -> 9 | Z35: =IF(CALC!$BK$14="","",10) -> 10 | AB35: =IF(CALC!$BK$14="",IF(10=1,"Nenhuma fiscalização registrada",""),INDEX(rEmpresa,CALC!$BK$14)) -> Concessionária Avenida | AJ35: =IF(CALC!$BK$14="","",INDEX(rResp,CALC!$BK$14)) -> CARLA MENDES | AP35: =IF(CALC!$BK$14="","",INDEX(rDataFisc,CALC!$BK$14)) -> 46296 | AT35: =IF(CALC!$BK$14="","",IF(INDEX(rNotif,CALC!$BK$14)="NOTIFICAÇÃO DE CONSTATAÇÃO","CONST.","ESCLAR.")) -> ESCLAR.
B37: CARGA DE TRABALHO POR RESPONSÁVEL (EQUIPE) | Z37: DISTRIBUIÇÃO POR RAMO DE ATIVIDADE
B39: RESPONSÁVEL | I39: TOTAL | L39: PRAZO | O39: DECISÃO | R39: EM BREVE | U39: % EQUIPE | Z39: RAMO | AG39: TOTAL | AJ39: CONST. | AM39: ESCLAR. | AP39: PRAZO | AS39: % TOTAL
B40: =CALC!AF6 -> DIEGO RIBEIRO | I40: =CALC!AG6 -> 24 | L40: =CALC!AH6 -> 10 | O40: =CALC!AI6 -> 14 | R40: =CALC!AK6 -> 4 | U40: =CALC!AL6 -> 0.25 | Z40: =CALC!AW6 -> LOJA | AG40: =CALC!AX6 -> 14 | AJ40: =CALC!AY6 -> 7 | AM40: =CALC!AZ6 -> 7 | AP40: =CALC!BA6 -> 6 | AS40: =CALC!BB6 -> 0.14583333
B41: =CALC!AF7 -> BRUNO CARVALHO | I41: =CALC!AG7 -> 16 | L41: =CALC!AH7 -> 7 | O41: =CALC!AI7 -> 9 | R41: =CALC!AK7 -> 0 | U41: =CALC!AL7 -> 0.16666667 | Z41: =CALC!AW7 -> SAÚDE | AG41: =CALC!AX7 -> 14 | AJ41: =CALC!AY7 -> 10 | AM41: =CALC!AZ7 -> 4 | AP41: =CALC!BA7 -> 3 | AS41: =CALC!BB7 -> 0.14583333
B42: =CALC!AF8 -> CARLA MENDES | I42: =CALC!AG8 -> 15 | L42: =CALC!AH8 -> 3 | O42: =CALC!AI8 -> 12 | R42: =CALC!AK8 -> 2 | U42: =CALC!AL8 -> 0.15625 | Z42: =CALC!AW8 -> RESTAURANTE | AG42: =CALC!AX8 -> 11 | AJ42: =CALC!AY8 -> 9 | AM42: =CALC!AZ8 -> 2 | AP42: =CALC!BA8 -> 2 | AS42: =CALC!BB8 -> 0.11458333
B43: =CALC!AF9 -> EDUARDA LIMA | I43: =CALC!AG9 -> 13 | L43: =CALC!AH9 -> 4 | O43: =CALC!AI9 -> 9 | R43: =CALC!AK9 -> 0 | U43: =CALC!AL9 -> 0.13541667 | Z43: =CALC!AW9 -> SUPERMERCADO | AG43: =CALC!AX9 -> 10 | AJ43: =CALC!AY9 -> 6 | AM43: =CALC!AZ9 -> 4 | AP43: =CALC!BA9 -> 2 | AS43: =CALC!BB9 -> 0.10416667
B44: =CALC!AF10 -> ANA PAULA SOUZA | I44: =CALC!AG10 -> 10 | L44: =CALC!AH10 -> 2 | O44: =CALC!AI10 -> 8 | R44: =CALC!AK10 -> 0 | U44: =CALC!AL10 -> 0.10416667 | Z44: =CALC!AW10 -> POSTO DE COMBUSTÍVEL | AG44: =CALC!AX10 -> 8 | AJ44: =CALC!AY10 -> 4 | AM44: =CALC!AZ10 -> 4 | AP44: =CALC!BA10 -> 2 | AS44: =CALC!BB10 -> 0.083333333
B45: =CALC!AF11 -> FELIPE ARAÚJO | I45: =CALC!AG11 -> 8 | L45: =CALC!AH11 -> 1 | O45: =CALC!AI11 -> 7 | R45: =CALC!AK11 -> 0 | U45: =CALC!AL11 -> 0.083333333 | Z45: =CALC!AW11 -> BANCO | AG45: =CALC!AX11 -> 8 | AJ45: =CALC!AY11 -> 5 | AM45: =CALC!AZ11 -> 3 | AP45: =CALC!BA11 -> 2 | AS45: =CALC!BB11 -> 0.083333333
B46: =CALC!AF12 -> GABRIELA NUNES | I46: =CALC!AG12 -> 7 | L46: =CALC!AH12 -> 2 | O46: =CALC!AI12 -> 5 | R46: =CALC!AK12 -> 0 | U46: =CALC!AL12 -> 0.072916667 | Z46: =CALC!AW12 -> ACADEMIA | AG46: =CALC!AX12 -> 6 | AJ46: =CALC!AY12 -> 5 | AM46: =CALC!AZ12 -> 1 | AP46: =CALC!BA12 -> 2 | AS46: =CALC!BB12 -> 0.0625
B47: =CALC!AF13 -> HENRIQUE COSTA | I47: =CALC!AG13 -> 3 | L47: =CALC!AH13 -> 0 | O47: =CALC!AI13 -> 3 | R47: =CALC!AK13 -> 0 | U47: =CALC!AL13 -> 0.03125 | Z47: =CALC!AW13 -> FARMÁCIA | AG47: =CALC!AX13 -> 6 | AJ47: =CALC!AY13 -> 6 | AM47: =CALC!AZ13 -> 0 | AP47: =CALC!BA13 -> 3 | AS47: =CALC!BB13 -> 0.0625
B48: =CALC!AF14 | I48: =CALC!AG14 | L48: =CALC!AH14 | O48: =CALC!AI14 | R48: =CALC!AK14 | U48: =CALC!AL14 | Z48: =CALC!AW14 -> ESCOLA | AG48: =CALC!AX14 -> 6 | AJ48: =CALC!AY14 -> 3 | AM48: =CALC!AZ14 -> 3 | AP48: =CALC!BA14 -> 2 | AS48: =CALC!BB14 -> 0.0625
B49: =CALC!AF15 | I49: =CALC!AG15 | L49: =CALC!AH15 | O49: =CALC!AI15 | R49: =CALC!AK15 | U49: =CALC!AL15 | Z49: =CALC!AW15 -> CONCESSIONÁRIA | AG49: =CALC!AX15 -> 6 | AJ49: =CALC!AY15 -> 3 | AM49: =CALC!AZ15 -> 3 | AP49: =CALC!BA15 -> 2 | AS49: =CALC!BB15 -> 0.0625
B51: ="EVOLUÇÃO MENSAL — ANO "&FiltroAno -> EVOLUÇÃO MENSAL — ANO 2026
B53: INDICADOR | J53: JAN | M53: FEV | P53: MAR | S53: ABR | V53: MAI | Y53: JUN | AB53: JUL | AE53: AGO | AH53: SET | AK53: OUT | AN53: NOV | AQ53: DEZ | AT53: ANO
B54: Fiscalizações | J54: =CALC!N6 -> 1 | M54: =CALC!N7 -> 3 | P54: =CALC!N8 -> 4 | S54: =CALC!N9 -> 4 | V54: =CALC!N10 -> 13 | Y54: =CALC!N11 -> 9 | AB54: =CALC!N12 -> 16 | AE54: =CALC!N13 -> 13 | AH54: =CALC!N14 -> 23 | AK54: =CALC!N15 -> 10 | AN54: =CALC!N16 -> 0 | AQ54: =CALC!N17 -> 0 | AT54: =SUM(CALC!N6:N17) -> 96
B55: Notif. Constatação | J55: =CALC!O6 -> 1 | M55: =CALC!O7 -> 3 | P55: =CALC!O8 -> 4 | S55: =CALC!O9 -> 2 | V55: =CALC!O10 -> 9 | Y55: =CALC!O11 -> 6 | AB55: =CALC!O12 -> 11 | AE55: =CALC!O13 -> 7 | AH55: =CALC!O14 -> 15 | AK55: =CALC!O15 -> 4 | AN55: =CALC!O16 -> 0 | AQ55: =CALC!O17 -> 0 | AT55: =SUM(CALC!O6:O17) -> 62
B56: Notif. Esclarecimento | J56: =CALC!P6 -> 0 | M56: =CALC!P7 -> 0 | P56: =CALC!P8 -> 0 | S56: =CALC!P9 -> 2 | V56: =CALC!P10 -> 4 | Y56: =CALC!P11 -> 3 | AB56: =CALC!P12 -> 5 | AE56: =CALC!P13 -> 6 | AH56: =CALC!P14 -> 8 | AK56: =CALC!P15 -> 6 | AN56: =CALC!P16 -> 0 | AQ56: =CALC!P17 -> 0 | AT56: =SUM(CALC!P6:P17) -> 34
B57: Presenciais | J57: =CALC!Q6 -> 1 | M57: =CALC!Q7 -> 2 | P57: =CALC!Q8 -> 3 | S57: =CALC!Q9 -> 3 | V57: =CALC!Q10 -> 9 | Y57: =CALC!Q11 -> 6 | AB57: =CALC!Q12 -> 7 | AE57: =CALC!Q13 -> 7 | AH57: =CALC!Q14 -> 14 | AK57: =CALC!Q15 -> 6 | AN57: =CALC!Q16 -> 0 | AQ57: =CALC!Q17 -> 0 | AT57: =SUM(CALC!Q6:Q17) -> 58
B58: Eletrônicas | J58: =CALC!R6 -> 0 | M58: =CALC!R7 -> 1 | P58: =CALC!R8 -> 1 | S58: =CALC!R9 -> 1 | V58: =CALC!R10 -> 4 | Y58: =CALC!R11 -> 3 | AB58: =CALC!R12 -> 9 | AE58: =CALC!R13 -> 6 | AH58: =CALC!R14 -> 9 | AK58: =CALC!R15 -> 4 | AN58: =CALC!R16 -> 0 | AQ58: =CALC!R17 -> 0 | AT58: =SUM(CALC!R6:R17) -> 38
B59: Meta | J59: =CALC!S6 -> 12 | M59: =CALC!S7 -> 12 | P59: =CALC!S8 -> 12 | S59: =CALC!S9 -> 12 | V59: =CALC!S10 -> 12 | Y59: =CALC!S11 -> 12 | AB59: =CALC!S12 -> 12 | AE59: =CALC!S13 -> 12 | AH59: =CALC!S14 -> 12 | AK59: =CALC!S15 -> 12 | AN59: =CALC!S16 -> 12 | AQ59: =CALC!S17 -> 12 | AT59: =SUM(CALC!S6:S17) -> 144
B60: Atingimento da meta | J60: =IFERROR(J54/J59,0) -> 0.083333333 | M60: =IFERROR(M54/M59,0) -> 0.25 | P60: =IFERROR(P54/P59,0) -> 0.33333333 | S60: =IFERROR(S54/S59,0) -> 0.33333333 | V60: =IFERROR(V54/V59,0) -> 1.0833333 | Y60: =IFERROR(Y54/Y59,0) -> 0.75 | AB60: =IFERROR(AB54/AB59,0) -> 1.3333333 | AE60: =IFERROR(AE54/AE59,0) -> 1.0833333 | AH60: =IFERROR(AH54/AH59,0) -> 1.9166667 | AK60: =IFERROR(AK54/AK59,0) -> 0.83333333 | AN60: =IFERROR(AN54/AN59,0) -> 0 | AQ60: =IFERROR(AQ54/AQ59,0) -> 0 | AT60: =IFERROR(AT54/AT59,0) -> 0.66666667
B62: SITUAÇÃO DOS PRAZOS | Z62: MATRIZ NOTIFICAÇÃO × TIPO DE ENTREGA
B64: SITUAÇÃO | I64: QTD. | L64: % | O64: PARTICIPAÇÃO | Z64: NOTIFICAÇÃO | AI64: PRESENCIAL | AN64: ELETRÔNICA | AS64: TOTAL
B65: ● No prazo | I65: =CALC!J11 -> 6 | L65: =IFERROR(I65/SUM(CALC!$J$11:$J$13),0) -> 0.075949367 | O65: =REPT("█",ROUND(L65*28,0)) -> ██ | Z65: Constatação | AI65: =CALC!J28 -> 34 | AN65: =CALC!K28 -> 28 | AS65: =AI65+AN65 -> 62
B66: ● Vence em breve | I66: =CALC!J12 -> 6 | L66: =IFERROR(I66/SUM(CALC!$J$11:$J$13),0) -> 0.075949367 | O66: =REPT("█",ROUND(L66*28,0)) -> ██ | Z66: Esclarecimento | AI66: =CALC!J29 -> 24 | AN66: =CALC!K29 -> 10 | AS66: =AI66+AN66 -> 34
B67: ● Em decisão | I67: =CALC!J13 -> 67 | L67: =IFERROR(I67/SUM(CALC!$J$11:$J$13),0) -> 0.84810127 | O67: =REPT("█",ROUND(L67*28,0)) -> ████████████████████████ | Z67: TOTAL | AI67: =AI65+AI66 -> 58 | AN67: =AN65+AN66 -> 38 | AS67: =AS65+AS66 -> 96
Z68: Cores mais intensas indicam maior concentração de notificações.
B72: Fonte: aba PROCESSOS • Prazos calculados conforme parâmetros da aba CADASTROS • Indicadores recalculados automaticamente a cada abertura do arquivo (data de referência: HOJE).

Sheet GRÁFICOS
B2: DASHBOARD ANALÍTICO | AF2: FILTROS ATIVOS (definidos no PAINEL)
AF3: ="Responsável: "&IF(FiltroResp="","TODOS",FiltroResp) -> Responsável: TODOS
B4: Gráficos de acompanhamento do fluxo de notificações | AF4: ="Ano de referência: "&FiltroAno -> Ano de referência: 2026
B7: TOTAL | F7: =PAINEL!B13 -> 96 | J7: PRAZO D.P | N7: =PAINEL!J13 -> 29 | R7: DECISÃO D.P | V7: =PAINEL!R13 -> 67 | Z7: NO PRAZO | AD7: =PAINEL!Z13 -> 6 | AH7: EM BREVE | AL7: =PAINEL!AH13 -> 6 | AP7: NO MÊS | AT7: =PAINEL!AP13 -> 10
AN8: ◂ VOLTAR AO PAINEL

Sheet PROCESSOS
A1: CONTROLE DE PROCESSOS — FLUXO DE NOTIFICAÇÕES
A2: ="Base oficial de registros • "&COUNTA(rEmpresa)&" processo(s) cadastrado(s) • Colunas A–K e P: preenchimento manual | Colunas L–O (dourado): cálculo automático" -> Base oficial de registros • 96 processo(s) cadastrado(s) • Colunas A–K e P: preenchimento manual | Colunas L–O (dourado): cálculo automático
A4: N° | B4: EMPRESA | C4: RAMO | D4: DATA DA FISCALIZAÇÃO | E4: NOTIFICAÇÃO | F4: TIPO | G4: STATUS | H4: RESPONSÁVEL | I4: N° NOTIFICAÇÃO | J4: PROCESSO ORIGEM | K4: DATA P. ORIGEM | L4: PRAZO FINAL | M4: DIAS RESTANTES | N4: SITUAÇÃO DO PRAZO | O4: DIAS DESDE A FISCALIZAÇÃO | P4: OBSERVAÇÕES
A5: 1 | B5: Laboratório Atlântico Ltda | C5: SAÚDE | D5: 46042 | E5: NOTIFICAÇÃO DE CONSTATAÇÃO | F5: PRESENCIAL | G5: PRAZO D.P | H5: DIEGO RIBEIRO | I5: 0587/2026 | J5: 2026.052547/07 | K5: 46032 | L5: =IF(OR(D5="",E5=""),"",D5+IF(E5="NOTIFICAÇÃO DE CONSTATAÇÃO",PrazoConst,PrazoEsc)) -> 46052 | M5: =IF(L5="","",L5-TODAY()) -> -251 | N5: =IF(B5="","",IF(G5="DECISÃO D.P","EM DECISÃO",IF(G5="","SEM STATUS",IF(M5="","SEM DATA",IF(M5<0,"VENCIDO",IF(M5<=DiasAlerta,"VENCE EM BREVE","NO PRAZO")))))) -> VENCIDO | O5: =IF(D5="","",TODAY()-D5) -> 261 | P5: Registro de exemplo — os dados de exemplo podem ser apagados (colunas A–K e P).
A6: 2 | B6: Boutique Planalto | C6: LOJA | D6: 46057 | E6: NOTIFICAÇÃO DE CONSTATAÇÃO | F6: PRESENCIAL | G6: DECISÃO D.P | H6: FELIPE ARAÚJO | I6: 0049/2026 | J6: 2025.024777/07 | K6: 46000 | L6: =IF(OR(D6="",E6=""),"",D6+IF(E6="NOTIFICAÇÃO DE CONSTATAÇÃO",PrazoConst,PrazoEsc)) -> 46067 | M6: =IF(L6="","",L6-TODAY()) -> -236 | N6: =IF(B6="","",IF(G6="DECISÃO D.P","EM DECISÃO",IF(G6="","SEM STATUS",IF(M6="","SEM DATA",IF(M6<0,"VENCIDO",IF(M6<=DiasAlerta,"VENCE EM BREVE","NO PRAZO")))))) -> EM DECISÃO | O6: =IF(D6="","",TODAY()-D6) -> 246
A7: 3 | B7: Mercado Bom Preço | C7: SUPERMERCADO | D7: 46071 | E7: NOTIFICAÇÃO DE CONSTATAÇÃO | F7: PRESENCIAL | G7: DECISÃO D.P | H7: GABRIELA NUNES | I7: 0130/2026 | J7: 2025.028692/13 | K7: 46001 | L7: =IF(OR(D7="",E7=""),"",D7+IF(E7="NOTIFICAÇÃO DE CONSTATAÇÃO",PrazoConst,PrazoEsc)) -> 46081 | M7: =IF(L7="","",L7-TODAY()) -> -222 | N7: =IF(B7="","",IF(G7="DECISÃO D.P","EM DECISÃO",IF(G7="","SEM STATUS",IF(M7="","SEM DATA",IF(M7<0,"VENCIDO",IF(M7<=DiasAlerta,"VENCE EM BREVE","NO PRAZO")))))) -> EM DECISÃO | O7: =IF(D7="","",TODAY()-D7) -> 232
A8: 4 | B8: Laboratório Horizonte | C8: SAÚDE | D8: 46076 | E8: NOTIFICAÇÃO DE CONSTATAÇÃO | F8: ELETRÔNICA | G8: DECISÃO D.P | H8: DIEGO RIBEIRO | I8: 0492/2026 | J8: 2025.047616/13 | K8: 46017 | L8: =IF(OR(D8="",E8=""),"",D8+IF(E8="NOTIFICAÇÃO DE CONSTATAÇÃO",PrazoConst,PrazoEsc)) -> 46086 | M8: =IF(L8="","",L8-TODAY()) -> -217 | N8: =IF(B8="","",IF(G8="DECISÃO D.P","EM DECISÃO",IF(G8="","SEM STATUS",IF(M8="","SEM DATA",IF(M8<0,"VENCIDO",IF(M8<=DiasAlerta,"VENCE EM BREVE","NO PRAZO")))))) -> EM DECISÃO | O8: =IF(D8="","",TODAY()-D8) -> 227
A9: 5 | B9: Posto Primavera | C9: POSTO DE COMBUSTÍVEL | D9: 46082 | E9: NOTIFICAÇÃO DE CONSTATAÇÃO | F9: PRESENCIAL | G9: DECISÃO D.P | H9: GABRIELA NUNES | I9: 0650/2026 | J9: 2026.038632/12 | K9: 46043 | L9: =IF(OR(D9="",E9=""),"",D9+IF(E9="NOTIFICAÇÃO DE CONSTATAÇÃO",PrazoConst,PrazoEsc)) -> 46092 | M9: =IF(L9="","",L9-TODAY()) -> -211 | N9: =IF(B9="","",IF(G9="DECISÃO D.P","EM DECISÃO",IF(G9="","SEM STATUS",IF(M9="","SEM DATA",IF(M9<0,"VENCIDO",IF(M9<=DiasAlerta,"VENCE EM BREVE","NO PRAZO")))))) -> EM DECISÃO | O9: =IF(D9="","",TODAY()-D9) -> 221
A10: 6 | B10: Colégio Vitória | C10: ESCOLA | D10: 46093 | E10: NOTIFICAÇÃO DE CONSTATAÇÃO | F10: ELETRÔNICA | G10: PRAZO D.P | H10: EDUARDA LIMA | I10: 0359/2026 | J10: 2026.099466/07 | K10: 46044 | L10: =IF(OR(D10="",E10=""),"",D10+IF(E10="NOTIFICAÇÃO DE CONSTATAÇÃO",PrazoConst,PrazoEsc)) -> 46103 | M10: =IF(L10="","",L10-TODAY()) -> -200 | N10: =IF(B10="","",IF(G10="DECISÃO D.P","EM DECISÃO",IF(G10="","SEM STATUS",IF(M10="","SEM DATA",IF(M10<0,"VENCIDO",IF(M10<=DiasAlerta,"VENCE EM BREVE","NO PRAZO")))))) -> VENCIDO | O10: =IF(D10="","",TODAY()-D10) -> 210
A11: 7 | B11: Banco Litoral | C11: BANCO | D11: 46101 | E11: NOTIFICAÇÃO DE CONSTATAÇÃO | F11: PRESENCIAL | G11: DECISÃO D.P | H11: DIEGO RIBEIRO | I11: 0152/2026 | J11: 2026.034037/01 | K11: 46044 | L11: =IF(OR(D11="",E11=""),"",D11+IF(E11="NOTIFICAÇÃO DE CONSTATAÇÃO",PrazoConst,PrazoEsc)) -> 46111 | M11: =IF(L11="","",L11-TODAY()) -> -192 | N11: =IF(B11="","",IF(G11="DECISÃO D.P","EM DECISÃO",IF(G11="","SEM STATUS",IF(M11="","SEM DATA",IF(M11<0,"VENCIDO",IF(M11<=DiasAlerta,"VENCE EM BREVE","NO PRAZO")))))) -> EM DECISÃO | O11: =IF(D11="","",TODAY()-D11) -> 202
A12: 8 | B12: Posto Nova Era | C12: POSTO DE COMBUSTÍVEL | D12: 46110 | E12: NOTIFICAÇÃO DE CONSTATAÇÃO | F12: PRESENCIAL | G12: PRAZO D.P | H12: BRUNO CARVALHO | I12: 0863/2026 | J12: 2026.094405/09 | K12: 46025 | L12: =IF(OR(D12="",E12=""),"",D12+IF(E12="NOTIFICAÇÃO DE CONSTATAÇÃO",PrazoConst,PrazoEsc)) -> 46120 | M12: =IF(L12="","",L12-TODAY()) -> -183 | N12: =IF(B12="","",IF(G12="DECISÃO D.P","EM DECISÃO",IF(G12="","SEM STATUS",IF(M12="","SEM DATA",IF(M12<0,"VENCIDO",IF(M12<=DiasAlerta,"VENCE EM BREVE","NO PRAZO")))))) -> VENCIDO | O12: =IF(D12="","",TODAY()-D12) -> 193
A13: 9 | B13: Clínica Jardim | C13: SAÚDE | D13: 46121 | E13: NOTIFICAÇÃO DE ESCLARECIMENTO | F13: PRESENCIAL | G13: DECISÃO D.P | H13: FELIPE ARAÚJO | I13: 0574/2026 | J13: 2026.048054/08 | K13: 46088 | L13: =IF(OR(D13="",E13=""),"",D13+IF(E13="NOTIFICAÇÃO DE CONSTATAÇÃO",PrazoConst,PrazoEsc)) -> 46136 | M13: =IF(L13="","",L13-TODAY()) -> -167 | N13: =IF(B13="","",IF(G13="DECISÃO D.P","EM DECISÃO",IF(G13="","SEM STATUS",IF(M13="","SEM DATA",IF(M13<0,"VENCIDO",IF(M13<=DiasAlerta,"VENCE EM BREVE","NO PRAZO")))))) -> EM DECISÃO | O13: =IF(D13="","",TODAY()-D13) -> 182
A14: 10 | B14: Auto Posto Primavera Ltda | C14: POSTO DE COMBUSTÍVEL | D14: 46124 | E14: NOTIFICAÇÃO DE ESCLARECIMENTO | F14: PRESENCIAL | G14: DECISÃO D.P | H14: GABRIELA NUNES | I14: 0687/2026 | J14: 2026.004563/06 | K14: 46096 | L14: =IF(OR(D14="",E14=""),"",D14+IF(E14="NOTIFICAÇÃO DE CONSTATAÇÃO",PrazoConst,PrazoEsc)) -> 46139 | M14: =IF(L14="","",L14-TODAY()) -> -164 | N14: =IF(B14="","",IF(G14="DECISÃO D.P","EM DECISÃO",IF(G14="","SEM STATUS",IF(M14="","SEM DATA",IF(M14<0,"VENCIDO",IF(M14<=DiasAlerta,"VENCE EM BREVE","NO PRAZO")))))) -> EM DECISÃO | O14: =IF(D14="","",TODAY()-D14) -> 179
A15: 11 | B15: Posto Boa Esperança 24h | C15: POSTO DE COMBUSTÍVEL | D15: 46124 | E15: NOTIFICAÇÃO DE CONSTATAÇÃO | F15: PRESENCIAL | G15: DECISÃO D.P | H15: FELIPE ARAÚJO | I15: 0938/2026 | J15: 2026.039920/13 | K15: 46104 | L15: =IF(OR(D15="",E15=""),"",D15+IF(E15="NOTIFICAÇÃO DE CONSTATAÇÃO",PrazoConst,PrazoEsc)) -> 46134 | M15: =IF(L15="","",L15-TODAY()) -> -169 | N15: =IF(B15="","",IF(G15="DECISÃO D.P","EM DECISÃO",IF(G15="","SEM STATUS",IF(M15="","SEM DATA",IF(M15<0,"VENCIDO",IF(M15<=DiasAlerta,"VENCE EM BREVE","NO PRAZO")))))) -> EM DECISÃO | O15: =IF(D15="","",TODAY()-D15) -> 179
A16: 12 | B16: Conecta Central | C16: TELEFONIA | D16: 46137 | E16: NOTIFICAÇÃO DE CONSTATAÇÃO | F16: ELETRÔNICA | G16: DECISÃO D.P | H16: EDUARDA LIMA | I16: 0553/2026 | J16: 2026.020921/10 | K16: 46108 | L16: =IF(OR(D16="",E16=""),"",D16+IF(E16="NOTIFICAÇÃO DE CONSTATAÇÃO",PrazoConst,PrazoEsc)) -> 46147 | M16: =IF(L16="","",L16-TODAY()) -> -156 | N16: =IF(B16="","",IF(G16="DECISÃO D.P","EM DECISÃO",IF(G16="","SEM STATUS",IF(M16="","SEM DATA",IF(M16<0,"VENCIDO",IF(M16<=DiasAlerta,"VENCE EM BREVE","NO PRAZO")))))) -> EM DECISÃO | O16: =IF(D16="","",TODAY()-D16) -> 166
A17: 13 | B17: Posto Horizonte Ltda | C17: POSTO DE COMBUSTÍVEL | D17: 46145 | E17: NOTIFICAÇÃO DE ESCLARECIMENTO | F17: ELETRÔNICA | G17: DECISÃO D.P | H17: DIEGO RIBEIRO | I17: 0546/2026 | J17: 2026.064254/10 | K17: 46102 | L17: =IF(OR(D17="",E17=""),"",D17+IF(E17="NOTIFICAÇÃO DE CONSTATAÇÃO",PrazoConst,PrazoEsc)) -> 46160 | M17: =IF(L17="","",L17-TODAY()) -> -143 | N17: =IF(B17="","",IF(G17="DECISÃO D.P","EM DECISÃO",IF(G17="","SEM STATUS",IF(M17="","SEM DATA",IF(M17<0,"VENCIDO",IF(M17<=DiasAlerta,"VENCE EM BREVE","NO PRAZO")))))) -> EM DECISÃO | O17: =IF(D17="","",TODAY()-D17) -> 158
... A100: 96 | B100: Escola Vitória | C100: ESCOLA | D100: 46303 | E100: NOTIFICAÇÃO DE ESCLARECIMENTO | F100: PRESENCIAL | G100: DECISÃO D.P | H100: ANA PAULA SOUZA | I100: 0706/2026 | J100: 2026.034925/08 | K100: 46233 | L100: =IF(OR(D100="",E100=""),"",D100+IF(E100="NOTIFICAÇÃO DE CONSTATAÇÃO",PrazoConst,PrazoEsc)) -> 46318 | M100: =IF(L100="","",L100-TODAY()) -> 15 | N100: =IF(B100="","",IF(G100="DECISÃO D.P","EM DECISÃO",IF(G100="","SEM STATUS",IF(M100="","SEM DATA",IF(M100<0,"VENCIDO",IF(M100<=DiasAlerta,"VENCE EM BREVE","NO PRAZO")))))) -> EM DECISÃO | O100: =IF(D100="","",TODAY()-D100) -> 0
L101: =IF(OR(D101="",E101=""),"",D101+IF(E101="NOTIFICAÇÃO DE CONSTATAÇÃO",PrazoConst,PrazoEsc)) | M101: =IF(L101="","",L101-TODAY()) | N101: =IF(B101="","",IF(G101="DECISÃO D.P","EM DECISÃO",IF(G101="","SEM STATUS",IF(M101="","SEM DATA",IF(M101<0,"VENCIDO",IF(M101<=DiasAlerta,"VENCE EM BREVE","NO PRAZO")))))) | O101: =IF(D101="","",TODAY()-D101)
L102: =IF(OR(D102="",E102=""),"",D102+IF(E102="NOTIFICAÇÃO DE CONSTATAÇÃO",PrazoConst,PrazoEsc)) | M102: =IF(L102="","",L102-TODAY()) | N102: =IF(B102="","",IF(G102="DECISÃO D.P","EM DECISÃO",IF(G102="","SEM STATUS",IF(M102="","SEM DATA",IF(M102<0,"VENCIDO",IF(M102<=DiasAlerta,"VENCE EM BREVE","NO PRAZO")))))) | O102: =IF(D102="","",TODAY()-D102)
L103: =IF(OR(D103="",E103=""),"",D103+IF(E103="NOTIFICAÇÃO DE CONSTATAÇÃO",PrazoConst,PrazoEsc)) | M103: =IF(L103="","",L103-TODAY()) | N103: =IF(B103="","",IF(G103="DECISÃO D.P","EM DECISÃO",IF(G103="","SEM STATUS",IF(M103="","SEM DATA",IF(M103<0,"VENCIDO",IF(M103<=DiasAlerta,"VENCE EM BREVE","NO PRAZO")))))) | O103: =IF(D103="","",TODAY()-D103)
L104: =IF(OR(D104="",E104=""),"",D104+IF(E104="NOTIFICAÇÃO DE CONSTATAÇÃO",PrazoConst,PrazoEsc)) | M104: =IF(L104="","",L104-TODAY()) | N104: =IF(B104="","",IF(G104="DECISÃO D.P","EM DECISÃO",IF(G104="","SEM STATUS",IF(M104="","SEM DATA",IF(M104<0,"VENCIDO",IF(M104<=DiasAlerta,"VENCE EM BREVE","NO PRAZO")))))) | O104: =IF(D104="","",TODAY()-D104)
L105: =IF(OR(D105="",E105=""),"",D105+IF(E105="NOTIFICAÇÃO DE CONSTATAÇÃO",PrazoConst,PrazoEsc)) | M105: =IF(L105="","",L105-TODAY()) | N105: =IF(B105="","",IF(G105="DECISÃO D.P","EM DECISÃO",IF(G105="","SEM STATUS",IF(M105="","SEM DATA",IF(M105<0,"VENCIDO",IF(M105<=DiasAlerta,"VENCE EM BREVE","NO PRAZO")))))) | O105: =IF(D105="","",TODAY()-D105)
L106: =IF(OR(D106="",E106=""),"",D106+IF(E106="NOTIFICAÇÃO DE CONSTATAÇÃO",PrazoConst,PrazoEsc)) | M106: =IF(L106="","",L106-TODAY()) | N106: =IF(B106="","",IF(G106="DECISÃO D.P","EM DECISÃO",IF(G106="","SEM STATUS",IF(M106="","SEM DATA",IF(M106<0,"VENCIDO",IF(M106<=DiasAlerta,"VENCE EM BREVE","NO PRAZO")))))) | O106: =IF(D106="","",TODAY()-D106)
L107: =IF(OR(D107="",E107=""),"",D107+IF(E107="NOTIFICAÇÃO DE CONSTATAÇÃO",PrazoConst,PrazoEsc)) | M107: =IF(L107="","",L107-TODAY()) | N107: =IF(B107="","",IF(G107="DECISÃO D.P","EM DECISÃO",IF(G107="","SEM STATUS",IF(M107="","SEM DATA",IF(M107<0,"VENCIDO",IF(M107<=DiasAlerta,"VENCE EM BREVE","NO PRAZO")))))) | O107: =IF(D107="","",TODAY()-D107)
L108: =IF(OR(D108="",E108=""),"",D108+IF(E108="NOTIFICAÇÃO DE CONSTATAÇÃO",PrazoConst,PrazoEsc)) | M108: =IF(L108="","",L108-TODAY()) | N108: =IF(B108="","",IF(G108="DECISÃO D.P","EM DECISÃO",IF(G108="","SEM STATUS",IF(M108="","SEM DATA",IF(M108<0,"VENCIDO",IF(M108<=DiasAlerta,"VENCE EM BREVE","NO PRAZO")))))) | O108: =IF(D108="","",TODAY()-D108)
L109: =IF(OR(D109="",E109=""),"",D109+IF(E109="NOTIFICAÇÃO DE CONSTATAÇÃO",PrazoConst,PrazoEsc)) | M109: =IF(L109="","",L109-TODAY()) | N109: =IF(B109="","",IF(G109="DECISÃO D.P","EM DECISÃO",IF(G109="","SEM STATUS",IF(M109="","SEM DATA",IF(M109<0,"VENCIDO",IF(M109<=DiasAlerta,"VENCE EM BREVE","NO PRAZO")))))) | O109: =IF(D109="","",TODAY()-D109)
L110: =IF(OR(D110="",E110=""),"",D110+IF(E110="NOTIFICAÇÃO DE CONSTATAÇÃO",PrazoConst,PrazoEsc)) | M110: =IF(L110="","",L110-TODAY()) | N110: =IF(B110="","",IF(G110="DECISÃO D.P","EM DECISÃO",IF(G110="","SEM STATUS",IF(M110="","SEM DATA",IF(M110<0,"VENCIDO",IF(M110<=DiasAlerta,"VENCE EM BREVE","NO PRAZO")))))) | O110: =IF(D110="","",TODAY()-D110)
L111: =IF(OR(D111="",E111=""),"",D111+IF(E111="NOTIFICAÇÃO DE CONSTATAÇÃO",PrazoConst,PrazoEsc)) | M111: =IF(L111="","",L111-TODAY()) | N111: =IF(B111="","",IF(G111="DECISÃO D.P","EM DECISÃO",IF(G111="","SEM STATUS",IF(M111="","SEM DATA",IF(M111<0,"VENCIDO",IF(M111<=DiasAlerta,"VENCE EM BREVE","NO PRAZO")))))) | O111: =IF(D111="","",TODAY()-D111)
L112: =IF(OR(D112="",E112=""),"",D112+IF(E112="NOTIFICAÇÃO DE CONSTATAÇÃO",PrazoConst,PrazoEsc)) | M112: =IF(L112="","",L112-TODAY()) | N112: =IF(B112="","",IF(G112="DECISÃO D.P","EM DECISÃO",IF(G112="","SEM STATUS",IF(M112="","SEM DATA",IF(M112<0,"VENCIDO",IF(M112<=DiasAlerta,"VENCE EM BREVE","NO PRAZO")))))) | O112: =IF(D112="","",TODAY()-D112)
... L1004: =IF(OR(D1004="",E1004=""),"",D1004+IF(E1004="NOTIFICAÇÃO DE CONSTATAÇÃO",PrazoConst,PrazoEsc)) | M1004: =IF(L1004="","",L1004-TODAY()) | N1004: =IF(B1004="","",IF(G1004="DECISÃO D.P","EM DECISÃO",IF(G1004="","SEM STATUS",IF(M1004="","SEM DATA",IF(M1004<0,"VENCIDO",IF(M1004<=DiasAlerta,"VENCE EM BREVE","NO PRAZO")))))) | O1004: =IF(D1004="","",TODAY()-D1004)

Sheet CADASTROS
B1: CADASTROS E PARÂMETROS
B2: Listas que alimentam os menus suspensos e regras de prazo usadas em todo o arquivo
B5: RAMOS DE ATIVIDADE | D5: RESPONSÁVEIS | F5: NOTIFICAÇÃO (fixo) | H5: TIPO (fixo) | J5: STATUS (fixo) | L5: PARÂMETROS DE PRAZO E METAS | M5: VALOR | O5: OBSERVAÇÃO
B6: LOJA | D6: ANA PAULA SOUZA | F6: NOTIFICAÇÃO DE CONSTATAÇÃO | H6: PRESENCIAL | J6: PRAZO D.P | L6: Prazo de resposta — Notificação de Constatação (dias corridos) | M6: 10 | O6: Premissa editável: prazo contado a partir da DATA DA FISCALIZAÇÃO.
B7: POSTO DE COMBUSTÍVEL | D7: BRUNO CARVALHO | F7: NOTIFICAÇÃO DE ESCLARECIMENTO | H7: ELETRÔNICA | J7: DECISÃO D.P | L7: Prazo de resposta — Notificação de Esclarecimento (dias corridos) | M7: 15 | O7: Premissa editável: prazo contado a partir da DATA DA FISCALIZAÇÃO.
B8: SAÚDE | D8: CARLA MENDES | L8: Antecedência para alerta 'VENCE EM BREVE' (dias) | M8: 5 | O8: Processos com prazo a vencer em até N dias recebem alerta.
B9: ACADEMIA | D9: DIEGO RIBEIRO | L9: Meta mensal de fiscalizações | M9: 12 | O9: Usada no painel e nos gráficos de atingimento de meta.
B10: SUPERMERCADO | D10: EDUARDA LIMA
B11: RESTAURANTE | D11: FELIPE ARAÚJO | L11: Células em dourado claro são editáveis.
B12: FARMÁCIA | D12: GABRIELA NUNES
B13: BANCO | D13: HENRIQUE COSTA
B14: ESCOLA
B15: TELEFONIA
B16: CONCESSIONÁRIA
B17: OUTROS
D22: ↑ Inclua novos responsáveis nas linhas em branco (até 15).
B37: ↑ Inclua novos ramos nas linhas em branco (até 30).

Sheet INSTRUÇÕES
A1: GUIA DE USO DA PLANILHA
A2: Como registrar processos e interpretar os indicadores
B5: 1. ESTRUTURA DAS ABAS
B6: ABA | C6: FINALIDADE | D6: DETALHES
B7: PAINEL | C7: Visão diária do Gerente | D7: Indicadores, alertas de prazo, carga da equipe, ramos e evolução mensal. Filtros por responsável e ano.
B8: GRÁFICOS | C8: Dashboard analítico | D8: 8 gráficos dinâmicos que acompanham os filtros definidos no PAINEL.
B9: PROCESSOS | C9: Base de registros | D9: Única aba onde os processos são cadastrados (até 1.000 linhas formatadas e validadas).
B10: CADASTROS | C10: Listas e parâmetros | D10: Ramos, responsáveis, prazos de resposta (dias), antecedência de alerta e meta mensal.
B11: INSTRUÇÕES | C11: Este guia | D11: Regras de preenchimento e definição de cada indicador.
B13: 2. COMO CADASTRAR UM PROCESSO (aba PROCESSOS)
B14: 1) Vá até a primeira linha vazia e informe o N° (inteiro, sequencial e sem repetição).
B15: 2) Preencha EMPRESA (nome fantasia — texto livre) e selecione o RAMO no menu suspenso.
B16: 3) Digite a DATA DA FISCALIZAÇÃO no formato DD/MM/AAAA.
B17: 4) Selecione NOTIFICAÇÃO, TIPO, STATUS e RESPONSÁVEL nos menus suspensos.
B18: 5) Informe N° NOTIFICAÇÃO, PROCESSO ORIGEM e DATA P. ORIGEM.
B19: 6) As colunas PRAZO FINAL, DIAS RESTANTES, SITUAÇÃO DO PRAZO e DIAS DESDE A FISCALIZAÇÃO são automáticas — não digite nelas.
B20: 7) Ao concluir a fase de prazo, altere o STATUS para DECISÃO D.P: o processo sai dos alertas de vencimento.
B22: 3. REGRAS DE VALIDAÇÃO (bloqueios de digitação)
B23: COLUNA | C23: TIPO DE CAMPO | D23: REGRA APLICADA
B24: N° | C24: Número inteiro | D24: Aceita apenas inteiros positivos; letras, decimais e números repetidos são bloqueados.
B25: EMPRESA | C25: Texto livre | D25: Sem bloqueio (aceita letras e números).
B26: RAMO | C26: Menu suspenso | D26: Lista da aba CADASTROS (pode ser ampliada).
B27: DATA DA FISCALIZAÇÃO | C27: Data | D27: Somente datas reais entre 01/01/2000 e 31/12/2099; textos são bloqueados.
B28: NOTIFICAÇÃO | C28: Menu suspenso | D28: NOTIFICAÇÃO DE CONSTATAÇÃO | NOTIFICAÇÃO DE ESCLARECIMENTO.
B29: TIPO | C29: Menu suspenso | D29: PRESENCIAL | ELETRÔNICA.
B30: STATUS | C30: Menu suspenso | D30: DECISÃO D.P | PRAZO D.P.
B31: RESPONSÁVEL | C31: Menu suspenso | D31: Lista da aba CADASTROS (pode ser ampliada).
B32: N° NOTIFICAÇÃO | C32: Números e "/" | D32: Qualquer outro caractere é bloqueado. Ex.: 0123/2026.
B33: PROCESSO ORIGEM | C33: Números, "/", "." e "-" | D33: Qualquer outro caractere é bloqueado. Ex.: 2026.004512-7/01.
B34: DATA P. ORIGEM | C34: Data | D34: Somente datas reais entre 01/01/2000 e 31/12/2099; textos são bloqueados.
B35: OBSERVAÇÕES | C35: Texto livre | D35: Campo opcional para anotações.
B37: 4. DEFINIÇÃO DOS INDICADORES
B38: INDICADOR | C38: CÁLCULO | D38: LEITURA
B39: Prazo final | C39: Data da fiscalização + prazo (CADASTROS) | D39: Constatação: 10 dias; Esclarecimento: 15 dias (premissas editáveis).
B40: Vence em breve | C40: Prazo final em até N dias (CADASTROS) | D40: Alerta preventivo para a equipe.
B41: Em decisão | C41: STATUS = DECISÃO D.P | D41: Processo aguardando decisão; fora do controle de prazo.
B42: Idade média | C42: Média de dias desde a fiscalização | D42: Mede o tempo de permanência dos processos na base.
B43: Atingimento da meta | C43: Fiscalizações do mês ÷ meta mensal | D43: Meta definida na aba CADASTROS.
B44: % equipe | C44: Processos do responsável ÷ total | D44: Equilíbrio da distribuição de carga.
B46: 5. OBSERVAÇÕES
B47: • A planilha vem com 96 registros FICTÍCIOS de exemplo para demonstrar o painel. Para começar a usar, apague o conteúdo das colunas A–K e P da aba PROCESSOS (não apague as colunas L–O, que contêm fórmulas).
B48: • Os filtros (Responsável e Ano) ficam no topo do PAINEL e se aplicam também à aba GRÁFICOS.
B49: • A tabela 'Carga por responsável' mostra sempre a equipe inteira, independentemente do filtro.
B50: • Os indicadores usam a data de HOJE e são recalculados automaticamente ao abrir o arquivo.
B51: • Ao colar dados de outra planilha, use 'Colar especial › Valores' para não remover as validações.

Sheet CALC
A1: CÁLCULOS AUXILIARES — não editar (alimenta PAINEL e GRÁFICOS)
B3: Critério responsável | C3: =IF(OR(FiltroResp="",FiltroResp="TODOS"),"<>§§",FiltroResp) -> <>§§
E4: Lista filtro resp. | G4: Anos | BF4: chave próx. | BG4: chave últ. fiscalização | BI4: k | BJ4: idx próx. | BK4: idx últ.
E5: TODOS | G5: 2024 | I5: STATUS | L5: Nº | M5: Mês | N5: Fiscalizações | O5: Constatação | P5: Esclarecimento | Q5: Presencial | R5: Eletrônica | S5: Meta | T5: Realizado acumulado | U5: Meta acumulada | W5: Responsável | X5: Total | Y5: Prazo D.P | Z5: Decisão D.P | AA5: No prazo | AB5: Vence breve | AC5: Score | AE5: Pos. | AF5: Responsável | AG5: Total | AH5: Prazo D.P | AI5: Decisão D.P | AJ5: No prazo | AK5: Vence breve | AL5: % equipe | AM5: idx | AO5: Ramo | AP5: Total | AQ5: Constatação | AR5: Esclarecimento | AS5: Prazo D.P | AT5: Score | AV5: Pos. | AW5: Ramo | AX5: Total | AY5: Constatação | AZ5: Esclarecimento | BA5: Prazo D.P | BB5: % | BC5: idx | BF5: =IF(AND(OR(PROCESSOS!N5="NO PRAZO",PROCESSOS!N5="VENCE EM BREVE"),OR(FiltroResp="TODOS",FiltroResp="",PROCESSOS!H5=FiltroResp)),PROCESSOS!L5+ROW()/1000000,"") | BG5: =IF(AND(PROCESSOS!B5<>"",ISNUMBER(PROCESSOS!D5),OR(FiltroResp="TODOS",FiltroResp="",PROCESSOS!H5=FiltroResp)),PROCESSOS!D5+ROW()/1000000,"") -> 46042 | BI5: 1 | BJ5: =IFERROR(MATCH(SMALL(hProx,BI5),hProx,0),"") -> 83 | BK5: =IFERROR(MATCH(LARGE(hUlt,BI5),hUlt,0),"") -> 96
E6: =IF(CADASTROS!$D$6="","",CADASTROS!$D$6) -> ANA PAULA SOUZA | G6: 2025 | I6: Prazo D.P | J6: =COUNTIFS(rEmpresa,"<>",rResp,critResp,rStatus,"PRAZO D.P") -> 29 | L6: 1 | M6: JAN | N6: =COUNTIFS(rEmpresa,"<>",rResp,critResp,rDataFisc,">="&DATE(FiltroAno,L6,1),rDataFisc,"<"&DATE(FiltroAno,L6+1,1)) -> 1 | O6: =COUNTIFS(rEmpresa,"<>",rResp,critResp,rDataFisc,">="&DATE(FiltroAno,L6,1),rDataFisc,"<"&DATE(FiltroAno,L6+1,1),rNotif,"NOTIFICAÇÃO DE CONSTATAÇÃO") -> 1 | P6: =COUNTIFS(rEmpresa,"<>",rResp,critResp,rDataFisc,">="&DATE(FiltroAno,L6,1),rDataFisc,"<"&DATE(FiltroAno,L6+1,1),rNotif,"NOTIFICAÇÃO DE ESCLARECIMENTO") -> 0 | Q6: =COUNTIFS(rEmpresa,"<>",rResp,critResp,rDataFisc,">="&DATE(FiltroAno,L6,1),rDataFisc,"<"&DATE(FiltroAno,L6+1,1),rTipo,"PRESENCIAL") -> 1 | R6: =COUNTIFS(rEmpresa,"<>",rResp,critResp,rDataFisc,">="&DATE(FiltroAno,L6,1),rDataFisc,"<"&DATE(FiltroAno,L6+1,1),rTipo,"ELETRÔNICA") -> 0 | S6: =MetaMensal -> 12 | T6: =SUM($N$6:N6) -> 1 | U6: =SUM($S$6:S6) -> 12 | W6: =IF(CADASTROS!$D$6="","",CADASTROS!$D$6) -> ANA PAULA SOUZA | X6: =IF(W6="",0,COUNTIFS(rResp,W6,rEmpresa,"<>")) -> 10 | Y6: =IF(W6="",0,COUNTIFS(rResp,W6,rEmpresa,"<>",rStatus,"PRAZO D.P")) -> 2 | Z6: =IF(W6="",0,COUNTIFS(rResp,W6,rEmpresa,"<>",rStatus,"DECISÃO D.P")) -> 8 | AA6: =IF(W6="",0,COUNTIFS(rResp,W6,rEmpresa,"<>",rSit,"NO PRAZO")) -> 0 | AB6: =IF(W6="",0,COUNTIFS(rResp,W6,rEmpresa,"<>",rSit,"VENCE EM BREVE")) -> 0 | AC6: =IF(W6="",-1,X6+(100-ROW())/1000) -> 10.094 | AE6: 1 | AF6: =IF(AM6="","",INDEX($W$6:$W$20,AM6)) -> DIEGO RIBEIRO | AG6: =IF(AM6="","",INDEX($X$6:$X$20,AM6)) -> 24 | AH6: =IF(AM6="","",INDEX($Y$6:$Y$20,AM6)) -> 10 | AI6: =IF(AM6="","",INDEX($Z$6:$Z$20,AM6)) -> 14 | AJ6: =IF(AM6="","",INDEX($AA$6:$AA$20,AM6)) -> 2 | AK6: =IF(AM6="","",INDEX($AB$6:$AB$20,AM6)) -> 4 | AL6: =IF(AM6="","",IFERROR(AG6/SUM($X$6:$X$20),0)) -> 0.25 | AM6: =IF(LARGE($AC$6:$AC$20,AE6)<0,"",MATCH(LARGE($AC$6:$AC$20,AE6),$AC$6:$AC$20,0)) -> 4 | AO6: =IF(CADASTROS!$B$6="","",CADASTROS!$B$6) -> LOJA | AP6: =IF(AO6="",0,COUNTIFS(rEmpresa,"<>",rResp,critResp,rRamo,AO6)) -> 14 | AQ6: =IF(AO6="",0,COUNTIFS(rEmpresa,"<>",rResp,critResp,rRamo,AO6,rNotif,"NOTIFICAÇÃO DE CONSTATAÇÃO")) -> 7 | AR6: =IF(AO6="",0,COUNTIFS(rEmpresa,"<>",rResp,critResp,rRamo,AO6,rNotif,"NOTIFICAÇÃO DE ESCLARECIMENTO")) -> 7 | AS6: =IF(AO6="",0,COUNTIFS(rEmpresa,"<>",rResp,critResp,rRamo,AO6,rStatus,"PRAZO D.P")) -> 6 | AT6: =IF(AO6="",-1,AP6+(100-ROW())/1000) -> 14.094 | AV6: 1 | AW6: =IF(BC6="","",INDEX($AO$6:$AO$35,BC6)) -> LOJA | AX6: =IF(BC6="","",INDEX($AP$6:$AP$35,BC6)) -> 14 | AY6: =IF(BC6="","",INDEX($AQ$6:$AQ$35,BC6)) -> 7 | AZ6: =IF(BC6="","",INDEX($AR$6:$AR$35,BC6)) -> 7 | BA6: =IF(BC6="","",INDEX($AS$6:$AS$35,BC6)) -> 6 | BB6: =IF(BC6="","",IFERROR(AX6/SUM($AP$6:$AP$35),0)) -> 0.14583333 | BC6: =IF(LARGE($AT$6:$AT$35,AV6)<0,"",MATCH(LARGE($AT$6:$AT$35,AV6),$AT$6:$AT$35,0)) -> 1 | BF6: =IF(AND(OR(PROCESSOS!N6="NO PRAZO",PROCESSOS!N6="VENCE EM BREVE"),OR(FiltroResp="TODOS",FiltroResp="",PROCESSOS!H6=FiltroResp)),PROCESSOS!L6+ROW()/1000000,"") | BG6: =IF(AND(PROCESSOS!B6<>"",ISNUMBER(PROCESSOS!D6),OR(FiltroResp="TODOS",FiltroResp="",PROCESSOS!H6=FiltroResp)),PROCESSOS!D6+ROW()/1000000,"") -> 46057 | BI6: 2 | BJ6: =IFERROR(MATCH(SMALL(hProx,BI6),hProx,0),"") -> 84 | BK6: =IFERROR(MATCH(LARGE(hUlt,BI6),hUlt,0),"") -> 95
E7: =IF(CADASTROS!$D$7="","",CADASTROS!$D$7) -> BRUNO CARVALHO | G7: 2026 | I7: Decisão D.P | J7: =COUNTIFS(rEmpresa,"<>",rResp,critResp,rStatus,"DECISÃO D.P") -> 67 | L7: 2 | M7: FEV | N7: =COUNTIFS(rEmpresa,"<>",rResp,critResp,rDataFisc,">="&DATE(FiltroAno,L7,1),rDataFisc,"<"&DATE(FiltroAno,L7+1,1)) -> 3 | O7: =COUNTIFS(rEmpresa,"<>",rResp,critResp,rDataFisc,">="&DATE(FiltroAno,L7,1),rDataFisc,"<"&DATE(FiltroAno,L7+1,1),rNotif,"NOTIFICAÇÃO DE CONSTATAÇÃO") -> 3 | P7: =COUNTIFS(rEmpresa,"<>",rResp,critResp,rDataFisc,">="&DATE(FiltroAno,L7,1),rDataFisc,"<"&DATE(FiltroAno,L7+1,1),rNotif,"NOTIFICAÇÃO DE ESCLARECIMENTO") -> 0 | Q7: =COUNTIFS(rEmpresa,"<>",rResp,critResp,rDataFisc,">="&DATE(FiltroAno,L7,1),rDataFisc,"<"&DATE(FiltroAno,L7+1,1),rTipo,"PRESENCIAL") -> 2 | R7: =COUNTIFS(rEmpresa,"<>",rResp,critResp,rDataFisc,">="&DATE(FiltroAno,L7,1),rDataFisc,"<"&DATE(FiltroAno,L7+1,1),rTipo,"ELETRÔNICA") -> 1 | S7: =MetaMensal -> 12 | T7: =SUM($N$6:N7) -> 4 | U7: =SUM($S$6:S7) -> 24 | W7: =IF(CADASTROS!$D$7="","",CADASTROS!$D$7) -> BRUNO CARVALHO | X7: =IF(W7="",0,COUNTIFS(rResp,W7,rEmpresa,"<>")) -> 16 | Y7: =IF(W7="",0,COUNTIFS(rResp,W7,rEmpresa,"<>",rStatus,"PRAZO D.P")) -> 7 | Z7: =IF(W7="",0,COUNTIFS(rResp,W7,rEmpresa,"<>",rStatus,"DECISÃO D.P")) -> 9 | AA7: =IF(W7="",0,COUNTIFS(rResp,W7,rEmpresa,"<>",rSit,"NO PRAZO")) -> 1 | AB7: =IF(W7="",0,COUNTIFS(rResp,W7,rEmpresa,"<>",rSit,"VENCE EM BREVE")) -> 0 | AC7: =IF(W7="",-1,X7+(100-ROW())/1000) -> 16.093 | AE7: 2 | AF7: =IF(AM7="","",INDEX($W$6:$W$20,AM7)) -> BRUNO CARVALHO | AG7: =IF(AM7="","",INDEX($X$6:$X$20,AM7)) -> 16 | AH7: =IF(AM7="","",INDEX($Y$6:$Y$20,AM7)) -> 7 | AI7: =IF(AM7="","",INDEX($Z$6:$Z$20,AM7)) -> 9 | AJ7: =IF(AM7="","",INDEX($AA$6:$AA$20,AM7)) -> 1 | AK7: =IF(AM7="","",INDEX($AB$6:$AB$20,AM7)) -> 0 | AL7: =IF(AM7="","",IFERROR(AG7/SUM($X$6:$X$20),0)) -> 0.16666667 | AM7: =IF(LARGE($AC$6:$AC$20,AE7)<0,"",MATCH(LARGE($AC$6:$AC$20,AE7),$AC$6:$AC$20,0)) -> 2 | AO7: =IF(CADASTROS!$B$7="","",CADASTROS!$B$7) -> POSTO DE COMBUSTÍVEL | AP7: =IF(AO7="",0,COUNTIFS(rEmpresa,"<>",rResp,critResp,rRamo,AO7)) -> 8 | AQ7: =IF(AO7="",0,COUNTIFS(rEmpresa,"<>",rResp,critResp,rRamo,AO7,rNotif,"NOTIFICAÇÃO DE CONSTATAÇÃO")) -> 4 | AR7: =IF(AO7="",0,COUNTIFS(rEmpresa,"<>",rResp,critResp,rRamo,AO7,rNotif,"NOTIFICAÇÃO DE ESCLARECIMENTO")) -> 4 | AS7: =IF(AO7="",0,COUNTIFS(rEmpresa,"<>",rResp,critResp,rRamo,AO7,rStatus,"PRAZO D.P")) -> 2 | AT7: =IF(AO7="",-1,AP7+(100-ROW())/1000) -> 8.093 | AV7: 2 | AW7: =IF(BC7="","",INDEX($AO$6:$AO$35,BC7)) -> SAÚDE | AX7: =IF(BC7="","",INDEX($AP$6:$AP$35,BC7)) -> 14 | AY7: =IF(BC7="","",INDEX($AQ$6:$AQ$35,BC7)) -> 10 | AZ7: =IF(BC7="","",INDEX($AR$6:$AR$35,BC7)) -> 4 | BA7: =IF(BC7="","",INDEX($AS$6:$AS$35,BC7)) -> 3 | BB7: =IF(BC7="","",IFERROR(AX7/SUM($AP$6:$AP$35),0)) -> 0.14583333 | BC7: =IF(LARGE($AT$6:$AT$35,AV7)<0,"",MATCH(LARGE($AT$6:$AT$35,AV7),$AT$6:$AT$35,0)) -> 3 | BF7: =IF(AND(OR(PROCESSOS!N7="NO PRAZO",PROCESSOS!N7="VENCE EM BREVE"),OR(FiltroResp="TODOS",FiltroResp="",PROCESSOS!H7=FiltroResp)),PROCESSOS!L7+ROW()/1000000,"") | BG7: =IF(AND(PROCESSOS!B7<>"",ISNUMBER(PROCESSOS!D7),OR(FiltroResp="TODOS",FiltroResp="",PROCESSOS!H7=FiltroResp)),PROCESSOS!D7+ROW()/1000000,"") -> 46071 | BI7: 3 | BJ7: =IFERROR(MATCH(SMALL(hProx,BI7),hProx,0),"") -> 88 | BK7: =IFERROR(MATCH(LARGE(hUlt,BI7),hUlt,0),"") -> 94
E8: =IF(CADASTROS!$D$8="","",CADASTROS!$D$8) -> CARLA MENDES | G8: 2027 | L8: 3 | M8: MAR | N8: =COUNTIFS(rEmpresa,"<>",rResp,critResp,rDataFisc,">="&DATE(FiltroAno,L8,1),rDataFisc,"<"&DATE(FiltroAno,L8+1,1)) -> 4 | O8: =COUNTIFS(rEmpresa,"<>",rResp,critResp,rDataFisc,">="&DATE(FiltroAno,L8,1),rDataFisc,"<"&DATE(FiltroAno,L8+1,1),rNotif,"NOTIFICAÇÃO DE CONSTATAÇÃO") -> 4 | P8: =COUNTIFS(rEmpresa,"<>",rResp,critResp,rDataFisc,">="&DATE(FiltroAno,L8,1),rDataFisc,"<"&DATE(FiltroAno,L8+1,1),rNotif,"NOTIFICAÇÃO DE ESCLARECIMENTO") -> 0 | Q8: =COUNTIFS(rEmpresa,"<>",rResp,critResp,rDataFisc,">="&DATE(FiltroAno,L8,1),rDataFisc,"<"&DATE(FiltroAno,L8+1,1),rTipo,"PRESENCIAL") -> 3 | R8: =COUNTIFS(rEmpresa,"<>",rResp,critResp,rDataFisc,">="&DATE(FiltroAno,L8,1),rDataFisc,"<"&DATE(FiltroAno,L8+1,1),rTipo,"ELETRÔNICA") -> 1 | S8: =MetaMensal -> 12 | T8: =SUM($N$6:N8) -> 8 | U8: =SUM($S$6:S8) -> 36 | W8: =IF(CADASTROS!$D$8="","",CADASTROS!$D$8) -> CARLA MENDES | X8: =IF(W8="",0,COUNTIFS(rResp,W8,rEmpresa,"<>")) -> 15 | Y8: =IF(W8="",0,COUNTIFS(rResp,W8,rEmpresa,"<>",rStatus,"PRAZO D.P")) -> 3 | Z8: =IF(W8="",0,COUNTIFS(rResp,W8,rEmpresa,"<>",rStatus,"DECISÃO D.P")) -> 12 | AA8: =IF(W8="",0,COUNTIFS(rResp,W8,rEmpresa,"<>",rSit,"NO PRAZO")) -> 1 | AB8: =IF(W8="",0,COUNTIFS(rResp,W8,rEmpresa,"<>",rSit,"VENCE EM BREVE")) -> 2 | AC8: =IF(W8="",-1,X8+(100-ROW())/1000) -> 15.092 | AE8: 3 | AF8: =IF(AM8="","",INDEX($W$6:$W$20,AM8)) -> CARLA MENDES | AG8: =IF(AM8="","",INDEX($X$6:$X$20,AM8)) -> 15 | AH8: =IF(AM8="","",INDEX($Y$6:$Y$20,AM8)) -> 3 | AI8: =IF(AM8="","",INDEX($Z$6:$Z$20,AM8)) -> 12 | AJ8: =IF(AM8="","",INDEX($AA$6:$AA$20,AM8)) -> 1 | AK8: =IF(AM8="","",INDEX($AB$6:$AB$20,AM8)) -> 2 | AL8: =IF(AM8="","",IFERROR(AG8/SUM($X$6:$X$20),0)) -> 0.15625 | AM8: =IF(LARGE($AC$6:$AC$20,AE8)<0,"",MATCH(LARGE($AC$6:$AC$20,AE8),$AC$6:$AC$20,0)) -> 3 | AO8: =IF(CADASTROS!$B$8="","",CADASTROS!$B$8) -> SAÚDE | AP8: =IF(AO8="",0,COUNTIFS(rEmpresa,"<>",rResp,critResp,rRamo,AO8)) -> 14 | AQ8: =IF(AO8="",0,COUNTIFS(rEmpresa,"<>",rResp,critResp,rRamo,AO8,rNotif,"NOTIFICAÇÃO DE CONSTATAÇÃO")) -> 10 | AR8: =IF(AO8="",0,COUNTIFS(rEmpresa,"<>",rResp,critResp,rRamo,AO8,rNotif,"NOTIFICAÇÃO DE ESCLARECIMENTO")) -> 4 | AS8: =IF(AO8="",0,COUNTIFS(rEmpresa,"<>",rResp,critResp,rRamo,AO8,rStatus,"PRAZO D.P")) -> 3 | AT8: =IF(AO8="",-1,AP8+(100-ROW())/1000) -> 14.092 | AV8: 3 | AW8: =IF(BC8="","",INDEX($AO$6:$AO$35,BC8)) -> RESTAURANTE | AX8: =IF(BC8="","",INDEX($AP$6:$AP$35,BC8)) -> 11 | AY8: =IF(BC8="","",INDEX($AQ$6:$AQ$35,BC8)) -> 9 | AZ8: =IF(BC8="","",INDEX($AR$6:$AR$35,BC8)) -> 2 | BA8: =IF(BC8="","",INDEX($AS$6:$AS$35,BC8)) -> 2 | BB8: =IF(BC8="","",IFERROR(AX8/SUM($AP$6:$AP$35),0)) -> 0.11458333 | BC8: =IF(LARGE($AT$6:$AT$35,AV8)<0,"",MATCH(LARGE($AT$6:$AT$35,AV8),$AT$6:$AT$35,0)) -> 6 | BF8: =IF(AND(OR(PROCESSOS!N8="NO PRAZO",PROCESSOS!N8="VENCE EM BREVE"),OR(FiltroResp="TODOS",FiltroResp="",PROCESSOS!H8=FiltroResp)),PROCESSOS!L8+ROW()/1000000,"") | BG8: =IF(AND(PROCESSOS!B8<>"",ISNUMBER(PROCESSOS!D8),OR(FiltroResp="TODOS",FiltroResp="",PROCESSOS!H8=FiltroResp)),PROCESSOS!D8+ROW()/1000000,"") -> 46076 | BI8: 4 | BJ8: =IFERROR(MATCH(SMALL(hProx,BI8),hProx,0),"") -> 82 | BK8: =IFERROR(MATCH(LARGE(hUlt,BI8),hUlt,0),"") -> 93
E9: =IF(CADASTROS!$D$9="","",CADASTROS!$D$9) -> DIEGO RIBEIRO | G9: 2028 | L9: 4 | M9: ABR | N9: =COUNTIFS(rEmpresa,"<>",rResp,critResp,rDataFisc,">="&DATE(FiltroAno,L9,1),rDataFisc,"<"&DATE(FiltroAno,L9+1,1)) -> 4 | O9: =COUNTIFS(rEmpresa,"<>",rResp,critResp,rDataFisc,">="&DATE(FiltroAno,L9,1),rDataFisc,"<"&DATE(FiltroAno,L9+1,1),rNotif,"NOTIFICAÇÃO DE CONSTATAÇÃO") -> 2 | P9: =COUNTIFS(rEmpresa,"<>",rResp,critResp,rDataFisc,">="&DATE(FiltroAno,L9,1),rDataFisc,"<"&DATE(FiltroAno,L9+1,1),rNotif,"NOTIFICAÇÃO DE ESCLARECIMENTO") -> 2 | Q9: =COUNTIFS(rEmpresa,"<>",rResp,critResp,rDataFisc,">="&DATE(FiltroAno,L9,1),rDataFisc,"<"&DATE(FiltroAno,L9+1,1),rTipo,"PRESENCIAL") -> 3 | R9: =COUNTIFS(rEmpresa,"<>",rResp,critResp,rDataFisc,">="&DATE(FiltroAno,L9,1),rDataFisc,"<"&DATE(FiltroAno,L9+1,1),rTipo,"ELETRÔNICA") -> 1 | S9: =MetaMensal -> 12 | T9: =SUM($N$6:N9) -> 12 | U9: =SUM($S$6:S9) -> 48 | W9: =IF(CADASTROS!$D$9="","",CADASTROS!$D$9) -> DIEGO RIBEIRO | X9: =IF(W9="",0,COUNTIFS(rResp,W9,rEmpresa,"<>")) -> 24 | Y9: =IF(W9="",0,COUNTIFS(rResp,W9,rEmpresa,"<>",rStatus,"PRAZO D.P")) -> 10 | Z9: =IF(W9="",0,COUNTIFS(rResp,W9,rEmpresa,"<>",rStatus,"DECISÃO D.P")) -> 14 | AA9: =IF(W9="",0,COUNTIFS(rResp,W9,rEmpresa,"<>",rSit,"NO PRAZO")) -> 2 | AB9: =IF(W9="",0,COUNTIFS(rResp,W9,rEmpresa,"<>",rSit,"VENCE EM BREVE")) -> 4 | AC9: =IF(W9="",-1,X9+(100-ROW())/1000) -> 24.091 | AE9: 4 | AF9: =IF(AM9="","",INDEX($W$6:$W$20,AM9)) -> EDUARDA LIMA | AG9: =IF(AM9="","",INDEX($X$6:$X$20,AM9)) -> 13 | AH9: =IF(AM9="","",INDEX($Y$6:$Y$20,AM9)) -> 4 | AI9: =IF(AM9="","",INDEX($Z$6:$Z$20,AM9)) -> 9 | AJ9: =IF(AM9="","",INDEX($AA$6:$AA$20,AM9)) -> 0 | AK9: =IF(AM9="","",INDEX($AB$6:$AB$20,AM9)) -> 0 | AL9: =IF(AM9="","",IFERROR(AG9/SUM($X$6:$X$20),0)) -> 0.13541667 | AM9: =IF(LARGE($AC$6:$AC$20,AE9)<0,"",MATCH(LARGE($AC$6:$AC$20,AE9),$AC$6:$AC$20,0)) -> 5 | AO9: =IF(CADASTROS!$B$9="","",CADASTROS!$B$9) -> ACADEMIA | AP9: =IF(AO9="",0,COUNTIFS(rEmpresa,"<>",rResp,critResp,rRamo,AO9)) -> 6 | AQ9: =IF(AO9="",0,COUNTIFS(rEmpresa,"<>",rResp,critResp,rRamo,AO9,rNotif,"NOTIFICAÇÃO DE CONSTATAÇÃO")) -> 5 | AR9: =IF(AO9="",0,COUNTIFS(rEmpresa,"<>",rResp,critResp,rRamo,AO9,rNotif,"NOTIFICAÇÃO DE ESCLARECIMENTO")) -> 1 | AS9: =IF(AO9="",0,COUNTIFS(rEmpresa,"<>",rResp,critResp,rRamo,AO9,rStatus,"PRAZO D.P")) -> 2 | AT9: =IF(AO9="",-1,AP9+(100-ROW())/1000) -> 6.091 | AV9: 4 | AW9: =IF(BC9="","",INDEX($AO$6:$AO$35,BC9)) -> SUPERMERCADO | AX9: =IF(BC9="","",INDEX($AP$6:$AP$35,BC9)) -> 10 | AY9: =IF(BC9="","",INDEX($AQ$6:$AQ$35,BC9)) -> 6 | AZ9: =IF(BC9="","",INDEX($AR$6:$AR$35,BC9)) -> 4 | BA9: =IF(BC9="","",INDEX($AS$6:$AS$35,BC9)) -> 2 | BB9: =IF(BC9="","",IFERROR(AX9/SUM($AP$6:$AP$35),0)) -> 0.10416667 | BC9: =IF(LARGE($AT$6:$AT$35,AV9)<0,"",MATCH(LARGE($AT$6:$AT$35,AV9),$AT$6:$AT$35,0)) -> 5 | BF9: =IF(AND(OR(PROCESSOS!N9="NO PRAZO",PROCESSOS!N9="VENCE EM BREVE"),OR(FiltroResp="TODOS",FiltroResp="",PROCESSOS!H9=FiltroResp)),PROCESSOS!L9+ROW()/1000000,"") | BG9: =IF(AND(PROCESSOS!B9<>"",ISNUMBER(PROCESSOS!D9),OR(FiltroResp="TODOS",FiltroResp="",PROCESSOS!H9=FiltroResp)),PROCESSOS!D9+ROW()/1000000,"") -> 46082 | BI9: 5 | BJ9: =IFERROR(MATCH(SMALL(hProx,BI9),hProx,0),"") -> 90 | BK9: =IFERROR(MATCH(LARGE(hUlt,BI9),hUlt,0),"") -> 92
E10: =IF(CADASTROS!$D$10="","",CADASTROS!$D$10) -> EDUARDA LIMA | G10: 2029 | I10: SITUAÇÃO | L10: 5 | M10: MAI | N10: =COUNTIFS(rEmpresa,"<>",rResp,critResp,rDataFisc,">="&DATE(FiltroAno,L10,1),rDataFisc,"<"&DATE(FiltroAno,L10+1,1)) -> 13 | O10: =COUNTIFS(rEmpresa,"<>",rResp,critResp,rDataFisc,">="&DATE(FiltroAno,L10,1),rDataFisc,"<"&DATE(FiltroAno,L10+1,1),rNotif,"NOTIFICAÇÃO DE CONSTATAÇÃO") -> 9 | P10: =COUNTIFS(rEmpresa,"<>",rResp,critResp,rDataFisc,">="&DATE(FiltroAno,L10,1),rDataFisc,"<"&DATE(FiltroAno,L10+1,1),rNotif,"NOTIFICAÇÃO DE ESCLARECIMENTO") -> 4 | Q10: =COUNTIFS(rEmpresa,"<>",rResp,critResp,rDataFisc,">="&DATE(FiltroAno,L10,1),rDataFisc,"<"&DATE(FiltroAno,L10+1,1),rTipo,"PRESENCIAL") -> 9 | R10: =COUNTIFS(rEmpresa,"<>",rResp,critResp,rDataFisc,">="&DATE(FiltroAno,L10,1),rDataFisc,"<"&DATE(FiltroAno,L10+1,1),rTipo,"ELETRÔNICA") -> 4 | S10: =MetaMensal -> 12 | T10: =SUM($N$6:N10) -> 25 | U10: =SUM($S$6:S10) -> 60 | W10: =IF(CADASTROS!$D$10="","",CADASTROS!$D$10) -> EDUARDA LIMA | X10: =IF(W10="",0,COUNTIFS(rResp,W10,rEmpresa,"<>")) -> 13 | Y10: =IF(W10="",0,COUNTIFS(rResp,W10,rEmpresa,"<>",rStatus,"PRAZO D.P")) -> 4 | Z10: =IF(W10="",0,COUNTIFS(rResp,W10,rEmpresa,"<>",rStatus,"DECISÃO D.P")) -> 9 | AA10: =IF(W10="",0,COUNTIFS(rResp,W10,rEmpresa,"<>",rSit,"NO PRAZO")) -> 0 | AB10: =IF(W10="",0,COUNTIFS(rResp,W10,rEmpresa,"<>",rSit,"VENCE EM BREVE")) -> 0 | AC10: =IF(W10="",-1,X10+(100-ROW())/1000) -> 13.09 | AE10: 5 | AF10: =IF(AM10="","",INDEX($W$6:$W$20,AM10)) -> ANA PAULA SOUZA | AG10: =IF(AM10="","",INDEX($X$6:$X$20,AM10)) -> 10 | AH10: =IF(AM10="","",INDEX($Y$6:$Y$20,AM10)) -> 2 | AI10: =IF(AM10="","",INDEX($Z$6:$Z$20,AM10)) -> 8 | AJ10: =IF(AM10="","",INDEX($AA$6:$AA$20,AM10)) -> 0 | AK10: =IF(AM10="","",INDEX($AB$6:$AB$20,AM10)) -> 0 | AL10: =IF(AM10="","",IFERROR(AG10/SUM($X$6:$X$20),0)) -> 0.10416667 | AM10: =IF(LARGE($AC$6:$AC$20,AE10)<0,"",MATCH(LARGE($AC$6:$AC$20,AE10),$AC$6:$AC$20,0)) -> 1 | AO10: =IF(CADASTROS!$B$10="","",CADASTROS!$B$10) -> SUPERMERCADO | AP10: =IF(AO10="",0,COUNTIFS(rEmpresa,"<>",rResp,critResp,rRamo,AO10)) -> 10 | AQ10: =IF(AO10="",0,COUNTIFS(rEmpresa,"<>",rResp,critResp,rRamo,AO10,rNotif,"NOTIFICAÇÃO DE CONSTATAÇÃO")) -> 6 | AR10: =IF(AO10="",0,COUNTIFS(rEmpresa,"<>",rResp,critResp,rRamo,AO10,rNotif,"NOTIFICAÇÃO DE ESCLARECIMENTO")) -> 4 | AS10: =IF(AO10="",0,COUNTIFS(rEmpresa,"<>",rResp,critResp,rRamo,AO10,rStatus,"PRAZO D.P")) -> 2 | AT10: =IF(AO10="",-1,AP10+(100-ROW())/1000) -> 10.09 | AV10: 5 | AW10: =IF(BC10="","",INDEX($AO$6:$AO$35,BC10)) -> POSTO DE COMBUSTÍVEL | AX10: =IF(BC10="","",INDEX($AP$6:$AP$35,BC10)) -> 8 | AY10: =IF(BC10="","",INDEX($AQ$6:$AQ$35,BC10)) -> 4 | AZ10: =IF(BC10="","",INDEX($AR$6:$AR$35,BC10)) -> 4 | BA10: =IF(BC10="","",INDEX($AS$6:$AS$35,BC10)) -> 2 | BB10: =IF(BC10="","",IFERROR(AX10/SUM($AP$6:$AP$35),0)) -> 0.083333333 | BC10: =IF(LARGE($AT$6:$AT$35,AV10)<0,"",MATCH(LARGE($AT$6:$AT$35,AV10),$AT$6:$AT$35,0)) -> 2 | BF10: =IF(AND(OR(PROCESSOS!N10="NO PRAZO",PROCESSOS!N10="VENCE EM BREVE"),OR(FiltroResp="TODOS",FiltroResp="",PROCESSOS!H10=FiltroResp)),PROCESSOS!L10+ROW()/1000000,"") | BG10: =IF(AND(PROCESSOS!B10<>"",ISNUMBER(PROCESSOS!D10),OR(FiltroResp="TODOS",FiltroResp="",PROCESSOS!H10=FiltroResp)),PROCESSOS!D10+ROW()/1000000,"") -> 46093 | BI10: 6 | BJ10: =IFERROR(MATCH(SMALL(hProx,BI10),hProx,0),"") -> 91 | BK10: =IFERROR(MATCH(LARGE(hUlt,BI10),hUlt,0),"") -> 91
E11: =IF(CADASTROS!$D$11="","",CADASTROS!$D$11) -> FELIPE ARAÚJO | G11: 2030 | I11: No prazo | J11: =COUNTIFS(rEmpresa,"<>",rResp,critResp,rSit,"NO PRAZO") -> 6 | L11: 6 | M11: JUN | N11: =COUNTIFS(rEmpresa,"<>",rResp,critResp,rDataFisc,">="&DATE(FiltroAno,L11,1),rDataFisc,"<"&DATE(FiltroAno,L11+1,1)) -> 9 | O11: =COUNTIFS(rEmpresa,"<>",rResp,critResp,rDataFisc,">="&DATE(FiltroAno,L11,1),rDataFisc,"<"&DATE(FiltroAno,L11+1,1),rNotif,"NOTIFICAÇÃO DE CONSTATAÇÃO") -> 6 | P11: =COUNTIFS(rEmpresa,"<>",rResp,critResp,rDataFisc,">="&DATE(FiltroAno,L11,1),rDataFisc,"<"&DATE(FiltroAno,L11+1,1),rNotif,"NOTIFICAÇÃO DE ESCLARECIMENTO") -> 3 | Q11: =COUNTIFS(rEmpresa,"<>",rResp,critResp,rDataFisc,">="&DATE(FiltroAno,L11,1),rDataFisc,"<"&DATE(FiltroAno,L11+1,1),rTipo,"PRESENCIAL") -> 6 | R11: =COUNTIFS(rEmpresa,"<>",rResp,critResp,rDataFisc,">="&DATE(FiltroAno,L11,1),rDataFisc,"<"&DATE(FiltroAno,L11+1,1),rTipo,"ELETRÔNICA") -> 3 | S11: =MetaMensal -> 12 | T11: =SUM($N$6:N11) -> 34 | U11: =SUM($S$6:S11) -> 72 | W11: =IF(CADASTROS!$D$11="","",CADASTROS!$D$11) -> FELIPE ARAÚJO | X11: =IF(W11="",0,COUNTIFS(rResp,W11,rEmpresa,"<>")) -> 8 | Y11: =IF(W11="",0,COUNTIFS(rResp,W11,rEmpresa,"<>",rStatus,"PRAZO D.P")) -> 1 | Z11: =IF(W11="",0,COUNTIFS(rResp,W11,rEmpresa,"<>",rStatus,"DECISÃO D.P")) -> 7 | AA11: =IF(W11="",0,COUNTIFS(rResp,W11,rEmpresa,"<>",rSit,"NO PRAZO")) -> 0 | AB11: =IF(W11="",0,COUNTIFS(rResp,W11,rEmpresa,"<>",rSit,"VENCE EM BREVE")) -> 0 | AC11: =IF(W11="",-1,X11+(100-ROW())/1000) -> 8.089 | AE11: 6 | AF11: =IF(AM11="","",INDEX($W$6:$W$20,AM11)) -> FELIPE ARAÚJO | AG11: =IF(AM11="","",INDEX($X$6:$X$20,AM11)) -> 8 | AH11: =IF(AM11="","",INDEX($Y$6:$Y$20,AM11)) -> 1 | AI11: =IF(AM11="","",INDEX($Z$6:$Z$20,AM11)) -> 7 | AJ11: =IF(AM11="","",INDEX($AA$6:$AA$20,AM11)) -> 0 | AK11: =IF(AM11="","",INDEX($AB$6:$AB$20,AM11)) -> 0 | AL11: =IF(AM11="","",IFERROR(AG11/SUM($X$6:$X$20),0)) -> 0.083333333 | AM11: =IF(LARGE($AC$6:$AC$20,AE11)<0,"",MATCH(LARGE($AC$6:$AC$20,AE11),$AC$6:$AC$20,0)) -> 6 | AO11: =IF(CADASTROS!$B$11="","",CADASTROS!$B$11) -> RESTAURANTE | AP11: =IF(AO11="",0,COUNTIFS(rEmpresa,"<>",rResp,critResp,rRamo,AO11)) -> 11 | AQ11: =IF(AO11="",0,COUNTIFS(rEmpresa,"<>",rResp,critResp,rRamo,AO11,rNotif,"NOTIFICAÇÃO DE CONSTATAÇÃO")) -> 9 | AR11: =IF(AO11="",0,COUNTIFS(rEmpresa,"<>",rResp,critResp,rRamo,AO11,rNotif,"NOTIFICAÇÃO DE ESCLARECIMENTO")) -> 2 | AS11: =IF(AO11="",0,COUNTIFS(rEmpresa,"<>",rResp,critResp,rRamo,AO11,rStatus,"PRAZO D.P")) -> 2 | AT11: =IF(AO11="",-1,AP11+(100-ROW())/1000) -> 11.089 | AV11: 6 | AW11: =IF(BC11="","",INDEX($AO$6:$AO$35,BC11)) -> BANCO | AX11: =IF(BC11="","",INDEX($AP$6:$AP$35,BC11)) -> 8 | AY11: =IF(BC11="","",INDEX($AQ$6:$AQ$35,BC11)) -> 5 | AZ11: =IF(BC11="","",INDEX($AR$6:$AR$35,BC11)) -> 3 | BA11: =IF(BC11="","",INDEX($AS$6:$AS$35,BC11)) -> 2 | BB11: =IF(BC11="","",IFERROR(AX11/SUM($AP$6:$AP$35),0)) -> 0.083333333 | BC11: =IF(LARGE($AT$6:$AT$35,AV11)<0,"",MATCH(LARGE($AT$6:$AT$35,AV11),$AT$6:$AT$35,0)) -> 8 | BF11: =IF(AND(OR(PROCESSOS!N11="NO PRAZO",PROCESSOS!N11="VENCE EM BREVE"),OR(FiltroResp="TODOS",FiltroResp="",PROCESSOS!H11=FiltroResp)),PROCESSOS!L11+ROW()/1000000,"") | BG11: =IF(AND(PROCESSOS!B11<>"",ISNUMBER(PROCESSOS!D11),OR(FiltroResp="TODOS",FiltroResp="",PROCESSOS!H11=FiltroResp)),PROCESSOS!D11+ROW()/1000000,"") -> 46101 | BI11: 7 | BJ11: =IFERROR(MATCH(SMALL(hProx,BI11),hProx,0),"") -> 85 | BK11: =IFERROR(MATCH(LARGE(hUlt,BI11),hUlt,0),"") -> 90
E12: =IF(CADASTROS!$D$12="","",CADASTROS!$D$12) -> GABRIELA NUNES | G12: 2031 | I12: Vence em breve | J12: =COUNTIFS(rEmpresa,"<>",rResp,critResp,rSit,"VENCE EM BREVE") -> 6 | L12: 7 | M12: JUL | N12: =COUNTIFS(rEmpresa,"<>",rResp,critResp,rDataFisc,">="&DATE(FiltroAno,L12,1),rDataFisc,"<"&DATE(FiltroAno,L12+1,1)) -> 16 | O12: =COUNTIFS(rEmpresa,"<>",rResp,critResp,rDataFisc,">="&DATE(FiltroAno,L12,1),rDataFisc,"<"&DATE(FiltroAno,L12+1,1),rNotif,"NOTIFICAÇÃO DE CONSTATAÇÃO") -> 11 | P12: =COUNTIFS(rEmpresa,"<>",rResp,critResp,rDataFisc,">="&DATE(FiltroAno,L12,1),rDataFisc,"<"&DATE(FiltroAno,L12+1,1),rNotif,"NOTIFICAÇÃO DE ESCLARECIMENTO") -> 5 | Q12: =COUNTIFS(rEmpresa,"<>",rResp,critResp,rDataFisc,">="&DATE(FiltroAno,L12,1),rDataFisc,"<"&DATE(FiltroAno,L12+1,1),rTipo,"PRESENCIAL") -> 7 | R12: =COUNTIFS(rEmpresa,"<>",rResp,critResp,rDataFisc,">="&DATE(FiltroAno,L12,1),rDataFisc,"<"&DATE(FiltroAno,L12+1,1),rTipo,"ELETRÔNICA") -> 9 | S12: =MetaMensal -> 12 | T12: =SUM($N$6:N12) -> 50 | U12: =SUM($S$6:S12) -> 84 | W12: =IF(CADASTROS!$D$12="","",CADASTROS!$D$12) -> GABRIELA NUNES | X12: =IF(W12="",0,COUNTIFS(rResp,W12,rEmpresa,"<>")) -> 7 | Y12: =IF(W12="",0,COUNTIFS(rResp,W12,rEmpresa,"<>",rStatus,"PRAZO D.P")) -> 2 | Z12: =IF(W12="",0,COUNTIFS(rResp,W12,rEmpresa,"<>",rStatus,"DECISÃO D.P")) -> 5 | AA12: =IF(W12="",0,COUNTIFS(rResp,W12,rEmpresa,"<>",rSit,"NO PRAZO")) -> 2 | AB12: =IF(W12="",0,COUNTIFS(rResp,W12,rEmpresa,"<>",rSit,"VENCE EM BREVE")) -> 0 | AC12: =IF(W12="",-1,X12+(100-ROW())/1000) -> 7.088 | AE12: 7 | AF12: =IF(AM12="","",INDEX($W$6:$W$20,AM12)) -> GABRIELA NUNES | AG12: =IF(AM12="","",INDEX($X$6:$X$20,AM12)) -> 7 | AH12: =IF(AM12="","",INDEX($Y$6:$Y$20,AM12)) -> 2 | AI12: =IF(AM12="","",INDEX($Z$6:$Z$20,AM12)) -> 5 | AJ12: =IF(AM12="","",INDEX($AA$6:$AA$20,AM12)) -> 2 | AK12: =IF(AM12="","",INDEX($AB$6:$AB$20,AM12)) -> 0 | AL12: =IF(AM12="","",IFERROR(AG12/SUM($X$6:$X$20),0)) -> 0.072916667 | AM12: =IF(LARGE($AC$6:$AC$20,AE12)<0,"",MATCH(LARGE($AC$6:$AC$20,AE12),$AC$6:$AC$20,0)) -> 7 | AO12: =IF(CADASTROS!$B$12="","",CADASTROS!$B$12) -> FARMÁCIA | AP12: =IF(AO12="",0,COUNTIFS(rEmpresa,"<>",rResp,critResp,rRamo,AO12)) -> 6 | AQ12: =IF(AO12="",0,COUNTIFS(rEmpresa,"<>",rResp,critResp,rRamo,AO12,rNotif,"NOTIFICAÇÃO DE CONSTATAÇÃO")) -> 6 | AR12: =IF(AO12="",0,COUNTIFS(rEmpresa,"<>",rResp,critResp,rRamo,AO12,rNotif,"NOTIFICAÇÃO DE ESCLARECIMENTO")) -> 0 | AS12: =IF(AO12="",0,COUNTIFS(rEmpresa,"<>",rResp,critResp,rRamo,AO12,rStatus,"PRAZO D.P")) -> 3 | AT12: =IF(AO12="",-1,AP12+(100-ROW())/1000) -> 6.088 | AV12: 7 | AW12: =IF(BC12="","",INDEX($AO$6:$AO$35,BC12)) -> ACADEMIA | AX12: =IF(BC12="","",INDEX($AP$6:$AP$35,BC12)) -> 6 | AY12: =IF(BC12="","",INDEX($AQ$6:$AQ$35,BC12)) -> 5 | AZ12: =IF(BC12="","",INDEX($AR$6:$AR$35,BC12)) -> 1 | BA12: =IF(BC12="","",INDEX($AS$6:$AS$35,BC12)) -> 2 | BB12: =IF(BC12="","",IFERROR(AX12/SUM($AP$6:$AP$35),0)) -> 0.0625 | BC12: =IF(LARGE($AT$6:$AT$35,AV12)<0,"",MATCH(LARGE($AT$6:$AT$35,AV12),$AT$6:$AT$35,0)) -> 4 | BF12: =IF(AND(OR(PROCESSOS!N12="NO PRAZO",PROCESSOS!N12="VENCE EM BREVE"),OR(FiltroResp="TODOS",FiltroResp="",PROCESSOS!H12=FiltroResp)),PROCESSOS!L12+ROW()/1000000,"") | BG12: =IF(AND(PROCESSOS!B12<>"",ISNUMBER(PROCESSOS!D12),OR(FiltroResp="TODOS",FiltroResp="",PROCESSOS!H12=FiltroResp)),PROCESSOS!D12+ROW()/1000000,"") -> 46110 | BI12: 8 | BJ12: =IFERROR(MATCH(SMALL(hProx,BI12),hProx,0),"") -> 86 | BK12: =IFERROR(MATCH(LARGE(hUlt,BI12),hUlt,0),"") -> 89
E13: =IF(CADASTROS!$D$13="","",CADASTROS!$D$13) -> HENRIQUE COSTA | G13: 2032 | I13: Em decisão | J13: =COUNTIFS(rEmpresa,"<>",rResp,critResp,rSit,"EM DECISÃO") -> 67 | L13: 8 | M13: AGO | N13: =COUNTIFS(rEmpresa,"<>",rResp,critResp,rDataFisc,">="&DATE(FiltroAno,L13,1),rDataFisc,"<"&DATE(FiltroAno,L13+1,1)) -> 13 | O13: =COUNTIFS(rEmpresa,"<>",rResp,critResp,rDataFisc,">="&DATE(FiltroAno,L13,1),rDataFisc,"<"&DATE(FiltroAno,L13+1,1),rNotif,"NOTIFICAÇÃO DE CONSTATAÇÃO") -> 7 | P13: =COUNTIFS(rEmpresa,"<>",rResp,critResp,rDataFisc,">="&DATE(FiltroAno,L13,1),rDataFisc,"<"&DATE(FiltroAno,L13+1,1),rNotif,"NOTIFICAÇÃO DE ESCLARECIMENTO") -> 6 | Q13: =COUNTIFS(rEmpresa,"<>",rResp,critResp,rDataFisc,">="&DATE(FiltroAno,L13,1),rDataFisc,"<"&DATE(FiltroAno,L13+1,1),rTipo,"PRESENCIAL") -> 7 | R13: =COUNTIFS(rEmpresa,"<>",rResp,critResp,rDataFisc,">="&DATE(FiltroAno,L13,1),rDataFisc,"<"&DATE(FiltroAno,L13+1,1),rTipo,"ELETRÔNICA") -> 6 | S13: =MetaMensal -> 12 | T13: =SUM($N$6:N13) -> 63 | U13: =SUM($S$6:S13) -> 96 | W13: =IF(CADASTROS!$D$13="","",CADASTROS!$D$13) -> HENRIQUE COSTA | X13: =IF(W13="",0,COUNTIFS(rResp,W13,rEmpresa,"<>")) -> 3 | Y13: =IF(W13="",0,COUNTIFS(rResp,W13,rEmpresa,"<>",rStatus,"PRAZO D.P")) -> 0 | Z13: =IF(W13="",0,COUNTIFS(rResp,W13,rEmpresa,"<>",rStatus,"DECISÃO D.P")) -> 3 | AA13: =IF(W13="",0,COUNTIFS(rResp,W13,rEmpresa,"<>",rSit,"NO PRAZO")) -> 0 | AB13: =IF(W13="",0,COUNTIFS(rResp,W13,rEmpresa,"<>",rSit,"VENCE EM BREVE")) -> 0 | AC13: =IF(W13="",-1,X13+(100-ROW())/1000) -> 3.087 | AE13: 8 | AF13: =IF(AM13="","",INDEX($W$6:$W$20,AM13)) -> HENRIQUE COSTA | AG13: =IF(AM13="","",INDEX($X$6:$X$20,AM13)) -> 3 | AH13: =IF(AM13="","",INDEX($Y$6:$Y$20,AM13)) -> 0 | AI13: =IF(AM13="","",INDEX($Z$6:$Z$20,AM13)) -> 3 | AJ13: =IF(AM13="","",INDEX($AA$6:$AA$20,AM13)) -> 0 | AK13: =IF(AM13="","",INDEX($AB$6:$AB$20,AM13)) -> 0 | AL13: =IF(AM13="","",IFERROR(AG13/SUM($X$6:$X$20),0)) -> 0.03125 | AM13: =IF(LARGE($AC$6:$AC$20,AE13)<0,"",MATCH(LARGE($AC$6:$AC$20,AE13),$AC$6:$AC$20,0)) -> 8 | AO13: =IF(CADASTROS!$B$13="","",CADASTROS!$B$13) -> BANCO | AP13: =IF(AO13="",0,COUNTIFS(rEmpresa,"<>",rResp,critResp,rRamo,AO13)) -> 8 | AQ13: =IF(AO13="",0,COUNTIFS(rEmpresa,"<>",rResp,critResp,rRamo,AO13,rNotif,"NOTIFICAÇÃO DE CONSTATAÇÃO")) -> 5 | AR13: =IF(AO13="",0,COUNTIFS(rEmpresa,"<>",rResp,critResp,rRamo,AO13,rNotif,"NOTIFICAÇÃO DE ESCLARECIMENTO")) -> 3 | AS13: =IF(AO13="",0,COUNTIFS(rEmpresa,"<>",rResp,critResp,rRamo,AO13,rStatus,"PRAZO D.P")) -> 2 | AT13: =IF(AO13="",-1,AP13+(100-ROW())/1000) -> 8.087 | AV13: 8 | AW13: =IF(BC13="","",INDEX($AO$6:$AO$35,BC13)) -> FARMÁCIA | AX13: =IF(BC13="","",INDEX($AP$6:$AP$35,BC13)) -> 6 | AY13: =IF(BC13="","",INDEX($AQ$6:$AQ$35,BC13)) -> 6 | AZ13: =IF(BC13="","",INDEX($AR$6:$AR$35,BC13)) -> 0 | BA13: =IF(BC13="","",INDEX($AS$6:$AS$35,BC13)) -> 3 | BB13: =IF(BC13="","",IFERROR(AX13/SUM($AP$6:$AP$35),0)) -> 0.0625 | BC13: =IF(LARGE($AT$6:$AT$35,AV13)<0,"",MATCH(LARGE($AT$6:$AT$35,AV13),$AT$6:$AT$35,0)) -> 7 | BF13: =IF(AND(OR(PROCESSOS!N13="NO PRAZO",PROCESSOS!N13="VENCE EM BREVE"),OR(FiltroResp="TODOS",FiltroResp="",PROCESSOS!H13=FiltroResp)),PROCESSOS!L13+ROW()/1000000,"") | BG13: =IF(AND(PROCESSOS!B13<>"",ISNUMBER(PROCESSOS!D13),OR(FiltroResp="TODOS",FiltroResp="",PROCESSOS!H13=FiltroResp)),PROCESSOS!D13+ROW()/1000000,"") -> 46121 | BI13: 9 | BJ13: =IFERROR(MATCH(SMALL(hProx,BI13),hProx,0),"") -> 89 | BK13: =IFERROR(MATCH(LARGE(hUlt,BI13),hUlt,0),"") -> 88
E14: =IF(CADASTROS!$D$14="","",CADASTROS!$D$14) | L14: 9 | M14: SET | N14: =COUNTIFS(rEmpresa,"<>",rResp,critResp,rDataFisc,">="&DATE(FiltroAno,L14,1),rDataFisc,"<"&DATE(FiltroAno,L14+1,1)) -> 23 | O14: =COUNTIFS(rEmpresa,"<>",rResp,critResp,rDataFisc,">="&DATE(FiltroAno,L14,1),rDataFisc,"<"&DATE(FiltroAno,L14+1,1),rNotif,"NOTIFICAÇÃO DE CONSTATAÇÃO") -> 15 | P14: =COUNTIFS(rEmpresa,"<>",rResp,critResp,rDataFisc,">="&DATE(FiltroAno,L14,1),rDataFisc,"<"&DATE(FiltroAno,L14+1,1),rNotif,"NOTIFICAÇÃO DE ESCLARECIMENTO") -> 8 | Q14: =COUNTIFS(rEmpresa,"<>",rResp,critResp,rDataFisc,">="&DATE(FiltroAno,L14,1),rDataFisc,"<"&DATE(FiltroAno,L14+1,1),rTipo,"PRESENCIAL") -> 14 | R14: =COUNTIFS(rEmpresa,"<>",rResp,critResp,rDataFisc,">="&DATE(FiltroAno,L14,1),rDataFisc,"<"&DATE(FiltroAno,L14+1,1),rTipo,"ELETRÔNICA") -> 9 | S14: =MetaMensal -> 12 | T14: =SUM($N$6:N14) -> 86 | U14: =SUM($S$6:S14) -> 108 | W14: =IF(CADASTROS!$D$14="","",CADASTROS!$D$14) | X14: =IF(W14="",0,COUNTIFS(rResp,W14,rEmpresa,"<>")) -> 0 | Y14: =IF(W14="",0,COUNTIFS(rResp,W14,rEmpresa,"<>",rStatus,"PRAZO D.P")) -> 0 | Z14: =IF(W14="",0,COUNTIFS(rResp,W14,rEmpresa,"<>",rStatus,"DECISÃO D.P")) -> 0 | AA14: =IF(W14="",0,COUNTIFS(rResp,W14,rEmpresa,"<>",rSit,"NO PRAZO")) -> 0 | AB14: =IF(W14="",0,COUNTIFS(rResp,W14,rEmpresa,"<>",rSit,"VENCE EM BREVE")) -> 0 | AC14: =IF(W14="",-1,X14+(100-ROW())/1000) -> -1 | AE14: 9 | AF14: =IF(AM14="","",INDEX($W$6:$W$20,AM14)) | AG14: =IF(AM14="","",INDEX($X$6:$X$20,AM14)) | AH14: =IF(AM14="","",INDEX($Y$6:$Y$20,AM14)) | AI14: =IF(AM14="","",INDEX($Z$6:$Z$20,AM14)) | AJ14: =IF(AM14="","",INDEX($AA$6:$AA$20,AM14)) | AK14: =IF(AM14="","",INDEX($AB$6:$AB$20,AM14)) | AL14: =IF(AM14="","",IFERROR(AG14/SUM($X$6:$X$20),0)) | AM14: =IF(LARGE($AC$6:$AC$20,AE14)<0,"",MATCH(LARGE($AC$6:$AC$20,AE14),$AC$6:$AC$20,0)) | AO14: =IF(CADASTROS!$B$14="","",CADASTROS!$B$14) -> ESCOLA | AP14: =IF(AO14="",0,COUNTIFS(rEmpresa,"<>",rResp,critResp,rRamo,AO14)) -> 6 | AQ14: =IF(AO14="",0,COUNTIFS(rEmpresa,"<>",rResp,critResp,rRamo,AO14,rNotif,"NOTIFICAÇÃO DE CONSTATAÇÃO")) -> 3 | AR14: =IF(AO14="",0,COUNTIFS(rEmpresa,"<>",rResp,critResp,rRamo,AO14,rNotif,"NOTIFICAÇÃO DE ESCLARECIMENTO")) -> 3 | AS14: =IF(AO14="",0,COUNTIFS(rEmpresa,"<>",rResp,critResp,rRamo,AO14,rStatus,"PRAZO D.P")) -> 2 | AT14: =IF(AO14="",-1,AP14+(100-ROW())/1000) -> 6.086 | AV14: 9 | AW14: =IF(BC14="","",INDEX($AO$6:$AO$35,BC14)) -> ESCOLA | AX14: =IF(BC14="","",INDEX($AP$6:$AP$35,BC14)) -> 6 | AY14: =IF(BC14="","",INDEX($AQ$6:$AQ$35,BC14)) -> 3 | AZ14: =IF(BC14="","",INDEX($AR$6:$AR$35,BC14)) -> 3 | BA14: =IF(BC14="","",INDEX($AS$6:$AS$35,BC14)) -> 2 | BB14: =IF(BC14="","",IFERROR(AX14/SUM($AP$6:$AP$35),0)) -> 0.0625 | BC14: =IF(LARGE($AT$6:$AT$35,AV14)<0,"",MATCH(LARGE($AT$6:$AT$35,AV14),$AT$6:$AT$35,0)) -> 9 | BF14: =IF(AND(OR(PROCESSOS!N14="NO PRAZO",PROCESSOS!N14="VENCE EM BREVE"),OR(FiltroResp="TODOS",FiltroResp="",PROCESSOS!H14=FiltroResp)),PROCESSOS!L14+ROW()/1000000,"") | BG14: =IF(AND(PROCESSOS!B14<>"",ISNUMBER(PROCESSOS!D14),OR(FiltroResp="TODOS",FiltroResp="",PROCESSOS!H14=FiltroResp)),PROCESSOS!D14+ROW()/1000000,"") -> 46124 | BI14: 10 | BJ14: =IFERROR(MATCH(SMALL(hProx,BI14),hProx,0),"") -> 94 | BK14: =IFERROR(MATCH(LARGE(hUlt,BI14),hUlt,0),"") -> 87
E15: =IF(CADASTROS!$D$15="","",CADASTROS!$D$15) | L15: 10 | M15: OUT | N15: =COUNTIFS(rEmpresa,"<>",rResp,critResp,rDataFisc,">="&DATE(FiltroAno,L15,1),rDataFisc,"<"&DATE(FiltroAno,L15+1,1)) -> 10 | O15: =COUNTIFS(rEmpresa,"<>",rResp,critResp,rDataFisc,">="&DATE(FiltroAno,L15,1),rDataFisc,"<"&DATE(FiltroAno,L15+1,1),rNotif,"NOTIFICAÇÃO DE CONSTATAÇÃO") -> 4 | P15: =COUNTIFS(rEmpresa,"<>",rResp,critResp,rDataFisc,">="&DATE(FiltroAno,L15,1),rDataFisc,"<"&DATE(FiltroAno,L15+1,1),rNotif,"NOTIFICAÇÃO DE ESCLARECIMENTO") -> 6 | Q15: =COUNTIFS(rEmpresa,"<>",rResp,critResp,rDataFisc,">="&DATE(FiltroAno,L15,1),rDataFisc,"<"&DATE(FiltroAno,L15+1,1),rTipo,"PRESENCIAL") -> 6 | R15: =COUNTIFS(rEmpresa,"<>",rResp,critResp,rDataFisc,">="&DATE(FiltroAno,L15,1),rDataFisc,"<"&DATE(FiltroAno,L15+1,1),rTipo,"ELETRÔNICA") -> 4 | S15: =MetaMensal -> 12 | T15: =SUM($N$6:N15) -> 96 | U15: =SUM($S$6:S15) -> 120 | W15: =IF(CADASTROS!$D$15="","",CADASTROS!$D$15) | X15: =IF(W15="",0,COUNTIFS(rResp,W15,rEmpresa,"<>")) -> 0 | Y15: =IF(W15="",0,COUNTIFS(rResp,W15,rEmpresa,"<>",rStatus,"PRAZO D.P")) -> 0 | Z15: =IF(W15="",0,COUNTIFS(rResp,W15,rEmpresa,"<>",rStatus,"DECISÃO D.P")) -> 0 | AA15: =IF(W15="",0,COUNTIFS(rResp,W15,rEmpresa,"<>",rSit,"NO PRAZO")) -> 0 | AB15: =IF(W15="",0,COUNTIFS(rResp,W15,rEmpresa,"<>",rSit,"VENCE EM BREVE")) -> 0 | AC15: =IF(W15="",-1,X15+(100-ROW())/1000) -> -1 | AE15: 10 | AF15: =IF(AM15="","",INDEX($W$6:$W$20,AM15)) | AG15: =IF(AM15="","",INDEX($X$6:$X$20,AM15)) | AH15: =IF(AM15="","",INDEX($Y$6:$Y$20,AM15)) | AI15: =IF(AM15="","",INDEX($Z$6:$Z$20,AM15)) | AJ15: =IF(AM15="","",INDEX($AA$6:$AA$20,AM15)) | AK15: =IF(AM15="","",INDEX($AB$6:$AB$20,AM15)) | AL15: =IF(AM15="","",IFERROR(AG15/SUM($X$6:$X$20),0)) | AM15: =IF(LARGE($AC$6:$AC$20,AE15)<0,"",MATCH(LARGE($AC$6:$AC$20,AE15),$AC$6:$AC$20,0)) | AO15: =IF(CADASTROS!$B$15="","",CADASTROS!$B$15) -> TELEFONIA | AP15: =IF(AO15="",0,COUNTIFS(rEmpresa,"<>",rResp,critResp,rRamo,AO15)) -> 5 | AQ15: =IF(AO15="",0,COUNTIFS(rEmpresa,"<>",rResp,critResp,rRamo,AO15,rNotif,"NOTIFICAÇÃO DE CONSTATAÇÃO")) -> 3 | AR15: =IF(AO15="",0,COUNTIFS(rEmpresa,"<>",rResp,critResp,rRamo,AO15,rNotif,"NOTIFICAÇÃO DE ESCLARECIMENTO")) -> 2 | AS15: =IF(AO15="",0,COUNTIFS(rEmpresa,"<>",rResp,critResp,rRamo,AO15,rStatus,"PRAZO D.P")) -> 1 | AT15: =IF(AO15="",-1,AP15+(100-ROW())/1000) -> 5.085 | AV15: 10 | AW15: =IF(BC15="","",INDEX($AO$6:$AO$35,BC15)) -> CONCESSIONÁRIA | AX15: =IF(BC15="","",INDEX($AP$6:$AP$35,BC15)) -> 6 | AY15: =IF(BC15="","",INDEX($AQ$6:$AQ$35,BC15)) -> 3 | AZ15: =IF(BC15="","",INDEX($AR$6:$AR$35,BC15)) -> 3 | BA15: =IF(BC15="","",INDEX($AS$6:$AS$35,BC15)) -> 2 | BB15: =IF(BC15="","",IFERROR(AX15/SUM($AP$6:$AP$35),0)) -> 0.0625 | BC15: =IF(LARGE($AT$6:$AT$35,AV15)<0,"",MATCH(LARGE($AT$6:$AT$35,AV15),$AT$6:$AT$35,0)) -> 11 | BF15: =IF(AND(OR(PROCESSOS!N15="NO PRAZO",PROCESSOS!N15="VENCE EM BREVE"),OR(FiltroResp="TODOS",FiltroResp="",PROCESSOS!H15=FiltroResp)),PROCESSOS!L15+ROW()/1000000,"") | BG15: =IF(AND(PROCESSOS!B15<>"",ISNUMBER(PROCESSOS!D15),OR(FiltroResp="TODOS",FiltroResp="",PROCESSOS!H15=FiltroResp)),PROCESSOS!D15+ROW()/1000000,"") -> 46124
E16: =IF(CADASTROS!$D$16="","",CADASTROS!$D$16) | L16: 11 | M16: NOV | N16: =COUNTIFS(rEmpresa,"<>",rResp,critResp,rDataFisc,">="&DATE(FiltroAno,L16,1),rDataFisc,"<"&DATE(FiltroAno,L16+1,1)) -> 0 | O16: =COUNTIFS(rEmpresa,"<>",rResp,critResp,rDataFisc,">="&DATE(FiltroAno,L16,1),rDataFisc,"<"&DATE(FiltroAno,L16+1,1),rNotif,"NOTIFICAÇÃO DE CONSTATAÇÃO") -> 0 | P16: =COUNTIFS(rEmpresa,"<>",rResp,critResp,rDataFisc,">="&DATE(FiltroAno,L16,1),rDataFisc,"<"&DATE(FiltroAno,L16+1,1),rNotif,"NOTIFICAÇÃO DE ESCLARECIMENTO") -> 0 | Q16: =COUNTIFS(rEmpresa,"<>",rResp,critResp,rDataFisc,">="&DATE(FiltroAno,L16,1),rDataFisc,"<"&DATE(FiltroAno,L16+1,1),rTipo,"PRESENCIAL") -> 0 | R16: =COUNTIFS(rEmpresa,"<>",rResp,critResp,rDataFisc,">="&DATE(FiltroAno,L16,1),rDataFisc,"<"&DATE(FiltroAno,L16+1,1),rTipo,"ELETRÔNICA") -> 0 | S16: =MetaMensal -> 12 | T16: =SUM($N$6:N16) -> 96 | U16: =SUM($S$6:S16) -> 132 | W16: =IF(CADASTROS!$D$16="","",CADASTROS!$D$16) | X16: =IF(W16="",0,COUNTIFS(rResp,W16,rEmpresa,"<>")) -> 0 | Y16: =IF(W16="",0,COUNTIFS(rResp,W16,rEmpresa,"<>",rStatus,"PRAZO D.P")) -> 0 | Z16: =IF(W16="",0,COUNTIFS(rResp,W16,rEmpresa,"<>",rStatus,"DECISÃO D.P")) -> 0 | AA16: =IF(W16="",0,COUNTIFS(rResp,W16,rEmpresa,"<>",rSit,"NO PRAZO")) -> 0 | AB16: =IF(W16="",0,COUNTIFS(rResp,W16,rEmpresa,"<>",rSit,"VENCE EM BREVE")) -> 0 | AC16: =IF(W16="",-1,X16+(100-ROW())/1000) -> -1 | AE16: 11 | AF16: =IF(AM16="","",INDEX($W$6:$W$20,AM16)) | AG16: =IF(AM16="","",INDEX($X$6:$X$20,AM16)) | AH16: =IF(AM16="","",INDEX($Y$6:$Y$20,AM16)) | AI16: =IF(AM16="","",INDEX($Z$6:$Z$20,AM16)) | AJ16: =IF(AM16="","",INDEX($AA$6:$AA$20,AM16)) | AK16: =IF(AM16="","",INDEX($AB$6:$AB$20,AM16)) | AL16: =IF(AM16="","",IFERROR(AG16/SUM($X$6:$X$20),0)) | AM16: =IF(LARGE($AC$6:$AC$20,AE16)<0,"",MATCH(LARGE($AC$6:$AC$20,AE16),$AC$6:$AC$20,0)) | AO16: =IF(CADASTROS!$B$16="","",CADASTROS!$B$16) -> CONCESSIONÁRIA | AP16: =IF(AO16="",0,COUNTIFS(rEmpresa,"<>",rResp,critResp,rRamo,AO16)) -> 6 | AQ16: =IF(AO16="",0,COUNTIFS(rEmpresa,"<>",rResp,critResp,rRamo,AO16,rNotif,"NOTIFICAÇÃO DE CONSTATAÇÃO")) -> 3 | AR16: =IF(AO16="",0,COUNTIFS(rEmpresa,"<>",rResp,critResp,rRamo,AO16,rNotif,"NOTIFICAÇÃO DE ESCLARECIMENTO")) -> 3 | AS16: =IF(AO16="",0,COUNTIFS(rEmpresa,"<>",rResp,critResp,rRamo,AO16,rStatus,"PRAZO D.P")) -> 2 | AT16: =IF(AO16="",-1,AP16+(100-ROW())/1000) -> 6.084 | AV16: 11 | AW16: =IF(BC16="","",INDEX($AO$6:$AO$35,BC16)) -> TELEFONIA | AX16: =IF(BC16="","",INDEX($AP$6:$AP$35,BC16)) -> 5 | AY16: =IF(BC16="","",INDEX($AQ$6:$AQ$35,BC16)) -> 3 | AZ16: =IF(BC16="","",INDEX($AR$6:$AR$35,BC16)) -> 2 | BA16: =IF(BC16="","",INDEX($AS$6:$AS$35,BC16)) -> 1 | BB16: =IF(BC16="","",IFERROR(AX16/SUM($AP$6:$AP$35),0)) -> 0.052083333 | BC16: =IF(LARGE($AT$6:$AT$35,AV16)<0,"",MATCH(LARGE($AT$6:$AT$35,AV16),$AT$6:$AT$35,0)) -> 10 | BF16: =IF(AND(OR(PROCESSOS!N16="NO PRAZO",PROCESSOS!N16="VENCE EM BREVE"),OR(FiltroResp="TODOS",FiltroResp="",PROCESSOS!H16=FiltroResp)),PROCESSOS!L16+ROW()/1000000,"") | BG16: =IF(AND(PROCESSOS!B16<>"",ISNUMBER(PROCESSOS!D16),OR(FiltroResp="TODOS",FiltroResp="",PROCESSOS!H16=FiltroResp)),PROCESSOS!D16+ROW()/1000000,"") -> 46137
E17: =IF(CADASTROS!$D$17="","",CADASTROS!$D$17) | I17: NOTIFICAÇÃO | L17: 12 | M17: DEZ | N17: =COUNTIFS(rEmpresa,"<>",rResp,critResp,rDataFisc,">="&DATE(FiltroAno,L17,1),rDataFisc,"<"&DATE(FiltroAno,L17+1,1)) -> 0 | O17: =COUNTIFS(rEmpresa,"<>",rResp,critResp,rDataFisc,">="&DATE(FiltroAno,L17,1),rDataFisc,"<"&DATE(FiltroAno,L17+1,1),rNotif,"NOTIFICAÇÃO DE CONSTATAÇÃO") -> 0 | P17: =COUNTIFS(rEmpresa,"<>",rResp,critResp,rDataFisc,">="&DATE(FiltroAno,L17,1),rDataFisc,"<"&DATE(FiltroAno,L17+1,1),rNotif,"NOTIFICAÇÃO DE ESCLARECIMENTO") -> 0 | Q17: =COUNTIFS(rEmpresa,"<>",rResp,critResp,rDataFisc,">="&DATE(FiltroAno,L17,1),rDataFisc,"<"&DATE(FiltroAno,L17+1,1),rTipo,"PRESENCIAL") -> 0 | R17: =COUNTIFS(rEmpresa,"<>",rResp,critResp,rDataFisc,">="&DATE(FiltroAno,L17,1),rDataFisc,"<"&DATE(FiltroAno,L17+1,1),rTipo,"ELETRÔNICA") -> 0 | S17: =MetaMensal -> 12 | T17: =SUM($N$6:N17) -> 96 | U17: =SUM($S$6:S17) -> 144 | W17: =IF(CADASTROS!$D$17="","",CADASTROS!$D$17) | X17: =IF(W17="",0,COUNTIFS(rResp,W17,rEmpresa,"<>")) -> 0 | Y17: =IF(W17="",0,COUNTIFS(rResp,W17,rEmpresa,"<>",rStatus,"PRAZO D.P")) -> 0 | Z17: =IF(W17="",0,COUNTIFS(rResp,W17,rEmpresa,"<>",rStatus,"DECISÃO D.P")) -> 0 | AA17: =IF(W17="",0,COUNTIFS(rResp,W17,rEmpresa,"<>",rSit,"NO PRAZO")) -> 0 | AB17: =IF(W17="",0,COUNTIFS(rResp,W17,rEmpresa,"<>",rSit,"VENCE EM BREVE")) -> 0 | AC17: =IF(W17="",-1,X17+(100-ROW())/1000) -> -1 | AE17: 12 | AF17: =IF(AM17="","",INDEX($W$6:$W$20,AM17)) | AG17: =IF(AM17="","",INDEX($X$6:$X$20,AM17)) | AH17: =IF(AM17="","",INDEX($Y$6:$Y$20,AM17)) | AI17: =IF(AM17="","",INDEX($Z$6:$Z$20,AM17)) | AJ17: =IF(AM17="","",INDEX($AA$6:$AA$20,AM17)) | AK17: =IF(AM17="","",INDEX($AB$6:$AB$20,AM17)) | AL17: =IF(AM17="","",IFERROR(AG17/SUM($X$6:$X$20),0)) | AM17: =IF(LARGE($AC$6:$AC$20,AE17)<0,"",MATCH(LARGE($AC$6:$AC$20,AE17),$AC$6:$AC$20,0)) | AO17: =IF(CADASTROS!$B$17="","",CADASTROS!$B$17) -> OUTROS | AP17: =IF(AO17="",0,COUNTIFS(rEmpresa,"<>",rResp,critResp,rRamo,AO17)) -> 2 | AQ17: =IF(AO17="",0,COUNTIFS(rEmpresa,"<>",rResp,critResp,rRamo,AO17,rNotif,"NOTIFICAÇÃO DE CONSTATAÇÃO")) -> 1 | AR17: =IF(AO17="",0,COUNTIFS(rEmpresa,"<>",rResp,critResp,rRamo,AO17,rNotif,"NOTIFICAÇÃO DE ESCLARECIMENTO")) -> 1 | AS17: =IF(AO17="",0,COUNTIFS(rEmpresa,"<>",rResp,critResp,rRamo,AO17,rStatus,"PRAZO D.P")) -> 2 | AT17: =IF(AO17="",-1,AP17+(100-ROW())/1000) -> 2.083 | AV17: 12 | AW17: =IF(BC17="","",INDEX($AO$6:$AO$35,BC17)) -> OUTROS | AX17: =IF(BC17="","",INDEX($AP$6:$AP$35,BC17)) -> 2 | AY17: =IF(BC17="","",INDEX($AQ$6:$AQ$35,BC17)) -> 1 | AZ17: =IF(BC17="","",INDEX($AR$6:$AR$35,BC17)) -> 1 | BA17: =IF(BC17="","",INDEX($AS$6:$AS$35,BC17)) -> 2 | BB17: =IF(BC17="","",IFERROR(AX17/SUM($AP$6:$AP$35),0)) -> 0.020833333 | BC17: =IF(LARGE($AT$6:$AT$35,AV17)<0,"",MATCH(LARGE($AT$6:$AT$35,AV17),$AT$6:$AT$35,0)) -> 12 | BF17: =IF(AND(OR(PROCESSOS!N17="NO PRAZO",PROCESSOS!N17="VENCE EM BREVE"),OR(FiltroResp="TODOS",FiltroResp="",PROCESSOS!H17=FiltroResp)),PROCESSOS!L17+ROW()/1000000,"") | BG17: =IF(AND(PROCESSOS!B17<>"",ISNUMBER(PROCESSOS!D17),OR(FiltroResp="TODOS",FiltroResp="",PROCESSOS!H17=FiltroResp)),PROCESSOS!D17+ROW()/1000000,"") -> 46145
E18: =IF(CADASTROS!$D$18="","",CADASTROS!$D$18) | I18: Constatação | J18: =COUNTIFS(rEmpresa,"<>",rResp,critResp,rNotif,"NOTIFICAÇÃO DE CONSTATAÇÃO") -> 62 | W18: =IF(CADASTROS!$D$18="","",CADASTROS!$D$18) | X18: =IF(W18="",0,COUNTIFS(rResp,W18,rEmpresa,"<>")) -> 0 | Y18: =IF(W18="",0,COUNTIFS(rResp,W18,rEmpresa,"<>",rStatus,"PRAZO D.P")) -> 0 | Z18: =IF(W18="",0,COUNTIFS(rResp,W18,rEmpresa,"<>",rStatus,"DECISÃO D.P")) -> 0 | AA18: =IF(W18="",0,COUNTIFS(rResp,W18,rEmpresa,"<>",rSit,"NO PRAZO")) -> 0 | AB18: =IF(W18="",0,COUNTIFS(rResp,W18,rEmpresa,"<>",rSit,"VENCE EM BREVE")) -> 0 | AC18: =IF(W18="",-1,X18+(100-ROW())/1000) -> -1 | AE18: 13 | AF18: =IF(AM18="","",INDEX($W$6:$W$20,AM18)) | AG18: =IF(AM18="","",INDEX($X$6:$X$20,AM18)) | AH18: =IF(AM18="","",INDEX($Y$6:$Y$20,AM18)) | AI18: =IF(AM18="","",INDEX($Z$6:$Z$20,AM18)) | AJ18: =IF(AM18="","",INDEX($AA$6:$AA$20,AM18)) | AK18: =IF(AM18="","",INDEX($AB$6:$AB$20,AM18)) | AL18: =IF(AM18="","",IFERROR(AG18/SUM($X$6:$X$20),0)) | AM18: =IF(LARGE($AC$6:$AC$20,AE18)<0,"",MATCH(LARGE($AC$6:$AC$20,AE18),$AC$6:$AC$20,0)) | AO18: =IF(CADASTROS!$B$18="","",CADASTROS!$B$18) | AP18: =IF(AO18="",0,COUNTIFS(rEmpresa,"<>",rResp,critResp,rRamo,AO18)) -> 0 | AQ18: =IF(AO18="",0,COUNTIFS(rEmpresa,"<>",rResp,critResp,rRamo,AO18,rNotif,"NOTIFICAÇÃO DE CONSTATAÇÃO")) -> 0 | AR18: =IF(AO18="",0,COUNTIFS(rEmpresa,"<>",rResp,critResp,rRamo,AO18,rNotif,"NOTIFICAÇÃO DE ESCLARECIMENTO")) -> 0 | AS18: =IF(AO18="",0,COUNTIFS(rEmpresa,"<>",rResp,critResp,rRamo,AO18,rStatus,"PRAZO D.P")) -> 0 | AT18: =IF(AO18="",-1,AP18+(100-ROW())/1000) -> -1 | AV18: 13 | AW18: =IF(BC18="","",INDEX($AO$6:$AO$35,BC18)) | AX18: =IF(BC18="","",INDEX($AP$6:$AP$35,BC18)) | AY18: =IF(BC18="","",INDEX($AQ$6:$AQ$35,BC18)) | AZ18: =IF(BC18="","",INDEX($AR$6:$AR$35,BC18)) | BA18: =IF(BC18="","",INDEX($AS$6:$AS$35,BC18)) | BB18: =IF(BC18="","",IFERROR(AX18/SUM($AP$6:$AP$35),0)) | BC18: =IF(LARGE($AT$6:$AT$35,AV18)<0,"",MATCH(LARGE($AT$6:$AT$35,AV18),$AT$6:$AT$35,0)) | BF18: =IF(AND(OR(PROCESSOS!N18="NO PRAZO",PROCESSOS!N18="VENCE EM BREVE"),OR(FiltroResp="TODOS",FiltroResp="",PROCESSOS!H18=FiltroResp)),PROCESSOS!L18+ROW()/1000000,"") | BG18: =IF(AND(PROCESSOS!B18<>"",ISNUMBER(PROCESSOS!D18),OR(FiltroResp="TODOS",FiltroResp="",PROCESSOS!H18=FiltroResp)),PROCESSOS!D18+ROW()/1000000,"") -> 46148
E19: =IF(CADASTROS!$D$19="","",CADASTROS!$D$19) | I19: Esclarecimento | J19: =COUNTIFS(rEmpresa,"<>",rResp,critResp,rNotif,"NOTIFICAÇÃO DE ESCLARECIMENTO") -> 34 | W19: =IF(CADASTROS!$D$19="","",CADASTROS!$D$19) | X19: =IF(W19="",0,COUNTIFS(rResp,W19,rEmpresa,"<>")) -> 0 | Y19: =IF(W19="",0,COUNTIFS(rResp,W19,rEmpresa,"<>",rStatus,"PRAZO D.P")) -> 0 | Z19: =IF(W19="",0,COUNTIFS(rResp,W19,rEmpresa,"<>",rStatus,"DECISÃO D.P")) -> 0 | AA19: =IF(W19="",0,COUNTIFS(rResp,W19,rEmpresa,"<>",rSit,"NO PRAZO")) -> 0 | AB19: =IF(W19="",0,COUNTIFS(rResp,W19,rEmpresa,"<>",rSit,"VENCE EM BREVE")) -> 0 | AC19: =IF(W19="",-1,X19+(100-ROW())/1000) -> -1 | AE19: 14 | AF19: =IF(AM19="","",INDEX($W$6:$W$20,AM19)) | AG19: =IF(AM19="","",INDEX($X$6:$X$20,AM19)) | AH19: =IF(AM19="","",INDEX($Y$6:$Y$20,AM19)) | AI19: =IF(AM19="","",INDEX($Z$6:$Z$20,AM19)) | AJ19: =IF(AM19="","",INDEX($AA$6:$AA$20,AM19)) | AK19: =IF(AM19="","",INDEX($AB$6:$AB$20,AM19)) | AL19: =IF(AM19="","",IFERROR(AG19/SUM($X$6:$X$20),0)) | AM19: =IF(LARGE($AC$6:$AC$20,AE19)<0,"",MATCH(LARGE($AC$6:$AC$20,AE19),$AC$6:$AC$20,0)) | AO19: =IF(CADASTROS!$B$19="","",CADASTROS!$B$19) | AP19: =IF(AO19="",0,COUNTIFS(rEmpresa,"<>",rResp,critResp,rRamo,AO19)) -> 0 | AQ19: =IF(AO19="",0,COUNTIFS(rEmpresa,"<>",rResp,critResp,rRamo,AO19,rNotif,"NOTIFICAÇÃO DE CONSTATAÇÃO")) -> 0 | AR19: =IF(AO19="",0,COUNTIFS(rEmpresa,"<>",rResp,critResp,rRamo,AO19,rNotif,"NOTIFICAÇÃO DE ESCLARECIMENTO")) -> 0 | AS19: =IF(AO19="",0,COUNTIFS(rEmpresa,"<>",rResp,critResp,rRamo,AO19,rStatus,"PRAZO D.P")) -> 0 | AT19: =IF(AO19="",-1,AP19+(100-ROW())/1000) -> -1 | AV19: 14 | AW19: =IF(BC19="","",INDEX($AO$6:$AO$35,BC19)) | AX19: =IF(BC19="","",INDEX($AP$6:$AP$35,BC19)) | AY19: =IF(BC19="","",INDEX($AQ$6:$AQ$35,BC19)) | AZ19: =IF(BC19="","",INDEX($AR$6:$AR$35,BC19)) | BA19: =IF(BC19="","",INDEX($AS$6:$AS$35,BC19)) | BB19: =IF(BC19="","",IFERROR(AX19/SUM($AP$6:$AP$35),0)) | BC19: =IF(LARGE($AT$6:$AT$35,AV19)<0,"",MATCH(LARGE($AT$6:$AT$35,AV19),$AT$6:$AT$35,0)) | BF19: =IF(AND(OR(PROCESSOS!N19="NO PRAZO",PROCESSOS!N19="VENCE EM BREVE"),OR(FiltroResp="TODOS",FiltroResp="",PROCESSOS!H19=FiltroResp)),PROCESSOS!L19+ROW()/1000000,"") | BG19: =IF(AND(PROCESSOS!B19<>"",ISNUMBER(PROCESSOS!D19),OR(FiltroResp="TODOS",FiltroResp="",PROCESSOS!H19=FiltroResp)),PROCESSOS!D19+ROW()/1000000,"") -> 46149
E20: =IF(CADASTROS!$D$20="","",CADASTROS!$D$20) | W20: =IF(CADASTROS!$D$20="","",CADASTROS!$D$20) | X20: =IF(W20="",0,COUNTIFS(rResp,W20,rEmpresa,"<>")) -> 0 | Y20: =IF(W20="",0,COUNTIFS(rResp,W20,rEmpresa,"<>",rStatus,"PRAZO D.P")) -> 0 | Z20: =IF(W20="",0,COUNTIFS(rResp,W20,rEmpresa,"<>",rStatus,"DECISÃO D.P")) -> 0 | AA20: =IF(W20="",0,COUNTIFS(rResp,W20,rEmpresa,"<>",rSit,"NO PRAZO")) -> 0 | AB20: =IF(W20="",0,COUNTIFS(rResp,W20,rEmpresa,"<>",rSit,"VENCE EM BREVE")) -> 0 | AC20: =IF(W20="",-1,X20+(100-ROW())/1000) -> -1 | AE20: 15 | AF20: =IF(AM20="","",INDEX($W$6:$W$20,AM20)) | AG20: =IF(AM20="","",INDEX($X$6:$X$20,AM20)) | AH20: =IF(AM20="","",INDEX($Y$6:$Y$20,AM20)) | AI20: =IF(AM20="","",INDEX($Z$6:$Z$20,AM20)) | AJ20: =IF(AM20="","",INDEX($AA$6:$AA$20,AM20)) | AK20: =IF(AM20="","",INDEX($AB$6:$AB$20,AM20)) | AL20: =IF(AM20="","",IFERROR(AG20/SUM($X$6:$X$20),0)) | AM20: =IF(LARGE($AC$6:$AC$20,AE20)<0,"",MATCH(LARGE($AC$6:$AC$20,AE20),$AC$6:$AC$20,0)) | AO20: =IF(CADASTROS!$B$20="","",CADASTROS!$B$20) | AP20: =IF(AO20="",0,COUNTIFS(rEmpresa,"<>",rResp,critResp,rRamo,AO20)) -> 0 | AQ20: =IF(AO20="",0,COUNTIFS(rEmpresa,"<>",rResp,critResp,rRamo,AO20,rNotif,"NOTIFICAÇÃO DE CONSTATAÇÃO")) -> 0 | AR20: =IF(AO20="",0,COUNTIFS(rEmpresa,"<>",rResp,critResp,rRamo,AO20,rNotif,"NOTIFICAÇÃO DE ESCLARECIMENTO")) -> 0 | AS20: =IF(AO20="",0,COUNTIFS(rEmpresa,"<>",rResp,critResp,rRamo,AO20,rStatus,"PRAZO D.P")) -> 0 | AT20: =IF(AO20="",-1,AP20+(100-ROW())/1000) -> -1 | AV20: 15 | AW20: =IF(BC20="","",INDEX($AO$6:$AO$35,BC20)) | AX20: =IF(BC20="","",INDEX($AP$6:$AP$35,BC20)) | AY20: =IF(BC20="","",INDEX($AQ$6:$AQ$35,BC20)) | AZ20: =IF(BC20="","",INDEX($AR$6:$AR$35,BC20)) | BA20: =IF(BC20="","",INDEX($AS$6:$AS$35,BC20)) | BB20: =IF(BC20="","",IFERROR(AX20/SUM($AP$6:$AP$35),0)) | BC20: =IF(LARGE($AT$6:$AT$35,AV20)<0,"",MATCH(LARGE($AT$6:$AT$35,AV20),$AT$6:$AT$35,0)) | BF20: =IF(AND(OR(PROCESSOS!N20="NO PRAZO",PROCESSOS!N20="VENCE EM BREVE"),OR(FiltroResp="TODOS",FiltroResp="",PROCESSOS!H20=FiltroResp)),PROCESSOS!L20+ROW()/1000000,"") | BG20: =IF(AND(PROCESSOS!B20<>"",ISNUMBER(PROCESSOS!D20),OR(FiltroResp="TODOS",FiltroResp="",PROCESSOS!H20=FiltroResp)),PROCESSOS!D20+ROW()/1000000,"") -> 46152
AO21: =IF(CADASTROS!$B$21="","",CADASTROS!$B$21) | AP21: =IF(AO21="",0,COUNTIFS(rEmpresa,"<>",rResp,critResp,rRamo,AO21)) -> 0 | AQ21: =IF(AO21="",0,COUNTIFS(rEmpresa,"<>",rResp,critResp,rRamo,AO21,rNotif,"NOTIFICAÇÃO DE CONSTATAÇÃO")) -> 0 | AR21: =IF(AO21="",0,COUNTIFS(rEmpresa,"<>",rResp,critResp,rRamo,AO21,rNotif,"NOTIFICAÇÃO DE ESCLARECIMENTO")) -> 0 | AS21: =IF(AO21="",0,COUNTIFS(rEmpresa,"<>",rResp,critResp,rRamo,AO21,rStatus,"PRAZO D.P")) -> 0 | AT21: =IF(AO21="",-1,AP21+(100-ROW())/1000) -> -1 | AV21: 16 | AW21: =IF(BC21="","",INDEX($AO$6:$AO$35,BC21)) | AX21: =IF(BC21="","",INDEX($AP$6:$AP$35,BC21)) | AY21: =IF(BC21="","",INDEX($AQ$6:$AQ$35,BC21)) | AZ21: =IF(BC21="","",INDEX($AR$6:$AR$35,BC21)) | BA21: =IF(BC21="","",INDEX($AS$6:$AS$35,BC21)) | BB21: =IF(BC21="","",IFERROR(AX21/SUM($AP$6:$AP$35),0)) | BC21: =IF(LARGE($AT$6:$AT$35,AV21)<0,"",MATCH(LARGE($AT$6:$AT$35,AV21),$AT$6:$AT$35,0)) | BF21: =IF(AND(OR(PROCESSOS!N21="NO PRAZO",PROCESSOS!N21="VENCE EM BREVE"),OR(FiltroResp="TODOS",FiltroResp="",PROCESSOS!H21=FiltroResp)),PROCESSOS!L21+ROW()/1000000,"") | BG21: =IF(AND(PROCESSOS!B21<>"",ISNUMBER(PROCESSOS!D21),OR(FiltroResp="TODOS",FiltroResp="",PROCESSOS!H21=FiltroResp)),PROCESSOS!D21+ROW()/1000000,"") -> 46152
I22: TIPO | AO22: =IF(CADASTROS!$B$22="","",CADASTROS!$B$22) | AP22: =IF(AO22="",0,COUNTIFS(rEmpresa,"<>",rResp,critResp,rRamo,AO22)) -> 0 | AQ22: =IF(AO22="",0,COUNTIFS(rEmpresa,"<>",rResp,critResp,rRamo,AO22,rNotif,"NOTIFICAÇÃO DE CONSTATAÇÃO")) -> 0 | AR22: =IF(AO22="",0,COUNTIFS(rEmpresa,"<>",rResp,critResp,rRamo,AO22,rNotif,"NOTIFICAÇÃO DE ESCLARECIMENTO")) -> 0 | AS22: =IF(AO22="",0,COUNTIFS(rEmpresa,"<>",rResp,critResp,rRamo,AO22,rStatus,"PRAZO D.P")) -> 0 | AT22: =IF(AO22="",-1,AP22+(100-ROW())/1000) -> -1 | AV22: 17 | AW22: =IF(BC22="","",INDEX($AO$6:$AO$35,BC22)) | AX22: =IF(BC22="","",INDEX($AP$6:$AP$35,BC22)) | AY22: =IF(BC22="","",INDEX($AQ$6:$AQ$35,BC22)) | AZ22: =IF(BC22="","",INDEX($AR$6:$AR$35,BC22)) | BA22: =IF(BC22="","",INDEX($AS$6:$AS$35,BC22)) | BB22: =IF(BC22="","",IFERROR(AX22/SUM($AP$6:$AP$35),0)) | BC22: =IF(LARGE($AT$6:$AT$35,AV22)<0,"",MATCH(LARGE($AT$6:$AT$35,AV22),$AT$6:$AT$35,0)) | BF22: =IF(AND(OR(PROCESSOS!N22="NO PRAZO",PROCESSOS!N22="VENCE EM BREVE"),OR(FiltroResp="TODOS",FiltroResp="",PROCESSOS!H22=FiltroResp)),PROCESSOS!L22+ROW()/1000000,"") | BG22: =IF(AND(PROCESSOS!B22<>"",ISNUMBER(PROCESSOS!D22),OR(FiltroResp="TODOS",FiltroResp="",PROCESSOS!H22=FiltroResp)),PROCESSOS!D22+ROW()/1000000,"") -> 46155
I23: Presencial | J23: =COUNTIFS(rEmpresa,"<>",rResp,critResp,rTipo,"PRESENCIAL") -> 58 | AO23: =IF(CADASTROS!$B$23="","",CADASTROS!$B$23) | AP23: =IF(AO23="",0,COUNTIFS(rEmpresa,"<>",rResp,critResp,rRamo,AO23)) -> 0 | AQ23: =IF(AO23="",0,COUNTIFS(rEmpresa,"<>",rResp,critResp,rRamo,AO23,rNotif,"NOTIFICAÇÃO DE CONSTATAÇÃO")) -> 0 | AR23: =IF(AO23="",0,COUNTIFS(rEmpresa,"<>",rResp,critResp,rRamo,AO23,rNotif,"NOTIFICAÇÃO DE ESCLARECIMENTO")) -> 0 | AS23: =IF(AO23="",0,COUNTIFS(rEmpresa,"<>",rResp,critResp,rRamo,AO23,rStatus,"PRAZO D.P")) -> 0 | AT23: =IF(AO23="",-1,AP23+(100-ROW())/1000) -> -1 | AV23: 18 | AW23: =IF(BC23="","",INDEX($AO$6:$AO$35,BC23)) | AX23: =IF(BC23="","",INDEX($AP$6:$AP$35,BC23)) | AY23: =IF(BC23="","",INDEX($AQ$6:$AQ$35,BC23)) | AZ23: =IF(BC23="","",INDEX($AR$6:$AR$35,BC23)) | BA23: =IF(BC23="","",INDEX($AS$6:$AS$35,BC23)) | BB23: =IF(BC23="","",IFERROR(AX23/SUM($AP$6:$AP$35),0)) | BC23: =IF(LARGE($AT$6:$AT$35,AV23)<0,"",MATCH(LARGE($AT$6:$AT$35,AV23),$AT$6:$AT$35,0)) | BF23: =IF(AND(OR(PROCESSOS!N23="NO PRAZO",PROCESSOS!N23="VENCE EM BREVE"),OR(FiltroResp="TODOS",FiltroResp="",PROCESSOS!H23=FiltroResp)),PROCESSOS!L23+ROW()/1000000,"") | BG23: =IF(AND(PROCESSOS!B23<>"",ISNUMBER(PROCESSOS!D23),OR(FiltroResp="TODOS",FiltroResp="",PROCESSOS!H23=FiltroResp)),PROCESSOS!D23+ROW()/1000000,"") -> 46161
I24: Eletrônica | J24: =COUNTIFS(rEmpresa,"<>",rResp,critResp,rTipo,"ELETRÔNICA") -> 38 | AO24: =IF(CADASTROS!$B$24="","",CADASTROS!$B$24) | AP24: =IF(AO24="",0,COUNTIFS(rEmpresa,"<>",rResp,critResp,rRamo,AO24)) -> 0 | AQ24: =IF(AO24="",0,COUNTIFS(rEmpresa,"<>",rResp,critResp,rRamo,AO24,rNotif,"NOTIFICAÇÃO DE CONSTATAÇÃO")) -> 0 | AR24: =IF(AO24="",0,COUNTIFS(rEmpresa,"<>",rResp,critResp,rRamo,AO24,rNotif,"NOTIFICAÇÃO DE ESCLARECIMENTO")) -> 0 | AS24: =IF(AO24="",0,COUNTIFS(rEmpresa,"<>",rResp,critResp,rRamo,AO24,rStatus,"PRAZO D.P")) -> 0 | AT24: =IF(AO24="",-1,AP24+(100-ROW())/1000) -> -1 | AV24: 19 | AW24: =IF(BC24="","",INDEX($AO$6:$AO$35,BC24)) | AX24: =IF(BC24="","",INDEX($AP$6:$AP$35,BC24)) | AY24: =IF(BC24="","",INDEX($AQ$6:$AQ$35,BC24)) | AZ24: =IF(BC24="","",INDEX($AR$6:$AR$35,BC24)) | BA24: =IF(BC24="","",INDEX($AS$6:$AS$35,BC24)) | BB24: =IF(BC24="","",IFERROR(AX24/SUM($AP$6:$AP$35),0)) | BC24: =IF(LARGE($AT$6:$AT$35,AV24)<0,"",MATCH(LARGE($AT$6:$AT$35,AV24),$AT$6:$AT$35,0)) | BF24: =IF(AND(OR(PROCESSOS!N24="NO PRAZO",PROCESSOS!N24="VENCE EM BREVE"),OR(FiltroResp="TODOS",FiltroResp="",PROCESSOS!H24=FiltroResp)),PROCESSOS!L24+ROW()/1000000,"") | BG24: =IF(AND(PROCESSOS!B24<>"",ISNUMBER(PROCESSOS!D24),OR(FiltroResp="TODOS",FiltroResp="",PROCESSOS!H24=FiltroResp)),PROCESSOS!D24+ROW()/1000000,"") -> 46162
AO25: =IF(CADASTROS!$B$25="","",CADASTROS!$B$25) | AP25: =IF(AO25="",0,COUNTIFS(rEmpresa,"<>",rResp,critResp,rRamo,AO25)) -> 0 | AQ25: =IF(AO25="",0,COUNTIFS(rEmpresa,"<>",rResp,critResp,rRamo,AO25,rNotif,"NOTIFICAÇÃO DE CONSTATAÇÃO")) -> 0 | AR25: =IF(AO25="",0,COUNTIFS(rEmpresa,"<>",rResp,critResp,rRamo,AO25,rNotif,"NOTIFICAÇÃO DE ESCLARECIMENTO")) -> 0 | AS25: =IF(AO25="",0,COUNTIFS(rEmpresa,"<>",rResp,critResp,rRamo,AO25,rStatus,"PRAZO D.P")) -> 0 | AT25: =IF(AO25="",-1,AP25+(100-ROW())/1000) -> -1 | AV25: 20 | AW25: =IF(BC25="","",INDEX($AO$6:$AO$35,BC25)) | AX25: =IF(BC25="","",INDEX($AP$6:$AP$35,BC25)) | AY25: =IF(BC25="","",INDEX($AQ$6:$AQ$35,BC25)) | AZ25: =IF(BC25="","",INDEX($AR$6:$AR$35,BC25)) | BA25: =IF(BC25="","",INDEX($AS$6:$AS$35,BC25)) | BB25: =IF(BC25="","",IFERROR(AX25/SUM($AP$6:$AP$35),0)) | BC25: =IF(LARGE($AT$6:$AT$35,AV25)<0,"",MATCH(LARGE($AT$6:$AT$35,AV25),$AT$6:$AT$35,0)) | BF25: =IF(AND(OR(PROCESSOS!N25="NO PRAZO",PROCESSOS!N25="VENCE EM BREVE"),OR(FiltroResp="TODOS",FiltroResp="",PROCESSOS!H25=FiltroResp)),PROCESSOS!L25+ROW()/1000000,"") | BG25: =IF(AND(PROCESSOS!B25<>"",ISNUMBER(PROCESSOS!D25),OR(FiltroResp="TODOS",FiltroResp="",PROCESSOS!H25=FiltroResp)),PROCESSOS!D25+ROW()/1000000,"") -> 46163
AO26: =IF(CADASTROS!$B$26="","",CADASTROS!$B$26) | AP26: =IF(AO26="",0,COUNTIFS(rEmpresa,"<>",rResp,critResp,rRamo,AO26)) -> 0 | AQ26: =IF(AO26="",0,COUNTIFS(rEmpresa,"<>",rResp,critResp,rRamo,AO26,rNotif,"NOTIFICAÇÃO DE CONSTATAÇÃO")) -> 0 | AR26: =IF(AO26="",0,COUNTIFS(rEmpresa,"<>",rResp,critResp,rRamo,AO26,rNotif,"NOTIFICAÇÃO DE ESCLARECIMENTO")) -> 0 | AS26: =IF(AO26="",0,COUNTIFS(rEmpresa,"<>",rResp,critResp,rRamo,AO26,rStatus,"PRAZO D.P")) -> 0 | AT26: =IF(AO26="",-1,AP26+(100-ROW())/1000) -> -1 | AV26: 21 | AW26: =IF(BC26="","",INDEX($AO$6:$AO$35,BC26)) | AX26: =IF(BC26="","",INDEX($AP$6:$AP$35,BC26)) | AY26: =IF(BC26="","",INDEX($AQ$6:$AQ$35,BC26)) | AZ26: =IF(BC26="","",INDEX($AR$6:$AR$35,BC26)) | BA26: =IF(BC26="","",INDEX($AS$6:$AS$35,BC26)) | BB26: =IF(BC26="","",IFERROR(AX26/SUM($AP$6:$AP$35),0)) | BC26: =IF(LARGE($AT$6:$AT$35,AV26)<0,"",MATCH(LARGE($AT$6:$AT$35,AV26),$AT$6:$AT$35,0)) | BF26: =IF(AND(OR(PROCESSOS!N26="NO PRAZO",PROCESSOS!N26="VENCE EM BREVE"),OR(FiltroResp="TODOS",FiltroResp="",PROCESSOS!H26=FiltroResp)),PROCESSOS!L26+ROW()/1000000,"") | BG26: =IF(AND(PROCESSOS!B26<>"",ISNUMBER(PROCESSOS!D26),OR(FiltroResp="TODOS",FiltroResp="",PROCESSOS!H26=FiltroResp)),PROCESSOS!D26+ROW()/1000000,"") -> 46163
I27: MATRIZ | J27: Presencial | K27: Eletrônica | AO27: =IF(CADASTROS!$B$27="","",CADASTROS!$B$27) | AP27: =IF(AO27="",0,COUNTIFS(rEmpresa,"<>",rResp,critResp,rRamo,AO27)) -> 0 | AQ27: =IF(AO27="",0,COUNTIFS(rEmpresa,"<>",rResp,critResp,rRamo,AO27,rNotif,"NOTIFICAÇÃO DE CONSTATAÇÃO")) -> 0 | AR27: =IF(AO27="",0,COUNTIFS(rEmpresa,"<>",rResp,critResp,rRamo,AO27,rNotif,"NOTIFICAÇÃO DE ESCLARECIMENTO")) -> 0 | AS27: =IF(AO27="",0,COUNTIFS(rEmpresa,"<>",rResp,critResp,rRamo,AO27,rStatus,"PRAZO D.P")) -> 0 | AT27: =IF(AO27="",-1,AP27+(100-ROW())/1000) -> -1 | AV27: 22 | AW27: =IF(BC27="","",INDEX($AO$6:$AO$35,BC27)) | AX27: =IF(BC27="","",INDEX($AP$6:$AP$35,BC27)) | AY27: =IF(BC27="","",INDEX($AQ$6:$AQ$35,BC27)) | AZ27: =IF(BC27="","",INDEX($AR$6:$AR$35,BC27)) | BA27: =IF(BC27="","",INDEX($AS$6:$AS$35,BC27)) | BB27: =IF(BC27="","",IFERROR(AX27/SUM($AP$6:$AP$35),0)) | BC27: =IF(LARGE($AT$6:$AT$35,AV27)<0,"",MATCH(LARGE($AT$6:$AT$35,AV27),$AT$6:$AT$35,0)) | BF27: =IF(AND(OR(PROCESSOS!N27="NO PRAZO",PROCESSOS!N27="VENCE EM BREVE"),OR(FiltroResp="TODOS",FiltroResp="",PROCESSOS!H27=FiltroResp)),PROCESSOS!L27+ROW()/1000000,"") | BG27: =IF(AND(PROCESSOS!B27<>"",ISNUMBER(PROCESSOS!D27),OR(FiltroResp="TODOS",FiltroResp="",PROCESSOS!H27=FiltroResp)),PROCESSOS!D27+ROW()/1000000,"") -> 46164
I28: Constatação | J28: =COUNTIFS(rEmpresa,"<>",rResp,critResp,rNotif,"NOTIFICAÇÃO DE CONSTATAÇÃO",rTipo,"PRESENCIAL") -> 34 | K28: =COUNTIFS(rEmpresa,"<>",rResp,critResp,rNotif,"NOTIFICAÇÃO DE CONSTATAÇÃO",rTipo,"ELETRÔNICA") -> 28 | AO28: =IF(CADASTROS!$B$28="","",CADASTROS!$B$28) | AP28: =IF(AO28="",0,COUNTIFS(rEmpresa,"<>",rResp,critResp,rRamo,AO28)) -> 0 | AQ28: =IF(AO28="",0,COUNTIFS(rEmpresa,"<>",rResp,critResp,rRamo,AO28,rNotif,"NOTIFICAÇÃO DE CONSTATAÇÃO")) -> 0 | AR28: =IF(AO28="",0,COUNTIFS(rEmpresa,"<>",rResp,critResp,rRamo,AO28,rNotif,"NOTIFICAÇÃO DE ESCLARECIMENTO")) -> 0 | AS28: =IF(AO28="",0,COUNTIFS(rEmpresa,"<>",rResp,critResp,rRamo,AO28,rStatus,"PRAZO D.P")) -> 0 | AT28: =IF(AO28="",-1,AP28+(100-ROW())/1000) -> -1 | AV28: 23 | AW28: =IF(BC28="","",INDEX($AO$6:$AO$35,BC28)) | AX28: =IF(BC28="","",INDEX($AP$6:$AP$35,BC28)) | AY28: =IF(BC28="","",INDEX($AQ$6:$AQ$35,BC28)) | AZ28: =IF(BC28="","",INDEX($AR$6:$AR$35,BC28)) | BA28: =IF(BC28="","",INDEX($AS$6:$AS$35,BC28)) | BB28: =IF(BC28="","",IFERROR(AX28/SUM($AP$6:$AP$35),0)) | BC28: =IF(LARGE($AT$6:$AT$35,AV28)<0,"",MATCH(LARGE($AT$6:$AT$35,AV28),$AT$6:$AT$35,0)) | BF28: =IF(AND(OR(PROCESSOS!N28="NO PRAZO",PROCESSOS!N28="VENCE EM BREVE"),OR(FiltroResp="TODOS",FiltroResp="",PROCESSOS!H28=FiltroResp)),PROCESSOS!L28+ROW()/1000000,"") | BG28: =IF(AND(PROCESSOS!B28<>"",ISNUMBER(PROCESSOS!D28),OR(FiltroResp="TODOS",FiltroResp="",PROCESSOS!H28=FiltroResp)),PROCESSOS!D28+ROW()/1000000,"") -> 46166
I29: Esclarecimento | J29: =COUNTIFS(rEmpresa,"<>",rResp,critResp,rNotif,"NOTIFICAÇÃO DE ESCLARECIMENTO",rTipo,"PRESENCIAL") -> 24 | K29: =COUNTIFS(rEmpresa,"<>",rResp,critResp,rNotif,"NOTIFICAÇÃO DE ESCLARECIMENTO",rTipo,"ELETRÔNICA") -> 10 | AO29: =IF(CADASTROS!$B$29="","",CADASTROS!$B$29) | AP29: =IF(AO29="",0,COUNTIFS(rEmpresa,"<>",rResp,critResp,rRamo,AO29)) -> 0 | AQ29: =IF(AO29="",0,COUNTIFS(rEmpresa,"<>",rResp,critResp,rRamo,AO29,rNotif,"NOTIFICAÇÃO DE CONSTATAÇÃO")) -> 0 | AR29: =IF(AO29="",0,COUNTIFS(rEmpresa,"<>",rResp,critResp,rRamo,AO29,rNotif,"NOTIFICAÇÃO DE ESCLARECIMENTO")) -> 0 | AS29: =IF(AO29="",0,COUNTIFS(rEmpresa,"<>",rResp,critResp,rRamo,AO29,rStatus,"PRAZO D.P")) -> 0 | AT29: =IF(AO29="",-1,AP29+(100-ROW())/1000) -> -1 | AV29: 24 | AW29: =IF(BC29="","",INDEX($AO$6:$AO$35,BC29)) | AX29: =IF(BC29="","",INDEX($AP$6:$AP$35,BC29)) | AY29: =IF(BC29="","",INDEX($AQ$6:$AQ$35,BC29)) | AZ29: =IF(BC29="","",INDEX($AR$6:$AR$35,BC29)) | BA29: =IF(BC29="","",INDEX($AS$6:$AS$35,BC29)) | BB29: =IF(BC29="","",IFERROR(AX29/SUM($AP$6:$AP$35),0)) | BC29: =IF(LARGE($AT$6:$AT$35,AV29)<0,"",MATCH(LARGE($AT$6:$AT$35,AV29),$AT$6:$AT$35,0)) | BF29: =IF(AND(OR(PROCESSOS!N29="NO PRAZO",PROCESSOS!N29="VENCE EM BREVE"),OR(FiltroResp="TODOS",FiltroResp="",PROCESSOS!H29=FiltroResp)),PROCESSOS!L29+ROW()/1000000,"") | BG29: =IF(AND(PROCESSOS!B29<>"",ISNUMBER(PROCESSOS!D29),OR(FiltroResp="TODOS",FiltroResp="",PROCESSOS!H29=FiltroResp)),PROCESSOS!D29+ROW()/1000000,"") -> 46168
AO30: =IF(CADASTROS!$B$30="","",CADASTROS!$B$30) | AP30: =IF(AO30="",0,COUNTIFS(rEmpresa,"<>",rResp,critResp,rRamo,AO30)) -> 0 | AQ30: =IF(AO30="",0,COUNTIFS(rEmpresa,"<>",rResp,critResp,rRamo,AO30,rNotif,"NOTIFICAÇÃO DE CONSTATAÇÃO")) -> 0 | AR30: =IF(AO30="",0,COUNTIFS(rEmpresa,"<>",rResp,critResp,rRamo,AO30,rNotif,"NOTIFICAÇÃO DE ESCLARECIMENTO")) -> 0 | AS30: =IF(AO30="",0,COUNTIFS(rEmpresa,"<>",rResp,critResp,rRamo,AO30,rStatus,"PRAZO D.P")) -> 0 | AT30: =IF(AO30="",-1,AP30+(100-ROW())/1000) -> -1 | AV30: 25 | AW30: =IF(BC30="","",INDEX($AO$6:$AO$35,BC30)) | AX30: =IF(BC30="","",INDEX($AP$6:$AP$35,BC30)) | AY30: =IF(BC30="","",INDEX($AQ$6:$AQ$35,BC30)) | AZ30: =IF(BC30="","",INDEX($AR$6:$AR$35,BC30)) | BA30: =IF(BC30="","",INDEX($AS$6:$AS$35,BC30)) | BB30: =IF(BC30="","",IFERROR(AX30/SUM($AP$6:$AP$35),0)) | BC30: =IF(LARGE($AT$6:$AT$35,AV30)<0,"",MATCH(LARGE($AT$6:$AT$35,AV30),$AT$6:$AT$35,0)) | BF30: =IF(AND(OR(PROCESSOS!N30="NO PRAZO",PROCESSOS!N30="VENCE EM BREVE"),OR(FiltroResp="TODOS",FiltroResp="",PROCESSOS!H30=FiltroResp)),PROCESSOS!L30+ROW()/1000000,"") | BG30: =IF(AND(PROCESSOS!B30<>"",ISNUMBER(PROCESSOS!D30),OR(FiltroResp="TODOS",FiltroResp="",PROCESSOS!H30=FiltroResp)),PROCESSOS!D30+ROW()/1000000,"") -> 46174
AO31: =IF(CADASTROS!$B$31="","",CADASTROS!$B$31) | AP31: =IF(AO31="",0,COUNTIFS(rEmpresa,"<>",rResp,critResp,rRamo,AO31)) -> 0 | AQ31: =IF(AO31="",0,COUNTIFS(rEmpresa,"<>",rResp,critResp,rRamo,AO31,rNotif,"NOTIFICAÇÃO DE CONSTATAÇÃO")) -> 0 | AR31: =IF(AO31="",0,COUNTIFS(rEmpresa,"<>",rResp,critResp,rRamo,AO31,rNotif,"NOTIFICAÇÃO DE ESCLARECIMENTO")) -> 0 | AS31: =IF(AO31="",0,COUNTIFS(rEmpresa,"<>",rResp,critResp,rRamo,AO31,rStatus,"PRAZO D.P")) -> 0 | AT31: =IF(AO31="",-1,AP31+(100-ROW())/1000) -> -1 | AV31: 26 | AW31: =IF(BC31="","",INDEX($AO$6:$AO$35,BC31)) | AX31: =IF(BC31="","",INDEX($AP$6:$AP$35,BC31)) | AY31: =IF(BC31="","",INDEX($AQ$6:$AQ$35,BC31)) | AZ31: =IF(BC31="","",INDEX($AR$6:$AR$35,BC31)) | BA31: =IF(BC31="","",INDEX($AS$6:$AS$35,BC31)) | BB31: =IF(BC31="","",IFERROR(AX31/SUM($AP$6:$AP$35),0)) | BC31: =IF(LARGE($AT$6:$AT$35,AV31)<0,"",MATCH(LARGE($AT$6:$AT$35,AV31),$AT$6:$AT$35,0)) | BF31: =IF(AND(OR(PROCESSOS!N31="NO PRAZO",PROCESSOS!N31="VENCE EM BREVE"),OR(FiltroResp="TODOS",FiltroResp="",PROCESSOS!H31=FiltroResp)),PROCESSOS!L31+ROW()/1000000,"") | BG31: =IF(AND(PROCESSOS!B31<>"",ISNUMBER(PROCESSOS!D31),OR(FiltroResp="TODOS",FiltroResp="",PROCESSOS!H31=FiltroResp)),PROCESSOS!D31+ROW()/1000000,"") -> 46177
AO32: =IF(CADASTROS!$B$32="","",CADASTROS!$B$32) | AP32: =IF(AO32="",0,COUNTIFS(rEmpresa,"<>",rResp,critResp,rRamo,AO32)) -> 0 | AQ32: =IF(AO32="",0,COUNTIFS(rEmpresa,"<>",rResp,critResp,rRamo,AO32,rNotif,"NOTIFICAÇÃO DE CONSTATAÇÃO")) -> 0 | AR32: =IF(AO32="",0,COUNTIFS(rEmpresa,"<>",rResp,critResp,rRamo,AO32,rNotif,"NOTIFICAÇÃO DE ESCLARECIMENTO")) -> 0 | AS32: =IF(AO32="",0,COUNTIFS(rEmpresa,"<>",rResp,critResp,rRamo,AO32,rStatus,"PRAZO D.P")) -> 0 | AT32: =IF(AO32="",-1,AP32+(100-ROW())/1000) -> -1 | AV32: 27 | AW32: =IF(BC32="","",INDEX($AO$6:$AO$35,BC32)) | AX32: =IF(BC32="","",INDEX($AP$6:$AP$35,BC32)) | AY32: =IF(BC32="","",INDEX($AQ$6:$AQ$35,BC32)) | AZ32: =IF(BC32="","",INDEX($AR$6:$AR$35,BC32)) | BA32: =IF(BC32="","",INDEX($AS$6:$AS$35,BC32)) | BB32: =IF(BC32="","",IFERROR(AX32/SUM($AP$6:$AP$35),0)) | BC32: =IF(LARGE($AT$6:$AT$35,AV32)<0,"",MATCH(LARGE($AT$6:$AT$35,AV32),$AT$6:$AT$35,0)) | BF32: =IF(AND(OR(PROCESSOS!N32="NO PRAZO",PROCESSOS!N32="VENCE EM BREVE"),OR(FiltroResp="TODOS",FiltroResp="",PROCESSOS!H32=FiltroResp)),PROCESSOS!L32+ROW()/1000000,"") | BG32: =IF(AND(PROCESSOS!B32<>"",ISNUMBER(PROCESSOS!D32),OR(FiltroResp="TODOS",FiltroResp="",PROCESSOS!H32=FiltroResp)),PROCESSOS!D32+ROW()/1000000,"") -> 46190
AO33: =IF(CADASTROS!$B$33="","",CADASTROS!$B$33) | AP33: =IF(AO33="",0,COUNTIFS(rEmpresa,"<>",rResp,critResp,rRamo,AO33)) -> 0 | AQ33: =IF(AO33="",0,COUNTIFS(rEmpresa,"<>",rResp,critResp,rRamo,AO33,rNotif,"NOTIFICAÇÃO DE CONSTATAÇÃO")) -> 0 | AR33: =IF(AO33="",0,COUNTIFS(rEmpresa,"<>",rResp,critResp,rRamo,AO33,rNotif,"NOTIFICAÇÃO DE ESCLARECIMENTO")) -> 0 | AS33: =IF(AO33="",0,COUNTIFS(rEmpresa,"<>",rResp,critResp,rRamo,AO33,rStatus,"PRAZO D.P")) -> 0 | AT33: =IF(AO33="",-1,AP33+(100-ROW())/1000) -> -1 | AV33: 28 | AW33: =IF(BC33="","",INDEX($AO$6:$AO$35,BC33)) | AX33: =IF(BC33="","",INDEX($AP$6:$AP$35,BC33)) | AY33: =IF(BC33="","",INDEX($AQ$6:$AQ$35,BC33)) | AZ33: =IF(BC33="","",INDEX($AR$6:$AR$35,BC33)) | BA33: =IF(BC33="","",INDEX($AS$6:$AS$35,BC33)) | BB33: =IF(BC33="","",IFERROR(AX33/SUM($AP$6:$AP$35),0)) | BC33: =IF(LARGE($AT$6:$AT$35,AV33)<0,"",MATCH(LARGE($AT$6:$AT$35,AV33),$AT$6:$AT$35,0)) | BF33: =IF(AND(OR(PROCESSOS!N33="NO PRAZO",PROCESSOS!N33="VENCE EM BREVE"),OR(FiltroResp="TODOS",FiltroResp="",PROCESSOS!H33=FiltroResp)),PROCESSOS!L33+ROW()/1000000,"") | BG33: =IF(AND(PROCESSOS!B33<>"",ISNUMBER(PROCESSOS!D33),OR(FiltroResp="TODOS",FiltroResp="",PROCESSOS!H33=FiltroResp)),PROCESSOS!D33+ROW()/1000000,"") -> 46191
AO34: =IF(CADASTROS!$B$34="","",CADASTROS!$B$34) | AP34: =IF(AO34="",0,COUNTIFS(rEmpresa,"<>",rResp,critResp,rRamo,AO34)) -> 0 | AQ34: =IF(AO34="",0,COUNTIFS(rEmpresa,"<>",rResp,critResp,rRamo,AO34,rNotif,"NOTIFICAÇÃO DE CONSTATAÇÃO")) -> 0 | AR34: =IF(AO34="",0,COUNTIFS(rEmpresa,"<>",rResp,critResp,rRamo,AO34,rNotif,"NOTIFICAÇÃO DE ESCLARECIMENTO")) -> 0 | AS34: =IF(AO34="",0,COUNTIFS(rEmpresa,"<>",rResp,critResp,rRamo,AO34,rStatus,"PRAZO D.P")) -> 0 | AT34: =IF(AO34="",-1,AP34+(100-ROW())/1000) -> -1 | AV34: 29 | AW34: =IF(BC34="","",INDEX($AO$6:$AO$35,BC34)) | AX34: =IF(BC34="","",INDEX($AP$6:$AP$35,BC34)) | AY34: =IF(BC34="","",INDEX($AQ$6:$AQ$35,BC34)) | AZ34: =IF(BC34="","",INDEX($AR$6:$AR$35,BC34)) | BA34: =IF(BC34="","",INDEX($AS$6:$AS$35,BC34)) | BB34: =IF(BC34="","",IFERROR(AX34/SUM($AP$6:$AP$35),0)) | BC34: =IF(LARGE($AT$6:$AT$35,AV34)<0,"",MATCH(LARGE($AT$6:$AT$35,AV34),$AT$6:$AT$35,0)) | BF34: =IF(AND(OR(PROCESSOS!N34="NO PRAZO",PROCESSOS!N34="VENCE EM BREVE"),OR(FiltroResp="TODOS",FiltroResp="",PROCESSOS!H34=FiltroResp)),PROCESSOS!L34+ROW()/1000000,"") | BG34: =IF(AND(PROCESSOS!B34<>"",ISNUMBER(PROCESSOS!D34),OR(FiltroResp="TODOS",FiltroResp="",PROCESSOS!H34=FiltroResp)),PROCESSOS!D34+ROW()/1000000,"") -> 46191
AO35: =IF(CADASTROS!$B$35="","",CADASTROS!$B$35) | AP35: =IF(AO35="",0,COUNTIFS(rEmpresa,"<>",rResp,critResp,rRamo,AO35)) -> 0 | AQ35: =IF(AO35="",0,COUNTIFS(rEmpresa,"<>",rResp,critResp,rRamo,AO35,rNotif,"NOTIFICAÇÃO DE CONSTATAÇÃO")) -> 0 | AR35: =IF(AO35="",0,COUNTIFS(rEmpresa,"<>",rResp,critResp,rRamo,AO35,rNotif,"NOTIFICAÇÃO DE ESCLARECIMENTO")) -> 0 | AS35: =IF(AO35="",0,COUNTIFS(rEmpresa,"<>",rResp,critResp,rRamo,AO35,rStatus,"PRAZO D.P")) -> 0 | AT35: =IF(AO35="",-1,AP35+(100-ROW())/1000) -> -1 | AV35: 30 | AW35: =IF(BC35="","",INDEX($AO$6:$AO$35,BC35)) | AX35: =IF(BC35="","",INDEX($AP$6:$AP$35,BC35)) | AY35: =IF(BC35="","",INDEX($AQ$6:$AQ$35,BC35)) | AZ35: =IF(BC35="","",INDEX($AR$6:$AR$35,BC35)) | BA35: =IF(BC35="","",INDEX($AS$6:$AS$35,BC35)) | BB35: =IF(BC35="","",IFERROR(AX35/SUM($AP$6:$AP$35),0)) | BC35: =IF(LARGE($AT$6:$AT$35,AV35)<0,"",MATCH(LARGE($AT$6:$AT$35,AV35),$AT$6:$AT$35,0)) | BF35: =IF(AND(OR(PROCESSOS!N35="NO PRAZO",PROCESSOS!N35="VENCE EM BREVE"),OR(FiltroResp="TODOS",FiltroResp="",PROCESSOS!H35=FiltroResp)),PROCESSOS!L35+ROW()/1000000,"") | BG35: =IF(AND(PROCESSOS!B35<>"",ISNUMBER(PROCESSOS!D35),OR(FiltroResp="TODOS",FiltroResp="",PROCESSOS!H35=FiltroResp)),PROCESSOS!D35+ROW()/1000000,"") -> 46193
BF36: =IF(AND(OR(PROCESSOS!N36="NO PRAZO",PROCESSOS!N36="VENCE EM BREVE"),OR(FiltroResp="TODOS",FiltroResp="",PROCESSOS!H36=FiltroResp)),PROCESSOS!L36+ROW()/1000000,"") | BG36: =IF(AND(PROCESSOS!B36<>"",ISNUMBER(PROCESSOS!D36),OR(FiltroResp="TODOS",FiltroResp="",PROCESSOS!H36=FiltroResp)),PROCESSOS!D36+ROW()/1000000,"") -> 46200
BF37: =IF(AND(OR(PROCESSOS!N37="NO PRAZO",PROCESSOS!N37="VENCE EM BREVE"),OR(FiltroResp="TODOS",FiltroResp="",PROCESSOS!H37=FiltroResp)),PROCESSOS!L37+ROW()/1000000,"") | BG37: =IF(AND(PROCESSOS!B37<>"",ISNUMBER(PROCESSOS!D37),OR(FiltroResp="TODOS",FiltroResp="",PROCESSOS!H37=FiltroResp)),PROCESSOS!D37+ROW()/1000000,"") -> 46200
BF38: =IF(AND(OR(PROCESSOS!N38="NO PRAZO",PROCESSOS!N38="VENCE EM BREVE"),OR(FiltroResp="TODOS",FiltroResp="",PROCESSOS!H38=FiltroResp)),PROCESSOS!L38+ROW()/1000000,"") | BG38: =IF(AND(PROCESSOS!B38<>"",ISNUMBER(PROCESSOS!D38),OR(FiltroResp="TODOS",FiltroResp="",PROCESSOS!H38=FiltroResp)),PROCESSOS!D38+ROW()/1000000,"") -> 46201
BF39: =IF(AND(OR(PROCESSOS!N39="NO PRAZO",PROCESSOS!N39="VENCE EM BREVE"),OR(FiltroResp="TODOS",FiltroResp="",PROCESSOS!H39=FiltroResp)),PROCESSOS!L39+ROW()/1000000,"") | BG39: =IF(AND(PROCESSOS!B39<>"",ISNUMBER(PROCESSOS!D39),OR(FiltroResp="TODOS",FiltroResp="",PROCESSOS!H39=FiltroResp)),PROCESSOS!D39+ROW()/1000000,"") -> 46207
BF40: =IF(AND(OR(PROCESSOS!N40="NO PRAZO",PROCESSOS!N40="VENCE EM BREVE"),OR(FiltroResp="TODOS",FiltroResp="",PROCESSOS!H40=FiltroResp)),PROCESSOS!L40+ROW()/1000000,"") | BG40: =IF(AND(PROCESSOS!B40<>"",ISNUMBER(PROCESSOS!D40),OR(FiltroResp="TODOS",FiltroResp="",PROCESSOS!H40=FiltroResp)),PROCESSOS!D40+ROW()/1000000,"") -> 46207
BF41: =IF(AND(OR(PROCESSOS!N41="NO PRAZO",PROCESSOS!N41="VENCE EM BREVE"),OR(FiltroResp="TODOS",FiltroResp="",PROCESSOS!H41=FiltroResp)),PROCESSOS!L41+ROW()/1000000,"") | BG41: =IF(AND(PROCESSOS!B41<>"",ISNUMBER(PROCESSOS!D41),OR(FiltroResp="TODOS",FiltroResp="",PROCESSOS!H41=FiltroResp)),PROCESSOS!D41+ROW()/1000000,"") -> 46210
BF42: =IF(AND(OR(PROCESSOS!N42="NO PRAZO",PROCESSOS!N42="VENCE EM BREVE"),OR(FiltroResp="TODOS",FiltroResp="",PROCESSOS!H42=FiltroResp)),PROCESSOS!L42+ROW()/1000000,"") | BG42: =IF(AND(PROCESSOS!B42<>"",ISNUMBER(PROCESSOS!D42),OR(FiltroResp="TODOS",FiltroResp="",PROCESSOS!H42=FiltroResp)),PROCESSOS!D42+ROW()/1000000,"") -> 46211
BF43: =IF(AND(OR(PROCESSOS!N43="NO PRAZO",PROCESSOS!N43="VENCE EM BREVE"),OR(FiltroResp="TODOS",FiltroResp="",PROCESSOS!H43=FiltroResp)),PROCESSOS!L43+ROW()/1000000,"") | BG43: =IF(AND(PROCESSOS!B43<>"",ISNUMBER(PROCESSOS!D43),OR(FiltroResp="TODOS",FiltroResp="",PROCESSOS!H43=FiltroResp)),PROCESSOS!D43+ROW()/1000000,"") -> 46212
BF44: =IF(AND(OR(PROCESSOS!N44="NO PRAZO",PROCESSOS!N44="VENCE EM BREVE"),OR(FiltroResp="TODOS",FiltroResp="",PROCESSOS!H44=FiltroResp)),PROCESSOS!L44+ROW()/1000000,"") | BG44: =IF(AND(PROCESSOS!B44<>"",ISNUMBER(PROCESSOS!D44),OR(FiltroResp="TODOS",FiltroResp="",PROCESSOS!H44=FiltroResp)),PROCESSOS!D44+ROW()/1000000,"") -> 46214
BF45: =IF(AND(OR(PROCESSOS!N45="NO PRAZO",PROCESSOS!N45="VENCE EM BREVE"),OR(FiltroResp="TODOS",FiltroResp="",PROCESSOS!H45=FiltroResp)),PROCESSOS!L45+ROW()/1000000,"") | BG45: =IF(AND(PROCESSOS!B45<>"",ISNUMBER(PROCESSOS!D45),OR(FiltroResp="TODOS",FiltroResp="",PROCESSOS!H45=FiltroResp)),PROCESSOS!D45+ROW()/1000000,"") -> 46215
BF46: =IF(AND(OR(PROCESSOS!N46="NO PRAZO",PROCESSOS!N46="VENCE EM BREVE"),OR(FiltroResp="TODOS",FiltroResp="",PROCESSOS!H46=FiltroResp)),PROCESSOS!L46+ROW()/1000000,"") | BG46: =IF(AND(PROCESSOS!B46<>"",ISNUMBER(PROCESSOS!D46),OR(FiltroResp="TODOS",FiltroResp="",PROCESSOS!H46=FiltroResp)),PROCESSOS!D46+ROW()/1000000,"") -> 46219
BF47: =IF(AND(OR(PROCESSOS!N47="NO PRAZO",PROCESSOS!N47="VENCE EM BREVE"),OR(FiltroResp="TODOS",FiltroResp="",PROCESSOS!H47=FiltroResp)),PROCESSOS!L47+ROW()/1000000,"") | BG47: =IF(AND(PROCESSOS!B47<>"",ISNUMBER(PROCESSOS!D47),OR(FiltroResp="TODOS",FiltroResp="",PROCESSOS!H47=FiltroResp)),PROCESSOS!D47+ROW()/1000000,"") -> 46219
... BF1004: =IF(AND(OR(PROCESSOS!N1004="NO PRAZO",PROCESSOS!N1004="VENCE EM BREVE"),OR(FiltroResp="TODOS",FiltroResp="",PROCESSOS!H1004=FiltroResp)),PROCESSOS!L1004+ROW()/1000000,"") | BG1004: =IF(AND(PROCESSOS!B1004<>"",ISNUMBER(PROCESSOS!D1004),OR(FiltroResp="TODOS",FiltroResp="",PROCESSOS!H1004=FiltroResp)),PROCESSOS!D1004+ROW()/1000000,"")
