Workbook

Sheet PAINEL
B2: PAINEL DE CONTROLE — FOLGAS E FÉRIAS
B3: ="Hoje é "&CHOOSE(WEEKDAY(TODAY()),"Domingo","Segunda","Terça","Quarta","Quinta","Sexta","Sábado")&", "&TEXT(DAY(TODAY()),"00")&"/"&TEXT(MONTH(TODAY()),"00")&"/"&YEAR(TODAY())&" • atualiza sozinho ao abrir a planilha" -> Hoje é Terça, 06/10/2026 • atualiza sozinho ao abrir a planilha
B5: =IF(B8+E8=0,"✔ Nenhum funcionário de folga ou de férias hoje.","⚠ ATENÇÃO: hoje há "&B8&" funcionário(s) de FOLGA e "&E8&" em FÉRIAS — veja a lista abaixo.") -> ✔ Nenhum funcionário de folga ou de férias hoje.
B7: De folga hoje (inclui Natal/Ano Novo) | E7: Em férias hoje | G7: Folgas nos próx. 7 dias | H7: Férias começando em 30 dias
B8: =COUNT(AUX!$G$2:$G$901) -> 0 | E8: =COUNTIFS(FÉRIAS!$C$2:$C$301,"<="&TODAY(),FÉRIAS!$D$2:$D$301,">="&TODAY()) -> 0 | G8: =COUNT(AUX!$H$2:$H$901) -> 0 | H8: =COUNT(FÉRIAS!$L$2:$L$301) -> 2
B10: Férias sem data definida | E10: Alertas em todas as abas | G10: Natal | H10: Ano Novo
B11: =COUNTIFS(FÉRIAS!$A$2:$A$301,"?*",FÉRIAS!$H$2:$H$301,"Sem data definida") -> 2 | E11: =COUNTIF(FOLGAS!$G$2:$G$301,"⚠*")+COUNTIF(FÉRIAS!$I$2:$I$301,"⚠*")+COUNTIF(FÉRIAS!$H$2:$H$301,"⚠*")+COUNTIF(NATAL!$F$2:$F$301,"⚠*")+COUNTIF('ANO NOVO'!$F$2:$F$301,"⚠*") -> 2 | G11: =COUNTIF(NATAL!$D$2:$D$301,"FOLGA")&" folga / "&COUNTIF(NATAL!$D$2:$D$301,"TRABALHA")&" trab."&IF(COUNTIFS(NATAL!$A$2:$A$301,"?*",NATAL!$D$2:$D$301,"")>0," / "&COUNTIFS(NATAL!$A$2:$A$301,"?*",NATAL!$D$2:$D$301,"")&" pend.","") -> 0 folga / 0 trab. | H11: =COUNTIF('ANO NOVO'!$D$2:$D$301,"FOLGA")&" folga / "&COUNTIF('ANO NOVO'!$D$2:$D$301,"TRABALHA")&" trab."&IF(COUNTIFS('ANO NOVO'!$A$2:$A$301,"?*",'ANO NOVO'!$D$2:$D$301,"")>0," / "&COUNTIFS('ANO NOVO'!$A$2:$A$301,"?*",'ANO NOVO'!$D$2:$D$301,"")&" pend.","") -> 0 folga / 0 trab.
B13: DE FOLGA HOJE
B14: # | C14: Nome | D14: Setor | E14: Origem | F14: Observação
B15: =IF(L15="","",1) | C15: =IF($L15="","",INDEX(AUX!$B:$B,$L15)&"") | D15: =IF($L15="","",INDEX(AUX!$C:$C,$L15)&"") | E15: =IF($L15="","",INDEX(AUX!$A:$A,$L15)&"") | F15: =IF($L15="","",INDEX(AUX!$E:$E,$L15)&"") | L15: =IFERROR(ROUND(MOD(SMALL(AUX!$G$2:$G$901,1),1)*100000,0),"")
B16: =IF(L16="","",2) | C16: =IF($L16="","",INDEX(AUX!$B:$B,$L16)&"") | D16: =IF($L16="","",INDEX(AUX!$C:$C,$L16)&"") | E16: =IF($L16="","",INDEX(AUX!$A:$A,$L16)&"") | F16: =IF($L16="","",INDEX(AUX!$E:$E,$L16)&"") | L16: =IFERROR(ROUND(MOD(SMALL(AUX!$G$2:$G$901,2),1)*100000,0),"")
B17: =IF(L17="","",3) | C17: =IF($L17="","",INDEX(AUX!$B:$B,$L17)&"") | D17: =IF($L17="","",INDEX(AUX!$C:$C,$L17)&"") | E17: =IF($L17="","",INDEX(AUX!$A:$A,$L17)&"") | F17: =IF($L17="","",INDEX(AUX!$E:$E,$L17)&"") | L17: =IFERROR(ROUND(MOD(SMALL(AUX!$G$2:$G$901,3),1)*100000,0),"")
B18: =IF(L18="","",4) | C18: =IF($L18="","",INDEX(AUX!$B:$B,$L18)&"") | D18: =IF($L18="","",INDEX(AUX!$C:$C,$L18)&"") | E18: =IF($L18="","",INDEX(AUX!$A:$A,$L18)&"") | F18: =IF($L18="","",INDEX(AUX!$E:$E,$L18)&"") | L18: =IFERROR(ROUND(MOD(SMALL(AUX!$G$2:$G$901,4),1)*100000,0),"")
B19: =IF(L19="","",5) | C19: =IF($L19="","",INDEX(AUX!$B:$B,$L19)&"") | D19: =IF($L19="","",INDEX(AUX!$C:$C,$L19)&"") | E19: =IF($L19="","",INDEX(AUX!$A:$A,$L19)&"") | F19: =IF($L19="","",INDEX(AUX!$E:$E,$L19)&"") | L19: =IFERROR(ROUND(MOD(SMALL(AUX!$G$2:$G$901,5),1)*100000,0),"")
B20: =IF(L20="","",6) | C20: =IF($L20="","",INDEX(AUX!$B:$B,$L20)&"") | D20: =IF($L20="","",INDEX(AUX!$C:$C,$L20)&"") | E20: =IF($L20="","",INDEX(AUX!$A:$A,$L20)&"") | F20: =IF($L20="","",INDEX(AUX!$E:$E,$L20)&"") | L20: =IFERROR(ROUND(MOD(SMALL(AUX!$G$2:$G$901,6),1)*100000,0),"")
B21: =IF(L21="","",7) | C21: =IF($L21="","",INDEX(AUX!$B:$B,$L21)&"") | D21: =IF($L21="","",INDEX(AUX!$C:$C,$L21)&"") | E21: =IF($L21="","",INDEX(AUX!$A:$A,$L21)&"") | F21: =IF($L21="","",INDEX(AUX!$E:$E,$L21)&"") | L21: =IFERROR(ROUND(MOD(SMALL(AUX!$G$2:$G$901,7),1)*100000,0),"")
B22: =IF(L22="","",8) | C22: =IF($L22="","",INDEX(AUX!$B:$B,$L22)&"") | D22: =IF($L22="","",INDEX(AUX!$C:$C,$L22)&"") | E22: =IF($L22="","",INDEX(AUX!$A:$A,$L22)&"") | F22: =IF($L22="","",INDEX(AUX!$E:$E,$L22)&"") | L22: =IFERROR(ROUND(MOD(SMALL(AUX!$G$2:$G$901,8),1)*100000,0),"")
B23: =IF(L23="","",9) | C23: =IF($L23="","",INDEX(AUX!$B:$B,$L23)&"") | D23: =IF($L23="","",INDEX(AUX!$C:$C,$L23)&"") | E23: =IF($L23="","",INDEX(AUX!$A:$A,$L23)&"") | F23: =IF($L23="","",INDEX(AUX!$E:$E,$L23)&"") | L23: =IFERROR(ROUND(MOD(SMALL(AUX!$G$2:$G$901,9),1)*100000,0),"")
B24: =IF(L24="","",10) | C24: =IF($L24="","",INDEX(AUX!$B:$B,$L24)&"") | D24: =IF($L24="","",INDEX(AUX!$C:$C,$L24)&"") | E24: =IF($L24="","",INDEX(AUX!$A:$A,$L24)&"") | F24: =IF($L24="","",INDEX(AUX!$E:$E,$L24)&"") | L24: =IFERROR(ROUND(MOD(SMALL(AUX!$G$2:$G$901,10),1)*100000,0),"")
B25: =IF($B$8=0,"Ninguém nesta lista.",IF($B$8>10,"... e mais "&($B$8-10)&" — veja a aba FOLGAS / NATAL / ANO NOVO.","")) -> Ninguém nesta lista.
B27: EM FÉRIAS HOJE
B28: # | C28: Nome | D28: Setor | E28: Início | F28: Fim | G28: Retorno | H28: Dias restantes | I28: Status
B29: =IF(L29="","",1) | C29: =IF($L29="","",INDEX(FÉRIAS!$A:$A,$L29)&"") | D29: =IF($L29="","",INDEX(FÉRIAS!$B:$B,$L29)&"") | E29: =IF($L29="","",INDEX(FÉRIAS!$C:$C,$L29)) | F29: =IF($L29="","",INDEX(FÉRIAS!$D:$D,$L29)) | G29: =IF($L29="","",INDEX(FÉRIAS!$G:$G,$L29)) | H29: =IF($L29="","",INDEX(FÉRIAS!$D:$D,$L29)-TODAY()) | I29: =IF($L29="","",INDEX(FÉRIAS!$H:$H,$L29)&"") | L29: =IFERROR(ROUND(MOD(SMALL(FÉRIAS!$K$2:$K$301,1),1)*100000,0),"")
B30: =IF(L30="","",2) | C30: =IF($L30="","",INDEX(FÉRIAS!$A:$A,$L30)&"") | D30: =IF($L30="","",INDEX(FÉRIAS!$B:$B,$L30)&"") | E30: =IF($L30="","",INDEX(FÉRIAS!$C:$C,$L30)) | F30: =IF($L30="","",INDEX(FÉRIAS!$D:$D,$L30)) | G30: =IF($L30="","",INDEX(FÉRIAS!$G:$G,$L30)) | H30: =IF($L30="","",INDEX(FÉRIAS!$D:$D,$L30)-TODAY()) | I30: =IF($L30="","",INDEX(FÉRIAS!$H:$H,$L30)&"") | L30: =IFERROR(ROUND(MOD(SMALL(FÉRIAS!$K$2:$K$301,2),1)*100000,0),"")
B31: =IF(L31="","",3) | C31: =IF($L31="","",INDEX(FÉRIAS!$A:$A,$L31)&"") | D31: =IF($L31="","",INDEX(FÉRIAS!$B:$B,$L31)&"") | E31: =IF($L31="","",INDEX(FÉRIAS!$C:$C,$L31)) | F31: =IF($L31="","",INDEX(FÉRIAS!$D:$D,$L31)) | G31: =IF($L31="","",INDEX(FÉRIAS!$G:$G,$L31)) | H31: =IF($L31="","",INDEX(FÉRIAS!$D:$D,$L31)-TODAY()) | I31: =IF($L31="","",INDEX(FÉRIAS!$H:$H,$L31)&"") | L31: =IFERROR(ROUND(MOD(SMALL(FÉRIAS!$K$2:$K$301,3),1)*100000,0),"")
B32: =IF(L32="","",4) | C32: =IF($L32="","",INDEX(FÉRIAS!$A:$A,$L32)&"") | D32: =IF($L32="","",INDEX(FÉRIAS!$B:$B,$L32)&"") | E32: =IF($L32="","",INDEX(FÉRIAS!$C:$C,$L32)) | F32: =IF($L32="","",INDEX(FÉRIAS!$D:$D,$L32)) | G32: =IF($L32="","",INDEX(FÉRIAS!$G:$G,$L32)) | H32: =IF($L32="","",INDEX(FÉRIAS!$D:$D,$L32)-TODAY()) | I32: =IF($L32="","",INDEX(FÉRIAS!$H:$H,$L32)&"") | L32: =IFERROR(ROUND(MOD(SMALL(FÉRIAS!$K$2:$K$301,4),1)*100000,0),"")
B33: =IF(L33="","",5) | C33: =IF($L33="","",INDEX(FÉRIAS!$A:$A,$L33)&"") | D33: =IF($L33="","",INDEX(FÉRIAS!$B:$B,$L33)&"") | E33: =IF($L33="","",INDEX(FÉRIAS!$C:$C,$L33)) | F33: =IF($L33="","",INDEX(FÉRIAS!$D:$D,$L33)) | G33: =IF($L33="","",INDEX(FÉRIAS!$G:$G,$L33)) | H33: =IF($L33="","",INDEX(FÉRIAS!$D:$D,$L33)-TODAY()) | I33: =IF($L33="","",INDEX(FÉRIAS!$H:$H,$L33)&"") | L33: =IFERROR(ROUND(MOD(SMALL(FÉRIAS!$K$2:$K$301,5),1)*100000,0),"")
B34: =IF(L34="","",6) | C34: =IF($L34="","",INDEX(FÉRIAS!$A:$A,$L34)&"") | D34: =IF($L34="","",INDEX(FÉRIAS!$B:$B,$L34)&"") | E34: =IF($L34="","",INDEX(FÉRIAS!$C:$C,$L34)) | F34: =IF($L34="","",INDEX(FÉRIAS!$D:$D,$L34)) | G34: =IF($L34="","",INDEX(FÉRIAS!$G:$G,$L34)) | H34: =IF($L34="","",INDEX(FÉRIAS!$D:$D,$L34)-TODAY()) | I34: =IF($L34="","",INDEX(FÉRIAS!$H:$H,$L34)&"") | L34: =IFERROR(ROUND(MOD(SMALL(FÉRIAS!$K$2:$K$301,6),1)*100000,0),"")
B35: =IF(L35="","",7) | C35: =IF($L35="","",INDEX(FÉRIAS!$A:$A,$L35)&"") | D35: =IF($L35="","",INDEX(FÉRIAS!$B:$B,$L35)&"") | E35: =IF($L35="","",INDEX(FÉRIAS!$C:$C,$L35)) | F35: =IF($L35="","",INDEX(FÉRIAS!$D:$D,$L35)) | G35: =IF($L35="","",INDEX(FÉRIAS!$G:$G,$L35)) | H35: =IF($L35="","",INDEX(FÉRIAS!$D:$D,$L35)-TODAY()) | I35: =IF($L35="","",INDEX(FÉRIAS!$H:$H,$L35)&"") | L35: =IFERROR(ROUND(MOD(SMALL(FÉRIAS!$K$2:$K$301,7),1)*100000,0),"")
B36: =IF(L36="","",8) | C36: =IF($L36="","",INDEX(FÉRIAS!$A:$A,$L36)&"") | D36: =IF($L36="","",INDEX(FÉRIAS!$B:$B,$L36)&"") | E36: =IF($L36="","",INDEX(FÉRIAS!$C:$C,$L36)) | F36: =IF($L36="","",INDEX(FÉRIAS!$D:$D,$L36)) | G36: =IF($L36="","",INDEX(FÉRIAS!$G:$G,$L36)) | H36: =IF($L36="","",INDEX(FÉRIAS!$D:$D,$L36)-TODAY()) | I36: =IF($L36="","",INDEX(FÉRIAS!$H:$H,$L36)&"") | L36: =IFERROR(ROUND(MOD(SMALL(FÉRIAS!$K$2:$K$301,8),1)*100000,0),"")
B37: =IF(L37="","",9) | C37: =IF($L37="","",INDEX(FÉRIAS!$A:$A,$L37)&"") | D37: =IF($L37="","",INDEX(FÉRIAS!$B:$B,$L37)&"") | E37: =IF($L37="","",INDEX(FÉRIAS!$C:$C,$L37)) | F37: =IF($L37="","",INDEX(FÉRIAS!$D:$D,$L37)) | G37: =IF($L37="","",INDEX(FÉRIAS!$G:$G,$L37)) | H37: =IF($L37="","",INDEX(FÉRIAS!$D:$D,$L37)-TODAY()) | I37: =IF($L37="","",INDEX(FÉRIAS!$H:$H,$L37)&"") | L37: =IFERROR(ROUND(MOD(SMALL(FÉRIAS!$K$2:$K$301,9),1)*100000,0),"")
B38: =IF(L38="","",10) | C38: =IF($L38="","",INDEX(FÉRIAS!$A:$A,$L38)&"") | D38: =IF($L38="","",INDEX(FÉRIAS!$B:$B,$L38)&"") | E38: =IF($L38="","",INDEX(FÉRIAS!$C:$C,$L38)) | F38: =IF($L38="","",INDEX(FÉRIAS!$D:$D,$L38)) | G38: =IF($L38="","",INDEX(FÉRIAS!$G:$G,$L38)) | H38: =IF($L38="","",INDEX(FÉRIAS!$D:$D,$L38)-TODAY()) | I38: =IF($L38="","",INDEX(FÉRIAS!$H:$H,$L38)&"") | L38: =IFERROR(ROUND(MOD(SMALL(FÉRIAS!$K$2:$K$301,10),1)*100000,0),"")
B39: =IF($E$8=0,"Ninguém nesta lista.",IF($E$8>10,"... e mais "&($E$8-10)&" — veja a aba FÉRIAS.","")) -> Ninguém nesta lista.
B41: PRÓXIMAS FOLGAS (PRÓXIMOS 7 DIAS)
B42: # | C42: Nome | D42: Setor | E42: Data | F42: Dia | G42: Faltam (dias) | H42: Origem | I42: Alerta
B43: =IF(L43="","",1) | C43: =IF($L43="","",INDEX(AUX!$B:$B,$L43)&"") | D43: =IF($L43="","",INDEX(AUX!$C:$C,$L43)&"") | E43: =IF($L43="","",INDEX(AUX!$D:$D,$L43)) | F43: =IF($L43="","",INDEX(AUX!$J:$J,$L43)&"") | G43: =IF($L43="","",INDEX(AUX!$D:$D,$L43)-TODAY()) | H43: =IF($L43="","",INDEX(AUX!$A:$A,$L43)&"") | I43: =IF($L43="","",INDEX(AUX!$F:$F,$L43)&"") | L43: =IFERROR(ROUND(MOD(SMALL(AUX!$H$2:$H$901,1),1)*100000,0),"")
B44: =IF(L44="","",2) | C44: =IF($L44="","",INDEX(AUX!$B:$B,$L44)&"") | D44: =IF($L44="","",INDEX(AUX!$C:$C,$L44)&"") | E44: =IF($L44="","",INDEX(AUX!$D:$D,$L44)) | F44: =IF($L44="","",INDEX(AUX!$J:$J,$L44)&"") | G44: =IF($L44="","",INDEX(AUX!$D:$D,$L44)-TODAY()) | H44: =IF($L44="","",INDEX(AUX!$A:$A,$L44)&"") | I44: =IF($L44="","",INDEX(AUX!$F:$F,$L44)&"") | L44: =IFERROR(ROUND(MOD(SMALL(AUX!$H$2:$H$901,2),1)*100000,0),"")
B45: =IF(L45="","",3) | C45: =IF($L45="","",INDEX(AUX!$B:$B,$L45)&"") | D45: =IF($L45="","",INDEX(AUX!$C:$C,$L45)&"") | E45: =IF($L45="","",INDEX(AUX!$D:$D,$L45)) | F45: =IF($L45="","",INDEX(AUX!$J:$J,$L45)&"") | G45: =IF($L45="","",INDEX(AUX!$D:$D,$L45)-TODAY()) | H45: =IF($L45="","",INDEX(AUX!$A:$A,$L45)&"") | I45: =IF($L45="","",INDEX(AUX!$F:$F,$L45)&"") | L45: =IFERROR(ROUND(MOD(SMALL(AUX!$H$2:$H$901,3),1)*100000,0),"")
B46: =IF(L46="","",4) | C46: =IF($L46="","",INDEX(AUX!$B:$B,$L46)&"") | D46: =IF($L46="","",INDEX(AUX!$C:$C,$L46)&"") | E46: =IF($L46="","",INDEX(AUX!$D:$D,$L46)) | F46: =IF($L46="","",INDEX(AUX!$J:$J,$L46)&"") | G46: =IF($L46="","",INDEX(AUX!$D:$D,$L46)-TODAY()) | H46: =IF($L46="","",INDEX(AUX!$A:$A,$L46)&"") | I46: =IF($L46="","",INDEX(AUX!$F:$F,$L46)&"") | L46: =IFERROR(ROUND(MOD(SMALL(AUX!$H$2:$H$901,4),1)*100000,0),"")
B47: =IF(L47="","",5) | C47: =IF($L47="","",INDEX(AUX!$B:$B,$L47)&"") | D47: =IF($L47="","",INDEX(AUX!$C:$C,$L47)&"") | E47: =IF($L47="","",INDEX(AUX!$D:$D,$L47)) | F47: =IF($L47="","",INDEX(AUX!$J:$J,$L47)&"") | G47: =IF($L47="","",INDEX(AUX!$D:$D,$L47)-TODAY()) | H47: =IF($L47="","",INDEX(AUX!$A:$A,$L47)&"") | I47: =IF($L47="","",INDEX(AUX!$F:$F,$L47)&"") | L47: =IFERROR(ROUND(MOD(SMALL(AUX!$H$2:$H$901,5),1)*100000,0),"")
B48: =IF(L48="","",6) | C48: =IF($L48="","",INDEX(AUX!$B:$B,$L48)&"") | D48: =IF($L48="","",INDEX(AUX!$C:$C,$L48)&"") | E48: =IF($L48="","",INDEX(AUX!$D:$D,$L48)) | F48: =IF($L48="","",INDEX(AUX!$J:$J,$L48)&"") | G48: =IF($L48="","",INDEX(AUX!$D:$D,$L48)-TODAY()) | H48: =IF($L48="","",INDEX(AUX!$A:$A,$L48)&"") | I48: =IF($L48="","",INDEX(AUX!$F:$F,$L48)&"") | L48: =IFERROR(ROUND(MOD(SMALL(AUX!$H$2:$H$901,6),1)*100000,0),"")
B49: =IF(L49="","",7) | C49: =IF($L49="","",INDEX(AUX!$B:$B,$L49)&"") | D49: =IF($L49="","",INDEX(AUX!$C:$C,$L49)&"") | E49: =IF($L49="","",INDEX(AUX!$D:$D,$L49)) | F49: =IF($L49="","",INDEX(AUX!$J:$J,$L49)&"") | G49: =IF($L49="","",INDEX(AUX!$D:$D,$L49)-TODAY()) | H49: =IF($L49="","",INDEX(AUX!$A:$A,$L49)&"") | I49: =IF($L49="","",INDEX(AUX!$F:$F,$L49)&"") | L49: =IFERROR(ROUND(MOD(SMALL(AUX!$H$2:$H$901,7),1)*100000,0),"")
B50: =IF(L50="","",8) | C50: =IF($L50="","",INDEX(AUX!$B:$B,$L50)&"") | D50: =IF($L50="","",INDEX(AUX!$C:$C,$L50)&"") | E50: =IF($L50="","",INDEX(AUX!$D:$D,$L50)) | F50: =IF($L50="","",INDEX(AUX!$J:$J,$L50)&"") | G50: =IF($L50="","",INDEX(AUX!$D:$D,$L50)-TODAY()) | H50: =IF($L50="","",INDEX(AUX!$A:$A,$L50)&"") | I50: =IF($L50="","",INDEX(AUX!$F:$F,$L50)&"") | L50: =IFERROR(ROUND(MOD(SMALL(AUX!$H$2:$H$901,8),1)*100000,0),"")
B51: =IF(L51="","",9) | C51: =IF($L51="","",INDEX(AUX!$B:$B,$L51)&"") | D51: =IF($L51="","",INDEX(AUX!$C:$C,$L51)&"") | E51: =IF($L51="","",INDEX(AUX!$D:$D,$L51)) | F51: =IF($L51="","",INDEX(AUX!$J:$J,$L51)&"") | G51: =IF($L51="","",INDEX(AUX!$D:$D,$L51)-TODAY()) | H51: =IF($L51="","",INDEX(AUX!$A:$A,$L51)&"") | I51: =IF($L51="","",INDEX(AUX!$F:$F,$L51)&"") | L51: =IFERROR(ROUND(MOD(SMALL(AUX!$H$2:$H$901,9),1)*100000,0),"")
B52: =IF(L52="","",10) | C52: =IF($L52="","",INDEX(AUX!$B:$B,$L52)&"") | D52: =IF($L52="","",INDEX(AUX!$C:$C,$L52)&"") | E52: =IF($L52="","",INDEX(AUX!$D:$D,$L52)) | F52: =IF($L52="","",INDEX(AUX!$J:$J,$L52)&"") | G52: =IF($L52="","",INDEX(AUX!$D:$D,$L52)-TODAY()) | H52: =IF($L52="","",INDEX(AUX!$A:$A,$L52)&"") | I52: =IF($L52="","",INDEX(AUX!$F:$F,$L52)&"") | L52: =IFERROR(ROUND(MOD(SMALL(AUX!$H$2:$H$901,10),1)*100000,0),"")
B53: =IF($G$8=0,"Ninguém nesta lista.",IF($G$8>10,"... e mais "&($G$8-10)&" — veja a aba FOLGAS / NATAL / ANO NOVO.","")) -> Ninguém nesta lista.
B55: PRÓXIMAS FÉRIAS (PRÓXIMOS 30 DIAS)
B56: # | C56: Nome | D56: Setor | E56: Início | F56: Fim | G56: Total dias | H56: Faltam (dias) | I56: Alerta
B57: =IF(L57="","",1) -> 1 | C57: =IF($L57="","",INDEX(FÉRIAS!$A:$A,$L57)&"") -> SÉRGIO SÁ | D57: =IF($L57="","",INDEX(FÉRIAS!$B:$B,$L57)&"") -> FISCALIZAÇÃO | E57: =IF($L57="","",INDEX(FÉRIAS!$C:$C,$L57)) -> 46308 | F57: =IF($L57="","",INDEX(FÉRIAS!$D:$D,$L57)) -> 46311 | G57: =IF($L57="","",INDEX(FÉRIAS!$F:$F,$L57)) -> 4 | H57: =IF($L57="","",INDEX(FÉRIAS!$C:$C,$L57)-TODAY()) -> 7 | I57: =IF($L57="","",INDEX(FÉRIAS!$I:$I,$L57)&"") | L57: =IFERROR(ROUND(MOD(SMALL(FÉRIAS!$L$2:$L$301,1),1)*100000,0),"") -> 7
B58: =IF(L58="","",2) -> 2 | C58: =IF($L58="","",INDEX(FÉRIAS!$A:$A,$L58)&"") -> FABIO FERREIRA | D58: =IF($L58="","",INDEX(FÉRIAS!$B:$B,$L58)&"") -> FISCALIZAÇÃO | E58: =IF($L58="","",INDEX(FÉRIAS!$C:$C,$L58)) -> 46314 | F58: =IF($L58="","",INDEX(FÉRIAS!$D:$D,$L58)) -> 46328 | G58: =IF($L58="","",INDEX(FÉRIAS!$F:$F,$L58)) -> 15 | H58: =IF($L58="","",INDEX(FÉRIAS!$C:$C,$L58)-TODAY()) -> 13 | I58: =IF($L58="","",INDEX(FÉRIAS!$I:$I,$L58)&"") | L58: =IFERROR(ROUND(MOD(SMALL(FÉRIAS!$L$2:$L$301,2),1)*100000,0),"") -> 4
B59: =IF(L59="","",3) | C59: =IF($L59="","",INDEX(FÉRIAS!$A:$A,$L59)&"") | D59: =IF($L59="","",INDEX(FÉRIAS!$B:$B,$L59)&"") | E59: =IF($L59="","",INDEX(FÉRIAS!$C:$C,$L59)) | F59: =IF($L59="","",INDEX(FÉRIAS!$D:$D,$L59)) | G59: =IF($L59="","",INDEX(FÉRIAS!$F:$F,$L59)) | H59: =IF($L59="","",INDEX(FÉRIAS!$C:$C,$L59)-TODAY()) | I59: =IF($L59="","",INDEX(FÉRIAS!$I:$I,$L59)&"") | L59: =IFERROR(ROUND(MOD(SMALL(FÉRIAS!$L$2:$L$301,3),1)*100000,0),"")
B60: =IF(L60="","",4) | C60: =IF($L60="","",INDEX(FÉRIAS!$A:$A,$L60)&"") | D60: =IF($L60="","",INDEX(FÉRIAS!$B:$B,$L60)&"") | E60: =IF($L60="","",INDEX(FÉRIAS!$C:$C,$L60)) | F60: =IF($L60="","",INDEX(FÉRIAS!$D:$D,$L60)) | G60: =IF($L60="","",INDEX(FÉRIAS!$F:$F,$L60)) | H60: =IF($L60="","",INDEX(FÉRIAS!$C:$C,$L60)-TODAY()) | I60: =IF($L60="","",INDEX(FÉRIAS!$I:$I,$L60)&"") | L60: =IFERROR(ROUND(MOD(SMALL(FÉRIAS!$L$2:$L$301,4),1)*100000,0),"")
B61: =IF(L61="","",5) | C61: =IF($L61="","",INDEX(FÉRIAS!$A:$A,$L61)&"") | D61: =IF($L61="","",INDEX(FÉRIAS!$B:$B,$L61)&"") | E61: =IF($L61="","",INDEX(FÉRIAS!$C:$C,$L61)) | F61: =IF($L61="","",INDEX(FÉRIAS!$D:$D,$L61)) | G61: =IF($L61="","",INDEX(FÉRIAS!$F:$F,$L61)) | H61: =IF($L61="","",INDEX(FÉRIAS!$C:$C,$L61)-TODAY()) | I61: =IF($L61="","",INDEX(FÉRIAS!$I:$I,$L61)&"") | L61: =IFERROR(ROUND(MOD(SMALL(FÉRIAS!$L$2:$L$301,5),1)*100000,0),"")
B62: =IF(L62="","",6) | C62: =IF($L62="","",INDEX(FÉRIAS!$A:$A,$L62)&"") | D62: =IF($L62="","",INDEX(FÉRIAS!$B:$B,$L62)&"") | E62: =IF($L62="","",INDEX(FÉRIAS!$C:$C,$L62)) | F62: =IF($L62="","",INDEX(FÉRIAS!$D:$D,$L62)) | G62: =IF($L62="","",INDEX(FÉRIAS!$F:$F,$L62)) | H62: =IF($L62="","",INDEX(FÉRIAS!$C:$C,$L62)-TODAY()) | I62: =IF($L62="","",INDEX(FÉRIAS!$I:$I,$L62)&"") | L62: =IFERROR(ROUND(MOD(SMALL(FÉRIAS!$L$2:$L$301,6),1)*100000,0),"")
B63: =IF(L63="","",7) | C63: =IF($L63="","",INDEX(FÉRIAS!$A:$A,$L63)&"") | D63: =IF($L63="","",INDEX(FÉRIAS!$B:$B,$L63)&"") | E63: =IF($L63="","",INDEX(FÉRIAS!$C:$C,$L63)) | F63: =IF($L63="","",INDEX(FÉRIAS!$D:$D,$L63)) | G63: =IF($L63="","",INDEX(FÉRIAS!$F:$F,$L63)) | H63: =IF($L63="","",INDEX(FÉRIAS!$C:$C,$L63)-TODAY()) | I63: =IF($L63="","",INDEX(FÉRIAS!$I:$I,$L63)&"") | L63: =IFERROR(ROUND(MOD(SMALL(FÉRIAS!$L$2:$L$301,7),1)*100000,0),"")
B64: =IF(L64="","",8) | C64: =IF($L64="","",INDEX(FÉRIAS!$A:$A,$L64)&"") | D64: =IF($L64="","",INDEX(FÉRIAS!$B:$B,$L64)&"") | E64: =IF($L64="","",INDEX(FÉRIAS!$C:$C,$L64)) | F64: =IF($L64="","",INDEX(FÉRIAS!$D:$D,$L64)) | G64: =IF($L64="","",INDEX(FÉRIAS!$F:$F,$L64)) | H64: =IF($L64="","",INDEX(FÉRIAS!$C:$C,$L64)-TODAY()) | I64: =IF($L64="","",INDEX(FÉRIAS!$I:$I,$L64)&"") | L64: =IFERROR(ROUND(MOD(SMALL(FÉRIAS!$L$2:$L$301,8),1)*100000,0),"")
B65: =IF(L65="","",9) | C65: =IF($L65="","",INDEX(FÉRIAS!$A:$A,$L65)&"") | D65: =IF($L65="","",INDEX(FÉRIAS!$B:$B,$L65)&"") | E65: =IF($L65="","",INDEX(FÉRIAS!$C:$C,$L65)) | F65: =IF($L65="","",INDEX(FÉRIAS!$D:$D,$L65)) | G65: =IF($L65="","",INDEX(FÉRIAS!$F:$F,$L65)) | H65: =IF($L65="","",INDEX(FÉRIAS!$C:$C,$L65)-TODAY()) | I65: =IF($L65="","",INDEX(FÉRIAS!$I:$I,$L65)&"") | L65: =IFERROR(ROUND(MOD(SMALL(FÉRIAS!$L$2:$L$301,9),1)*100000,0),"")
B66: =IF(L66="","",10) | C66: =IF($L66="","",INDEX(FÉRIAS!$A:$A,$L66)&"") | D66: =IF($L66="","",INDEX(FÉRIAS!$B:$B,$L66)&"") | E66: =IF($L66="","",INDEX(FÉRIAS!$C:$C,$L66)) | F66: =IF($L66="","",INDEX(FÉRIAS!$D:$D,$L66)) | G66: =IF($L66="","",INDEX(FÉRIAS!$F:$F,$L66)) | H66: =IF($L66="","",INDEX(FÉRIAS!$C:$C,$L66)-TODAY()) | I66: =IF($L66="","",INDEX(FÉRIAS!$I:$I,$L66)&"") | L66: =IFERROR(ROUND(MOD(SMALL(FÉRIAS!$L$2:$L$301,10),1)*100000,0),"")
B67: =IF($H$8=0,"Ninguém nesta lista.",IF($H$8>10,"... e mais "&($H$8-10)&" — veja a aba FÉRIAS.",""))

Sheet CALENDÁRIO
B2: CALENDÁRIO DE AUSÊNCIAS | J2: QUEM ESTÁ AUSENTE NO DIA?
O3: =IF(AND(ISNUMBER(F4),F4>=1900),F4,YEAR(TODAY())) -> 2026
B4: Mês: | C4: =INDEX(LISTAS!$D$2:$D$13,MONTH(TODAY())) -> Outubro | E4: Ano: | F4: =YEAR(TODAY()) -> 2026 | G4: ← mude para ver outros meses | J4: Digite a data: | L4: =TODAY() -> 46301 | M4: =IF(ISNUMBER(L4),CHOOSE(WEEKDAY(L4),"Domingo","Segunda","Terça","Quarta","Quinta","Sexta","Sábado"),"") -> Terça | O4: =IFERROR(MATCH(C4,LISTAS!$D$2:$D$13,0),MONTH(TODAY())) -> 10
O5: =DATE(O3,O4,1)-WEEKDAY(DATE(O3,O4,1))+1 -> 46292
B6: Domingo | C6: Segunda | D6: Terça | E6: Quarta | F6: Quinta | G6: Sexta | H6: Sábado | J6: # | K6: Nome | L6: Setor | M6: Tipo | O6: =COUNT(AUX!$I$2:$I$901) -> 0
B7: =$O$5+0 -> 46292 | C7: =$O$5+1 -> 46293 | D7: =$O$5+2 -> 46294 | E7: =$O$5+3 -> 46295 | F7: =$O$5+4 -> 46296 | G7: =$O$5+5 -> 46297 | H7: =$O$5+6 -> 46298 | J7: =IF(P7="","",1) | K7: =IF(P7="","",IF(1<=$O$6,INDEX(AUX!$B:$B,P7),INDEX(FÉRIAS!$A:$A,P7))&"") | L7: =IF(P7="","",IF(1<=$O$6,INDEX(AUX!$C:$C,P7),INDEX(FÉRIAS!$B:$B,P7))&"") | M7: =IF(P7="","",IF(1<=$O$6,INDEX(AUX!$A:$A,P7),"Férias")) | O7: =COUNT(FÉRIAS!$M$2:$M$301) -> 0 | P7: =IF(1>$O$6+$O$7,"",IF(1<=$O$6,SMALL(AUX!$I$2:$I$901,1),SMALL(FÉRIAS!$M$2:$M$301,1-$O$6)))
B8: =IF(MONTH(B7)<>$O$4,"",IF(COUNTIF(AUX!$D$2:$D$901,B7)+COUNTIFS(FÉRIAS!$C$2:$C$301,"<="&B7,FÉRIAS!$D$2:$D$301,">="&B7)=0,"",IF(COUNTIF(AUX!$D$2:$D$901,B7)>0,"Folga: "&COUNTIF(AUX!$D$2:$D$901,B7),"")&IF(AND(COUNTIF(AUX!$D$2:$D$901,B7)>0,COUNTIFS(FÉRIAS!$C$2:$C$301,"<="&B7,FÉRIAS!$D$2:$D$301,">="&B7)>0),CHAR(10),"")&IF(COUNTIFS(FÉRIAS!$C$2:$C$301,"<="&B7,FÉRIAS!$D$2:$D$301,">="&B7)>0,"Férias: "&COUNTIFS(FÉRIAS!$C$2:$C$301,"<="&B7,FÉRIAS!$D$2:$D$301,">="&B7),""))) | C8: =IF(MONTH(C7)<>$O$4,"",IF(COUNTIF(AUX!$D$2:$D$901,C7)+COUNTIFS(FÉRIAS!$C$2:$C$301,"<="&C7,FÉRIAS!$D$2:$D$301,">="&C7)=0,"",IF(COUNTIF(AUX!$D$2:$D$901,C7)>0,"Folga: "&COUNTIF(AUX!$D$2:$D$901,C7),"")&IF(AND(COUNTIF(AUX!$D$2:$D$901,C7)>0,COUNTIFS(FÉRIAS!$C$2:$C$301,"<="&C7,FÉRIAS!$D$2:$D$301,">="&C7)>0),CHAR(10),"")&IF(COUNTIFS(FÉRIAS!$C$2:$C$301,"<="&C7,FÉRIAS!$D$2:$D$301,">="&C7)>0,"Férias: "&COUNTIFS(FÉRIAS!$C$2:$C$301,"<="&C7,FÉRIAS!$D$2:$D$301,">="&C7),""))) | D8: =IF(MONTH(D7)<>$O$4,"",IF(COUNTIF(AUX!$D$2:$D$901,D7)+COUNTIFS(FÉRIAS!$C$2:$C$301,"<="&D7,FÉRIAS!$D$2:$D$301,">="&D7)=0,"",IF(COUNTIF(AUX!$D$2:$D$901,D7)>0,"Folga: "&COUNTIF(AUX!$D$2:$D$901,D7),"")&IF(AND(COUNTIF(AUX!$D$2:$D$901,D7)>0,COUNTIFS(FÉRIAS!$C$2:$C$301,"<="&D7,FÉRIAS!$D$2:$D$301,">="&D7)>0),CHAR(10),"")&IF(COUNTIFS(FÉRIAS!$C$2:$C$301,"<="&D7,FÉRIAS!$D$2:$D$301,">="&D7)>0,"Férias: "&COUNTIFS(FÉRIAS!$C$2:$C$301,"<="&D7,FÉRIAS!$D$2:$D$301,">="&D7),""))) | E8: =IF(MONTH(E7)<>$O$4,"",IF(COUNTIF(AUX!$D$2:$D$901,E7)+COUNTIFS(FÉRIAS!$C$2:$C$301,"<="&E7,FÉRIAS!$D$2:$D$301,">="&E7)=0,"",IF(COUNTIF(AUX!$D$2:$D$901,E7)>0,"Folga: "&COUNTIF(AUX!$D$2:$D$901,E7),"")&IF(AND(COUNTIF(AUX!$D$2:$D$901,E7)>0,COUNTIFS(FÉRIAS!$C$2:$C$301,"<="&E7,FÉRIAS!$D$2:$D$301,">="&E7)>0),CHAR(10),"")&IF(COUNTIFS(FÉRIAS!$C$2:$C$301,"<="&E7,FÉRIAS!$D$2:$D$301,">="&E7)>0,"Férias: "&COUNTIFS(FÉRIAS!$C$2:$C$301,"<="&E7,FÉRIAS!$D$2:$D$301,">="&E7),""))) | F8: =IF(MONTH(F7)<>$O$4,"",IF(COUNTIF(AUX!$D$2:$D$901,F7)+COUNTIFS(FÉRIAS!$C$2:$C$301,"<="&F7,FÉRIAS!$D$2:$D$301,">="&F7)=0,"",IF(COUNTIF(AUX!$D$2:$D$901,F7)>0,"Folga: "&COUNTIF(AUX!$D$2:$D$901,F7),"")&IF(AND(COUNTIF(AUX!$D$2:$D$901,F7)>0,COUNTIFS(FÉRIAS!$C$2:$C$301,"<="&F7,FÉRIAS!$D$2:$D$301,">="&F7)>0),CHAR(10),"")&IF(COUNTIFS(FÉRIAS!$C$2:$C$301,"<="&F7,FÉRIAS!$D$2:$D$301,">="&F7)>0,"Férias: "&COUNTIFS(FÉRIAS!$C$2:$C$301,"<="&F7,FÉRIAS!$D$2:$D$301,">="&F7),""))) | G8: =IF(MONTH(G7)<>$O$4,"",IF(COUNTIF(AUX!$D$2:$D$901,G7)+COUNTIFS(FÉRIAS!$C$2:$C$301,"<="&G7,FÉRIAS!$D$2:$D$301,">="&G7)=0,"",IF(COUNTIF(AUX!$D$2:$D$901,G7)>0,"Folga: "&COUNTIF(AUX!$D$2:$D$901,G7),"")&IF(AND(COUNTIF(AUX!$D$2:$D$901,G7)>0,COUNTIFS(FÉRIAS!$C$2:$C$301,"<="&G7,FÉRIAS!$D$2:$D$301,">="&G7)>0),CHAR(10),"")&IF(COUNTIFS(FÉRIAS!$C$2:$C$301,"<="&G7,FÉRIAS!$D$2:$D$301,">="&G7)>0,"Férias: "&COUNTIFS(FÉRIAS!$C$2:$C$301,"<="&G7,FÉRIAS!$D$2:$D$301,">="&G7),""))) | H8: =IF(MONTH(H7)<>$O$4,"",IF(COUNTIF(AUX!$D$2:$D$901,H7)+COUNTIFS(FÉRIAS!$C$2:$C$301,"<="&H7,FÉRIAS!$D$2:$D$301,">="&H7)=0,"",IF(COUNTIF(AUX!$D$2:$D$901,H7)>0,"Folga: "&COUNTIF(AUX!$D$2:$D$901,H7),"")&IF(AND(COUNTIF(AUX!$D$2:$D$901,H7)>0,COUNTIFS(FÉRIAS!$C$2:$C$301,"<="&H7,FÉRIAS!$D$2:$D$301,">="&H7)>0),CHAR(10),"")&IF(COUNTIFS(FÉRIAS!$C$2:$C$301,"<="&H7,FÉRIAS!$D$2:$D$301,">="&H7)>0,"Férias: "&COUNTIFS(FÉRIAS!$C$2:$C$301,"<="&H7,FÉRIAS!$D$2:$D$301,">="&H7),""))) | J8: =IF(P8="","",2) | K8: =IF(P8="","",IF(2<=$O$6,INDEX(AUX!$B:$B,P8),INDEX(FÉRIAS!$A:$A,P8))&"") | L8: =IF(P8="","",IF(2<=$O$6,INDEX(AUX!$C:$C,P8),INDEX(FÉRIAS!$B:$B,P8))&"") | M8: =IF(P8="","",IF(2<=$O$6,INDEX(AUX!$A:$A,P8),"Férias")) | P8: =IF(2>$O$6+$O$7,"",IF(2<=$O$6,SMALL(AUX!$I$2:$I$901,2),SMALL(FÉRIAS!$M$2:$M$301,2-$O$6)))
B9: =$O$5+7 -> 46299 | C9: =$O$5+8 -> 46300 | D9: =$O$5+9 -> 46301 | E9: =$O$5+10 -> 46302 | F9: =$O$5+11 -> 46303 | G9: =$O$5+12 -> 46304 | H9: =$O$5+13 -> 46305 | J9: =IF(P9="","",3) | K9: =IF(P9="","",IF(3<=$O$6,INDEX(AUX!$B:$B,P9),INDEX(FÉRIAS!$A:$A,P9))&"") | L9: =IF(P9="","",IF(3<=$O$6,INDEX(AUX!$C:$C,P9),INDEX(FÉRIAS!$B:$B,P9))&"") | M9: =IF(P9="","",IF(3<=$O$6,INDEX(AUX!$A:$A,P9),"Férias")) | P9: =IF(3>$O$6+$O$7,"",IF(3<=$O$6,SMALL(AUX!$I$2:$I$901,3),SMALL(FÉRIAS!$M$2:$M$301,3-$O$6)))
B10: =IF(MONTH(B9)<>$O$4,"",IF(COUNTIF(AUX!$D$2:$D$901,B9)+COUNTIFS(FÉRIAS!$C$2:$C$301,"<="&B9,FÉRIAS!$D$2:$D$301,">="&B9)=0,"",IF(COUNTIF(AUX!$D$2:$D$901,B9)>0,"Folga: "&COUNTIF(AUX!$D$2:$D$901,B9),"")&IF(AND(COUNTIF(AUX!$D$2:$D$901,B9)>0,COUNTIFS(FÉRIAS!$C$2:$C$301,"<="&B9,FÉRIAS!$D$2:$D$301,">="&B9)>0),CHAR(10),"")&IF(COUNTIFS(FÉRIAS!$C$2:$C$301,"<="&B9,FÉRIAS!$D$2:$D$301,">="&B9)>0,"Férias: "&COUNTIFS(FÉRIAS!$C$2:$C$301,"<="&B9,FÉRIAS!$D$2:$D$301,">="&B9),""))) | C10: =IF(MONTH(C9)<>$O$4,"",IF(COUNTIF(AUX!$D$2:$D$901,C9)+COUNTIFS(FÉRIAS!$C$2:$C$301,"<="&C9,FÉRIAS!$D$2:$D$301,">="&C9)=0,"",IF(COUNTIF(AUX!$D$2:$D$901,C9)>0,"Folga: "&COUNTIF(AUX!$D$2:$D$901,C9),"")&IF(AND(COUNTIF(AUX!$D$2:$D$901,C9)>0,COUNTIFS(FÉRIAS!$C$2:$C$301,"<="&C9,FÉRIAS!$D$2:$D$301,">="&C9)>0),CHAR(10),"")&IF(COUNTIFS(FÉRIAS!$C$2:$C$301,"<="&C9,FÉRIAS!$D$2:$D$301,">="&C9)>0,"Férias: "&COUNTIFS(FÉRIAS!$C$2:$C$301,"<="&C9,FÉRIAS!$D$2:$D$301,">="&C9),""))) | D10: =IF(MONTH(D9)<>$O$4,"",IF(COUNTIF(AUX!$D$2:$D$901,D9)+COUNTIFS(FÉRIAS!$C$2:$C$301,"<="&D9,FÉRIAS!$D$2:$D$301,">="&D9)=0,"",IF(COUNTIF(AUX!$D$2:$D$901,D9)>0,"Folga: "&COUNTIF(AUX!$D$2:$D$901,D9),"")&IF(AND(COUNTIF(AUX!$D$2:$D$901,D9)>0,COUNTIFS(FÉRIAS!$C$2:$C$301,"<="&D9,FÉRIAS!$D$2:$D$301,">="&D9)>0),CHAR(10),"")&IF(COUNTIFS(FÉRIAS!$C$2:$C$301,"<="&D9,FÉRIAS!$D$2:$D$301,">="&D9)>0,"Férias: "&COUNTIFS(FÉRIAS!$C$2:$C$301,"<="&D9,FÉRIAS!$D$2:$D$301,">="&D9),""))) | E10: =IF(MONTH(E9)<>$O$4,"",IF(COUNTIF(AUX!$D$2:$D$901,E9)+COUNTIFS(FÉRIAS!$C$2:$C$301,"<="&E9,FÉRIAS!$D$2:$D$301,">="&E9)=0,"",IF(COUNTIF(AUX!$D$2:$D$901,E9)>0,"Folga: "&COUNTIF(AUX!$D$2:$D$901,E9),"")&IF(AND(COUNTIF(AUX!$D$2:$D$901,E9)>0,COUNTIFS(FÉRIAS!$C$2:$C$301,"<="&E9,FÉRIAS!$D$2:$D$301,">="&E9)>0),CHAR(10),"")&IF(COUNTIFS(FÉRIAS!$C$2:$C$301,"<="&E9,FÉRIAS!$D$2:$D$301,">="&E9)>0,"Férias: "&COUNTIFS(FÉRIAS!$C$2:$C$301,"<="&E9,FÉRIAS!$D$2:$D$301,">="&E9),""))) | F10: =IF(MONTH(F9)<>$O$4,"",IF(COUNTIF(AUX!$D$2:$D$901,F9)+COUNTIFS(FÉRIAS!$C$2:$C$301,"<="&F9,FÉRIAS!$D$2:$D$301,">="&F9)=0,"",IF(COUNTIF(AUX!$D$2:$D$901,F9)>0,"Folga: "&COUNTIF(AUX!$D$2:$D$901,F9),"")&IF(AND(COUNTIF(AUX!$D$2:$D$901,F9)>0,COUNTIFS(FÉRIAS!$C$2:$C$301,"<="&F9,FÉRIAS!$D$2:$D$301,">="&F9)>0),CHAR(10),"")&IF(COUNTIFS(FÉRIAS!$C$2:$C$301,"<="&F9,FÉRIAS!$D$2:$D$301,">="&F9)>0,"Férias: "&COUNTIFS(FÉRIAS!$C$2:$C$301,"<="&F9,FÉRIAS!$D$2:$D$301,">="&F9),""))) | G10: =IF(MONTH(G9)<>$O$4,"",IF(COUNTIF(AUX!$D$2:$D$901,G9)+COUNTIFS(FÉRIAS!$C$2:$C$301,"<="&G9,FÉRIAS!$D$2:$D$301,">="&G9)=0,"",IF(COUNTIF(AUX!$D$2:$D$901,G9)>0,"Folga: "&COUNTIF(AUX!$D$2:$D$901,G9),"")&IF(AND(COUNTIF(AUX!$D$2:$D$901,G9)>0,COUNTIFS(FÉRIAS!$C$2:$C$301,"<="&G9,FÉRIAS!$D$2:$D$301,">="&G9)>0),CHAR(10),"")&IF(COUNTIFS(FÉRIAS!$C$2:$C$301,"<="&G9,FÉRIAS!$D$2:$D$301,">="&G9)>0,"Férias: "&COUNTIFS(FÉRIAS!$C$2:$C$301,"<="&G9,FÉRIAS!$D$2:$D$301,">="&G9),""))) | H10: =IF(MONTH(H9)<>$O$4,"",IF(COUNTIF(AUX!$D$2:$D$901,H9)+COUNTIFS(FÉRIAS!$C$2:$C$301,"<="&H9,FÉRIAS!$D$2:$D$301,">="&H9)=0,"",IF(COUNTIF(AUX!$D$2:$D$901,H9)>0,"Folga: "&COUNTIF(AUX!$D$2:$D$901,H9),"")&IF(AND(COUNTIF(AUX!$D$2:$D$901,H9)>0,COUNTIFS(FÉRIAS!$C$2:$C$301,"<="&H9,FÉRIAS!$D$2:$D$301,">="&H9)>0),CHAR(10),"")&IF(COUNTIFS(FÉRIAS!$C$2:$C$301,"<="&H9,FÉRIAS!$D$2:$D$301,">="&H9)>0,"Férias: "&COUNTIFS(FÉRIAS!$C$2:$C$301,"<="&H9,FÉRIAS!$D$2:$D$301,">="&H9),""))) | J10: =IF(P10="","",4) | K10: =IF(P10="","",IF(4<=$O$6,INDEX(AUX!$B:$B,P10),INDEX(FÉRIAS!$A:$A,P10))&"") | L10: =IF(P10="","",IF(4<=$O$6,INDEX(AUX!$C:$C,P10),INDEX(FÉRIAS!$B:$B,P10))&"") | M10: =IF(P10="","",IF(4<=$O$6,INDEX(AUX!$A:$A,P10),"Férias")) | P10: =IF(4>$O$6+$O$7,"",IF(4<=$O$6,SMALL(AUX!$I$2:$I$901,4),SMALL(FÉRIAS!$M$2:$M$301,4-$O$6)))
B11: =$O$5+14 -> 46306 | C11: =$O$5+15 -> 46307 | D11: =$O$5+16 -> 46308 | E11: =$O$5+17 -> 46309 | F11: =$O$5+18 -> 46310 | G11: =$O$5+19 -> 46311 | H11: =$O$5+20 -> 46312 | J11: =IF(P11="","",5) | K11: =IF(P11="","",IF(5<=$O$6,INDEX(AUX!$B:$B,P11),INDEX(FÉRIAS!$A:$A,P11))&"") | L11: =IF(P11="","",IF(5<=$O$6,INDEX(AUX!$C:$C,P11),INDEX(FÉRIAS!$B:$B,P11))&"") | M11: =IF(P11="","",IF(5<=$O$6,INDEX(AUX!$A:$A,P11),"Férias")) | P11: =IF(5>$O$6+$O$7,"",IF(5<=$O$6,SMALL(AUX!$I$2:$I$901,5),SMALL(FÉRIAS!$M$2:$M$301,5-$O$6)))
B12: =IF(MONTH(B11)<>$O$4,"",IF(COUNTIF(AUX!$D$2:$D$901,B11)+COUNTIFS(FÉRIAS!$C$2:$C$301,"<="&B11,FÉRIAS!$D$2:$D$301,">="&B11)=0,"",IF(COUNTIF(AUX!$D$2:$D$901,B11)>0,"Folga: "&COUNTIF(AUX!$D$2:$D$901,B11),"")&IF(AND(COUNTIF(AUX!$D$2:$D$901,B11)>0,COUNTIFS(FÉRIAS!$C$2:$C$301,"<="&B11,FÉRIAS!$D$2:$D$301,">="&B11)>0),CHAR(10),"")&IF(COUNTIFS(FÉRIAS!$C$2:$C$301,"<="&B11,FÉRIAS!$D$2:$D$301,">="&B11)>0,"Férias: "&COUNTIFS(FÉRIAS!$C$2:$C$301,"<="&B11,FÉRIAS!$D$2:$D$301,">="&B11),""))) | C12: =IF(MONTH(C11)<>$O$4,"",IF(COUNTIF(AUX!$D$2:$D$901,C11)+COUNTIFS(FÉRIAS!$C$2:$C$301,"<="&C11,FÉRIAS!$D$2:$D$301,">="&C11)=0,"",IF(COUNTIF(AUX!$D$2:$D$901,C11)>0,"Folga: "&COUNTIF(AUX!$D$2:$D$901,C11),"")&IF(AND(COUNTIF(AUX!$D$2:$D$901,C11)>0,COUNTIFS(FÉRIAS!$C$2:$C$301,"<="&C11,FÉRIAS!$D$2:$D$301,">="&C11)>0),CHAR(10),"")&IF(COUNTIFS(FÉRIAS!$C$2:$C$301,"<="&C11,FÉRIAS!$D$2:$D$301,">="&C11)>0,"Férias: "&COUNTIFS(FÉRIAS!$C$2:$C$301,"<="&C11,FÉRIAS!$D$2:$D$301,">="&C11),""))) | D12: =IF(MONTH(D11)<>$O$4,"",IF(COUNTIF(AUX!$D$2:$D$901,D11)+COUNTIFS(FÉRIAS!$C$2:$C$301,"<="&D11,FÉRIAS!$D$2:$D$301,">="&D11)=0,"",IF(COUNTIF(AUX!$D$2:$D$901,D11)>0,"Folga: "&COUNTIF(AUX!$D$2:$D$901,D11),"")&IF(AND(COUNTIF(AUX!$D$2:$D$901,D11)>0,COUNTIFS(FÉRIAS!$C$2:$C$301,"<="&D11,FÉRIAS!$D$2:$D$301,">="&D11)>0),CHAR(10),"")&IF(COUNTIFS(FÉRIAS!$C$2:$C$301,"<="&D11,FÉRIAS!$D$2:$D$301,">="&D11)>0,"Férias: "&COUNTIFS(FÉRIAS!$C$2:$C$301,"<="&D11,FÉRIAS!$D$2:$D$301,">="&D11),""))) -> Férias: 1 | E12: =IF(MONTH(E11)<>$O$4,"",IF(COUNTIF(AUX!$D$2:$D$901,E11)+COUNTIFS(FÉRIAS!$C$2:$C$301,"<="&E11,FÉRIAS!$D$2:$D$301,">="&E11)=0,"",IF(COUNTIF(AUX!$D$2:$D$901,E11)>0,"Folga: "&COUNTIF(AUX!$D$2:$D$901,E11),"")&IF(AND(COUNTIF(AUX!$D$2:$D$901,E11)>0,COUNTIFS(FÉRIAS!$C$2:$C$301,"<="&E11,FÉRIAS!$D$2:$D$301,">="&E11)>0),CHAR(10),"")&IF(COUNTIFS(FÉRIAS!$C$2:$C$301,"<="&E11,FÉRIAS!$D$2:$D$301,">="&E11)>0,"Férias: "&COUNTIFS(FÉRIAS!$C$2:$C$301,"<="&E11,FÉRIAS!$D$2:$D$301,">="&E11),""))) -> Férias: 1 | F12: =IF(MONTH(F11)<>$O$4,"",IF(COUNTIF(AUX!$D$2:$D$901,F11)+COUNTIFS(FÉRIAS!$C$2:$C$301,"<="&F11,FÉRIAS!$D$2:$D$301,">="&F11)=0,"",IF(COUNTIF(AUX!$D$2:$D$901,F11)>0,"Folga: "&COUNTIF(AUX!$D$2:$D$901,F11),"")&IF(AND(COUNTIF(AUX!$D$2:$D$901,F11)>0,COUNTIFS(FÉRIAS!$C$2:$C$301,"<="&F11,FÉRIAS!$D$2:$D$301,">="&F11)>0),CHAR(10),"")&IF(COUNTIFS(FÉRIAS!$C$2:$C$301,"<="&F11,FÉRIAS!$D$2:$D$301,">="&F11)>0,"Férias: "&COUNTIFS(FÉRIAS!$C$2:$C$301,"<="&F11,FÉRIAS!$D$2:$D$301,">="&F11),""))) -> Férias: 1 | G12: =IF(MONTH(G11)<>$O$4,"",IF(COUNTIF(AUX!$D$2:$D$901,G11)+COUNTIFS(FÉRIAS!$C$2:$C$301,"<="&G11,FÉRIAS!$D$2:$D$301,">="&G11)=0,"",IF(COUNTIF(AUX!$D$2:$D$901,G11)>0,"Folga: "&COUNTIF(AUX!$D$2:$D$901,G11),"")&IF(AND(COUNTIF(AUX!$D$2:$D$901,G11)>0,COUNTIFS(FÉRIAS!$C$2:$C$301,"<="&G11,FÉRIAS!$D$2:$D$301,">="&G11)>0),CHAR(10),"")&IF(COUNTIFS(FÉRIAS!$C$2:$C$301,"<="&G11,FÉRIAS!$D$2:$D$301,">="&G11)>0,"Férias: "&COUNTIFS(FÉRIAS!$C$2:$C$301,"<="&G11,FÉRIAS!$D$2:$D$301,">="&G11),""))) -> Férias: 1 | H12: =IF(MONTH(H11)<>$O$4,"",IF(COUNTIF(AUX!$D$2:$D$901,H11)+COUNTIFS(FÉRIAS!$C$2:$C$301,"<="&H11,FÉRIAS!$D$2:$D$301,">="&H11)=0,"",IF(COUNTIF(AUX!$D$2:$D$901,H11)>0,"Folga: "&COUNTIF(AUX!$D$2:$D$901,H11),"")&IF(AND(COUNTIF(AUX!$D$2:$D$901,H11)>0,COUNTIFS(FÉRIAS!$C$2:$C$301,"<="&H11,FÉRIAS!$D$2:$D$301,">="&H11)>0),CHAR(10),"")&IF(COUNTIFS(FÉRIAS!$C$2:$C$301,"<="&H11,FÉRIAS!$D$2:$D$301,">="&H11)>0,"Férias: "&COUNTIFS(FÉRIAS!$C$2:$C$301,"<="&H11,FÉRIAS!$D$2:$D$301,">="&H11),""))) | J12: =IF(P12="","",6) | K12: =IF(P12="","",IF(6<=$O$6,INDEX(AUX!$B:$B,P12),INDEX(FÉRIAS!$A:$A,P12))&"") | L12: =IF(P12="","",IF(6<=$O$6,INDEX(AUX!$C:$C,P12),INDEX(FÉRIAS!$B:$B,P12))&"") | M12: =IF(P12="","",IF(6<=$O$6,INDEX(AUX!$A:$A,P12),"Férias")) | P12: =IF(6>$O$6+$O$7,"",IF(6<=$O$6,SMALL(AUX!$I$2:$I$901,6),SMALL(FÉRIAS!$M$2:$M$301,6-$O$6)))
B13: =$O$5+21 -> 46313 | C13: =$O$5+22 -> 46314 | D13: =$O$5+23 -> 46315 | E13: =$O$5+24 -> 46316 | F13: =$O$5+25 -> 46317 | G13: =$O$5+26 -> 46318 | H13: =$O$5+27 -> 46319 | J13: =IF(P13="","",7) | K13: =IF(P13="","",IF(7<=$O$6,INDEX(AUX!$B:$B,P13),INDEX(FÉRIAS!$A:$A,P13))&"") | L13: =IF(P13="","",IF(7<=$O$6,INDEX(AUX!$C:$C,P13),INDEX(FÉRIAS!$B:$B,P13))&"") | M13: =IF(P13="","",IF(7<=$O$6,INDEX(AUX!$A:$A,P13),"Férias")) | P13: =IF(7>$O$6+$O$7,"",IF(7<=$O$6,SMALL(AUX!$I$2:$I$901,7),SMALL(FÉRIAS!$M$2:$M$301,7-$O$6)))
B14: =IF(MONTH(B13)<>$O$4,"",IF(COUNTIF(AUX!$D$2:$D$901,B13)+COUNTIFS(FÉRIAS!$C$2:$C$301,"<="&B13,FÉRIAS!$D$2:$D$301,">="&B13)=0,"",IF(COUNTIF(AUX!$D$2:$D$901,B13)>0,"Folga: "&COUNTIF(AUX!$D$2:$D$901,B13),"")&IF(AND(COUNTIF(AUX!$D$2:$D$901,B13)>0,COUNTIFS(FÉRIAS!$C$2:$C$301,"<="&B13,FÉRIAS!$D$2:$D$301,">="&B13)>0),CHAR(10),"")&IF(COUNTIFS(FÉRIAS!$C$2:$C$301,"<="&B13,FÉRIAS!$D$2:$D$301,">="&B13)>0,"Férias: "&COUNTIFS(FÉRIAS!$C$2:$C$301,"<="&B13,FÉRIAS!$D$2:$D$301,">="&B13),""))) | C14: =IF(MONTH(C13)<>$O$4,"",IF(COUNTIF(AUX!$D$2:$D$901,C13)+COUNTIFS(FÉRIAS!$C$2:$C$301,"<="&C13,FÉRIAS!$D$2:$D$301,">="&C13)=0,"",IF(COUNTIF(AUX!$D$2:$D$901,C13)>0,"Folga: "&COUNTIF(AUX!$D$2:$D$901,C13),"")&IF(AND(COUNTIF(AUX!$D$2:$D$901,C13)>0,COUNTIFS(FÉRIAS!$C$2:$C$301,"<="&C13,FÉRIAS!$D$2:$D$301,">="&C13)>0),CHAR(10),"")&IF(COUNTIFS(FÉRIAS!$C$2:$C$301,"<="&C13,FÉRIAS!$D$2:$D$301,">="&C13)>0,"Férias: "&COUNTIFS(FÉRIAS!$C$2:$C$301,"<="&C13,FÉRIAS!$D$2:$D$301,">="&C13),""))) -> Férias: 1 | D14: =IF(MONTH(D13)<>$O$4,"",IF(COUNTIF(AUX!$D$2:$D$901,D13)+COUNTIFS(FÉRIAS!$C$2:$C$301,"<="&D13,FÉRIAS!$D$2:$D$301,">="&D13)=0,"",IF(COUNTIF(AUX!$D$2:$D$901,D13)>0,"Folga: "&COUNTIF(AUX!$D$2:$D$901,D13),"")&IF(AND(COUNTIF(AUX!$D$2:$D$901,D13)>0,COUNTIFS(FÉRIAS!$C$2:$C$301,"<="&D13,FÉRIAS!$D$2:$D$301,">="&D13)>0),CHAR(10),"")&IF(COUNTIFS(FÉRIAS!$C$2:$C$301,"<="&D13,FÉRIAS!$D$2:$D$301,">="&D13)>0,"Férias: "&COUNTIFS(FÉRIAS!$C$2:$C$301,"<="&D13,FÉRIAS!$D$2:$D$301,">="&D13),""))) -> Férias: 1 | E14: =IF(MONTH(E13)<>$O$4,"",IF(COUNTIF(AUX!$D$2:$D$901,E13)+COUNTIFS(FÉRIAS!$C$2:$C$301,"<="&E13,FÉRIAS!$D$2:$D$301,">="&E13)=0,"",IF(COUNTIF(AUX!$D$2:$D$901,E13)>0,"Folga: "&COUNTIF(AUX!$D$2:$D$901,E13),"")&IF(AND(COUNTIF(AUX!$D$2:$D$901,E13)>0,COUNTIFS(FÉRIAS!$C$2:$C$301,"<="&E13,FÉRIAS!$D$2:$D$301,">="&E13)>0),CHAR(10),"")&IF(COUNTIFS(FÉRIAS!$C$2:$C$301,"<="&E13,FÉRIAS!$D$2:$D$301,">="&E13)>0,"Férias: "&COUNTIFS(FÉRIAS!$C$2:$C$301,"<="&E13,FÉRIAS!$D$2:$D$301,">="&E13),""))) -> Férias: 1 | F14: =IF(MONTH(F13)<>$O$4,"",IF(COUNTIF(AUX!$D$2:$D$901,F13)+COUNTIFS(FÉRIAS!$C$2:$C$301,"<="&F13,FÉRIAS!$D$2:$D$301,">="&F13)=0,"",IF(COUNTIF(AUX!$D$2:$D$901,F13)>0,"Folga: "&COUNTIF(AUX!$D$2:$D$901,F13),"")&IF(AND(COUNTIF(AUX!$D$2:$D$901,F13)>0,COUNTIFS(FÉRIAS!$C$2:$C$301,"<="&F13,FÉRIAS!$D$2:$D$301,">="&F13)>0),CHAR(10),"")&IF(COUNTIFS(FÉRIAS!$C$2:$C$301,"<="&F13,FÉRIAS!$D$2:$D$301,">="&F13)>0,"Férias: "&COUNTIFS(FÉRIAS!$C$2:$C$301,"<="&F13,FÉRIAS!$D$2:$D$301,">="&F13),""))) -> Férias: 1 | G14: =IF(MONTH(G13)<>$O$4,"",IF(COUNTIF(AUX!$D$2:$D$901,G13)+COUNTIFS(FÉRIAS!$C$2:$C$301,"<="&G13,FÉRIAS!$D$2:$D$301,">="&G13)=0,"",IF(COUNTIF(AUX!$D$2:$D$901,G13)>0,"Folga: "&COUNTIF(AUX!$D$2:$D$901,G13),"")&IF(AND(COUNTIF(AUX!$D$2:$D$901,G13)>0,COUNTIFS(FÉRIAS!$C$2:$C$301,"<="&G13,FÉRIAS!$D$2:$D$301,">="&G13)>0),CHAR(10),"")&IF(COUNTIFS(FÉRIAS!$C$2:$C$301,"<="&G13,FÉRIAS!$D$2:$D$301,">="&G13)>0,"Férias: "&COUNTIFS(FÉRIAS!$C$2:$C$301,"<="&G13,FÉRIAS!$D$2:$D$301,">="&G13),""))) -> Férias: 1 | H14: =IF(MONTH(H13)<>$O$4,"",IF(COUNTIF(AUX!$D$2:$D$901,H13)+COUNTIFS(FÉRIAS!$C$2:$C$301,"<="&H13,FÉRIAS!$D$2:$D$301,">="&H13)=0,"",IF(COUNTIF(AUX!$D$2:$D$901,H13)>0,"Folga: "&COUNTIF(AUX!$D$2:$D$901,H13),"")&IF(AND(COUNTIF(AUX!$D$2:$D$901,H13)>0,COUNTIFS(FÉRIAS!$C$2:$C$301,"<="&H13,FÉRIAS!$D$2:$D$301,">="&H13)>0),CHAR(10),"")&IF(COUNTIFS(FÉRIAS!$C$2:$C$301,"<="&H13,FÉRIAS!$D$2:$D$301,">="&H13)>0,"Férias: "&COUNTIFS(FÉRIAS!$C$2:$C$301,"<="&H13,FÉRIAS!$D$2:$D$301,">="&H13),""))) -> Férias: 1 | J14: =IF(P14="","",8) | K14: =IF(P14="","",IF(8<=$O$6,INDEX(AUX!$B:$B,P14),INDEX(FÉRIAS!$A:$A,P14))&"") | L14: =IF(P14="","",IF(8<=$O$6,INDEX(AUX!$C:$C,P14),INDEX(FÉRIAS!$B:$B,P14))&"") | M14: =IF(P14="","",IF(8<=$O$6,INDEX(AUX!$A:$A,P14),"Férias")) | P14: =IF(8>$O$6+$O$7,"",IF(8<=$O$6,SMALL(AUX!$I$2:$I$901,8),SMALL(FÉRIAS!$M$2:$M$301,8-$O$6)))
B15: =$O$5+28 -> 46320 | C15: =$O$5+29 -> 46321 | D15: =$O$5+30 -> 46322 | E15: =$O$5+31 -> 46323 | F15: =$O$5+32 -> 46324 | G15: =$O$5+33 -> 46325 | H15: =$O$5+34 -> 46326 | J15: =IF(P15="","",9) | K15: =IF(P15="","",IF(9<=$O$6,INDEX(AUX!$B:$B,P15),INDEX(FÉRIAS!$A:$A,P15))&"") | L15: =IF(P15="","",IF(9<=$O$6,INDEX(AUX!$C:$C,P15),INDEX(FÉRIAS!$B:$B,P15))&"") | M15: =IF(P15="","",IF(9<=$O$6,INDEX(AUX!$A:$A,P15),"Férias")) | P15: =IF(9>$O$6+$O$7,"",IF(9<=$O$6,SMALL(AUX!$I$2:$I$901,9),SMALL(FÉRIAS!$M$2:$M$301,9-$O$6)))
B16: =IF(MONTH(B15)<>$O$4,"",IF(COUNTIF(AUX!$D$2:$D$901,B15)+COUNTIFS(FÉRIAS!$C$2:$C$301,"<="&B15,FÉRIAS!$D$2:$D$301,">="&B15)=0,"",IF(COUNTIF(AUX!$D$2:$D$901,B15)>0,"Folga: "&COUNTIF(AUX!$D$2:$D$901,B15),"")&IF(AND(COUNTIF(AUX!$D$2:$D$901,B15)>0,COUNTIFS(FÉRIAS!$C$2:$C$301,"<="&B15,FÉRIAS!$D$2:$D$301,">="&B15)>0),CHAR(10),"")&IF(COUNTIFS(FÉRIAS!$C$2:$C$301,"<="&B15,FÉRIAS!$D$2:$D$301,">="&B15)>0,"Férias: "&COUNTIFS(FÉRIAS!$C$2:$C$301,"<="&B15,FÉRIAS!$D$2:$D$301,">="&B15),""))) -> Férias: 1 | C16: =IF(MONTH(C15)<>$O$4,"",IF(COUNTIF(AUX!$D$2:$D$901,C15)+COUNTIFS(FÉRIAS!$C$2:$C$301,"<="&C15,FÉRIAS!$D$2:$D$301,">="&C15)=0,"",IF(COUNTIF(AUX!$D$2:$D$901,C15)>0,"Folga: "&COUNTIF(AUX!$D$2:$D$901,C15),"")&IF(AND(COUNTIF(AUX!$D$2:$D$901,C15)>0,COUNTIFS(FÉRIAS!$C$2:$C$301,"<="&C15,FÉRIAS!$D$2:$D$301,">="&C15)>0),CHAR(10),"")&IF(COUNTIFS(FÉRIAS!$C$2:$C$301,"<="&C15,FÉRIAS!$D$2:$D$301,">="&C15)>0,"Férias: "&COUNTIFS(FÉRIAS!$C$2:$C$301,"<="&C15,FÉRIAS!$D$2:$D$301,">="&C15),""))) -> Férias: 1 | D16: =IF(MONTH(D15)<>$O$4,"",IF(COUNTIF(AUX!$D$2:$D$901,D15)+COUNTIFS(FÉRIAS!$C$2:$C$301,"<="&D15,FÉRIAS!$D$2:$D$301,">="&D15)=0,"",IF(COUNTIF(AUX!$D$2:$D$901,D15)>0,"Folga: "&COUNTIF(AUX!$D$2:$D$901,D15),"")&IF(AND(COUNTIF(AUX!$D$2:$D$901,D15)>0,COUNTIFS(FÉRIAS!$C$2:$C$301,"<="&D15,FÉRIAS!$D$2:$D$301,">="&D15)>0),CHAR(10),"")&IF(COUNTIFS(FÉRIAS!$C$2:$C$301,"<="&D15,FÉRIAS!$D$2:$D$301,">="&D15)>0,"Férias: "&COUNTIFS(FÉRIAS!$C$2:$C$301,"<="&D15,FÉRIAS!$D$2:$D$301,">="&D15),""))) -> Férias: 1 | E16: =IF(MONTH(E15)<>$O$4,"",IF(COUNTIF(AUX!$D$2:$D$901,E15)+COUNTIFS(FÉRIAS!$C$2:$C$301,"<="&E15,FÉRIAS!$D$2:$D$301,">="&E15)=0,"",IF(COUNTIF(AUX!$D$2:$D$901,E15)>0,"Folga: "&COUNTIF(AUX!$D$2:$D$901,E15),"")&IF(AND(COUNTIF(AUX!$D$2:$D$901,E15)>0,COUNTIFS(FÉRIAS!$C$2:$C$301,"<="&E15,FÉRIAS!$D$2:$D$301,">="&E15)>0),CHAR(10),"")&IF(COUNTIFS(FÉRIAS!$C$2:$C$301,"<="&E15,FÉRIAS!$D$2:$D$301,">="&E15)>0,"Férias: "&COUNTIFS(FÉRIAS!$C$2:$C$301,"<="&E15,FÉRIAS!$D$2:$D$301,">="&E15),""))) -> Férias: 1 | F16: =IF(MONTH(F15)<>$O$4,"",IF(COUNTIF(AUX!$D$2:$D$901,F15)+COUNTIFS(FÉRIAS!$C$2:$C$301,"<="&F15,FÉRIAS!$D$2:$D$301,">="&F15)=0,"",IF(COUNTIF(AUX!$D$2:$D$901,F15)>0,"Folga: "&COUNTIF(AUX!$D$2:$D$901,F15),"")&IF(AND(COUNTIF(AUX!$D$2:$D$901,F15)>0,COUNTIFS(FÉRIAS!$C$2:$C$301,"<="&F15,FÉRIAS!$D$2:$D$301,">="&F15)>0),CHAR(10),"")&IF(COUNTIFS(FÉRIAS!$C$2:$C$301,"<="&F15,FÉRIAS!$D$2:$D$301,">="&F15)>0,"Férias: "&COUNTIFS(FÉRIAS!$C$2:$C$301,"<="&F15,FÉRIAS!$D$2:$D$301,">="&F15),""))) -> Férias: 1 | G16: =IF(MONTH(G15)<>$O$4,"",IF(COUNTIF(AUX!$D$2:$D$901,G15)+COUNTIFS(FÉRIAS!$C$2:$C$301,"<="&G15,FÉRIAS!$D$2:$D$301,">="&G15)=0,"",IF(COUNTIF(AUX!$D$2:$D$901,G15)>0,"Folga: "&COUNTIF(AUX!$D$2:$D$901,G15),"")&IF(AND(COUNTIF(AUX!$D$2:$D$901,G15)>0,COUNTIFS(FÉRIAS!$C$2:$C$301,"<="&G15,FÉRIAS!$D$2:$D$301,">="&G15)>0),CHAR(10),"")&IF(COUNTIFS(FÉRIAS!$C$2:$C$301,"<="&G15,FÉRIAS!$D$2:$D$301,">="&G15)>0,"Férias: "&COUNTIFS(FÉRIAS!$C$2:$C$301,"<="&G15,FÉRIAS!$D$2:$D$301,">="&G15),""))) -> Férias: 1 | H16: =IF(MONTH(H15)<>$O$4,"",IF(COUNTIF(AUX!$D$2:$D$901,H15)+COUNTIFS(FÉRIAS!$C$2:$C$301,"<="&H15,FÉRIAS!$D$2:$D$301,">="&H15)=0,"",IF(COUNTIF(AUX!$D$2:$D$901,H15)>0,"Folga: "&COUNTIF(AUX!$D$2:$D$901,H15),"")&IF(AND(COUNTIF(AUX!$D$2:$D$901,H15)>0,COUNTIFS(FÉRIAS!$C$2:$C$301,"<="&H15,FÉRIAS!$D$2:$D$301,">="&H15)>0),CHAR(10),"")&IF(COUNTIFS(FÉRIAS!$C$2:$C$301,"<="&H15,FÉRIAS!$D$2:$D$301,">="&H15)>0,"Férias: "&COUNTIFS(FÉRIAS!$C$2:$C$301,"<="&H15,FÉRIAS!$D$2:$D$301,">="&H15),""))) -> Férias: 1 | J16: =IF(P16="","",10) | K16: =IF(P16="","",IF(10<=$O$6,INDEX(AUX!$B:$B,P16),INDEX(FÉRIAS!$A:$A,P16))&"") | L16: =IF(P16="","",IF(10<=$O$6,INDEX(AUX!$C:$C,P16),INDEX(FÉRIAS!$B:$B,P16))&"") | M16: =IF(P16="","",IF(10<=$O$6,INDEX(AUX!$A:$A,P16),"Férias")) | P16: =IF(10>$O$6+$O$7,"",IF(10<=$O$6,SMALL(AUX!$I$2:$I$901,10),SMALL(FÉRIAS!$M$2:$M$301,10-$O$6)))
B17: =$O$5+35 -> 46327 | C17: =$O$5+36 -> 46328 | D17: =$O$5+37 -> 46329 | E17: =$O$5+38 -> 46330 | F17: =$O$5+39 -> 46331 | G17: =$O$5+40 -> 46332 | H17: =$O$5+41 -> 46333 | J17: =IF(P17="","",11) | K17: =IF(P17="","",IF(11<=$O$6,INDEX(AUX!$B:$B,P17),INDEX(FÉRIAS!$A:$A,P17))&"") | L17: =IF(P17="","",IF(11<=$O$6,INDEX(AUX!$C:$C,P17),INDEX(FÉRIAS!$B:$B,P17))&"") | M17: =IF(P17="","",IF(11<=$O$6,INDEX(AUX!$A:$A,P17),"Férias")) | P17: =IF(11>$O$6+$O$7,"",IF(11<=$O$6,SMALL(AUX!$I$2:$I$901,11),SMALL(FÉRIAS!$M$2:$M$301,11-$O$6)))
B18: =IF(MONTH(B17)<>$O$4,"",IF(COUNTIF(AUX!$D$2:$D$901,B17)+COUNTIFS(FÉRIAS!$C$2:$C$301,"<="&B17,FÉRIAS!$D$2:$D$301,">="&B17)=0,"",IF(COUNTIF(AUX!$D$2:$D$901,B17)>0,"Folga: "&COUNTIF(AUX!$D$2:$D$901,B17),"")&IF(AND(COUNTIF(AUX!$D$2:$D$901,B17)>0,COUNTIFS(FÉRIAS!$C$2:$C$301,"<="&B17,FÉRIAS!$D$2:$D$301,">="&B17)>0),CHAR(10),"")&IF(COUNTIFS(FÉRIAS!$C$2:$C$301,"<="&B17,FÉRIAS!$D$2:$D$301,">="&B17)>0,"Férias: "&COUNTIFS(FÉRIAS!$C$2:$C$301,"<="&B17,FÉRIAS!$D$2:$D$301,">="&B17),""))) | C18: =IF(MONTH(C17)<>$O$4,"",IF(COUNTIF(AUX!$D$2:$D$901,C17)+COUNTIFS(FÉRIAS!$C$2:$C$301,"<="&C17,FÉRIAS!$D$2:$D$301,">="&C17)=0,"",IF(COUNTIF(AUX!$D$2:$D$901,C17)>0,"Folga: "&COUNTIF(AUX!$D$2:$D$901,C17),"")&IF(AND(COUNTIF(AUX!$D$2:$D$901,C17)>0,COUNTIFS(FÉRIAS!$C$2:$C$301,"<="&C17,FÉRIAS!$D$2:$D$301,">="&C17)>0),CHAR(10),"")&IF(COUNTIFS(FÉRIAS!$C$2:$C$301,"<="&C17,FÉRIAS!$D$2:$D$301,">="&C17)>0,"Férias: "&COUNTIFS(FÉRIAS!$C$2:$C$301,"<="&C17,FÉRIAS!$D$2:$D$301,">="&C17),""))) | D18: =IF(MONTH(D17)<>$O$4,"",IF(COUNTIF(AUX!$D$2:$D$901,D17)+COUNTIFS(FÉRIAS!$C$2:$C$301,"<="&D17,FÉRIAS!$D$2:$D$301,">="&D17)=0,"",IF(COUNTIF(AUX!$D$2:$D$901,D17)>0,"Folga: "&COUNTIF(AUX!$D$2:$D$901,D17),"")&IF(AND(COUNTIF(AUX!$D$2:$D$901,D17)>0,COUNTIFS(FÉRIAS!$C$2:$C$301,"<="&D17,FÉRIAS!$D$2:$D$301,">="&D17)>0),CHAR(10),"")&IF(COUNTIFS(FÉRIAS!$C$2:$C$301,"<="&D17,FÉRIAS!$D$2:$D$301,">="&D17)>0,"Férias: "&COUNTIFS(FÉRIAS!$C$2:$C$301,"<="&D17,FÉRIAS!$D$2:$D$301,">="&D17),""))) | E18: =IF(MONTH(E17)<>$O$4,"",IF(COUNTIF(AUX!$D$2:$D$901,E17)+COUNTIFS(FÉRIAS!$C$2:$C$301,"<="&E17,FÉRIAS!$D$2:$D$301,">="&E17)=0,"",IF(COUNTIF(AUX!$D$2:$D$901,E17)>0,"Folga: "&COUNTIF(AUX!$D$2:$D$901,E17),"")&IF(AND(COUNTIF(AUX!$D$2:$D$901,E17)>0,COUNTIFS(FÉRIAS!$C$2:$C$301,"<="&E17,FÉRIAS!$D$2:$D$301,">="&E17)>0),CHAR(10),"")&IF(COUNTIFS(FÉRIAS!$C$2:$C$301,"<="&E17,FÉRIAS!$D$2:$D$301,">="&E17)>0,"Férias: "&COUNTIFS(FÉRIAS!$C$2:$C$301,"<="&E17,FÉRIAS!$D$2:$D$301,">="&E17),""))) | F18: =IF(MONTH(F17)<>$O$4,"",IF(COUNTIF(AUX!$D$2:$D$901,F17)+COUNTIFS(FÉRIAS!$C$2:$C$301,"<="&F17,FÉRIAS!$D$2:$D$301,">="&F17)=0,"",IF(COUNTIF(AUX!$D$2:$D$901,F17)>0,"Folga: "&COUNTIF(AUX!$D$2:$D$901,F17),"")&IF(AND(COUNTIF(AUX!$D$2:$D$901,F17)>0,COUNTIFS(FÉRIAS!$C$2:$C$301,"<="&F17,FÉRIAS!$D$2:$D$301,">="&F17)>0),CHAR(10),"")&IF(COUNTIFS(FÉRIAS!$C$2:$C$301,"<="&F17,FÉRIAS!$D$2:$D$301,">="&F17)>0,"Férias: "&COUNTIFS(FÉRIAS!$C$2:$C$301,"<="&F17,FÉRIAS!$D$2:$D$301,">="&F17),""))) | G18: =IF(MONTH(G17)<>$O$4,"",IF(COUNTIF(AUX!$D$2:$D$901,G17)+COUNTIFS(FÉRIAS!$C$2:$C$301,"<="&G17,FÉRIAS!$D$2:$D$301,">="&G17)=0,"",IF(COUNTIF(AUX!$D$2:$D$901,G17)>0,"Folga: "&COUNTIF(AUX!$D$2:$D$901,G17),"")&IF(AND(COUNTIF(AUX!$D$2:$D$901,G17)>0,COUNTIFS(FÉRIAS!$C$2:$C$301,"<="&G17,FÉRIAS!$D$2:$D$301,">="&G17)>0),CHAR(10),"")&IF(COUNTIFS(FÉRIAS!$C$2:$C$301,"<="&G17,FÉRIAS!$D$2:$D$301,">="&G17)>0,"Férias: "&COUNTIFS(FÉRIAS!$C$2:$C$301,"<="&G17,FÉRIAS!$D$2:$D$301,">="&G17),""))) | H18: =IF(MONTH(H17)<>$O$4,"",IF(COUNTIF(AUX!$D$2:$D$901,H17)+COUNTIFS(FÉRIAS!$C$2:$C$301,"<="&H17,FÉRIAS!$D$2:$D$301,">="&H17)=0,"",IF(COUNTIF(AUX!$D$2:$D$901,H17)>0,"Folga: "&COUNTIF(AUX!$D$2:$D$901,H17),"")&IF(AND(COUNTIF(AUX!$D$2:$D$901,H17)>0,COUNTIFS(FÉRIAS!$C$2:$C$301,"<="&H17,FÉRIAS!$D$2:$D$301,">="&H17)>0),CHAR(10),"")&IF(COUNTIFS(FÉRIAS!$C$2:$C$301,"<="&H17,FÉRIAS!$D$2:$D$301,">="&H17)>0,"Férias: "&COUNTIFS(FÉRIAS!$C$2:$C$301,"<="&H17,FÉRIAS!$D$2:$D$301,">="&H17),""))) | J18: =IF(P18="","",12) | K18: =IF(P18="","",IF(12<=$O$6,INDEX(AUX!$B:$B,P18),INDEX(FÉRIAS!$A:$A,P18))&"") | L18: =IF(P18="","",IF(12<=$O$6,INDEX(AUX!$C:$C,P18),INDEX(FÉRIAS!$B:$B,P18))&"") | M18: =IF(P18="","",IF(12<=$O$6,INDEX(AUX!$A:$A,P18),"Férias")) | P18: =IF(12>$O$6+$O$7,"",IF(12<=$O$6,SMALL(AUX!$I$2:$I$901,12),SMALL(FÉRIAS!$M$2:$M$301,12-$O$6)))
J19: =IF(P19="","",13) | K19: =IF(P19="","",IF(13<=$O$6,INDEX(AUX!$B:$B,P19),INDEX(FÉRIAS!$A:$A,P19))&"") | L19: =IF(P19="","",IF(13<=$O$6,INDEX(AUX!$C:$C,P19),INDEX(FÉRIAS!$B:$B,P19))&"") | M19: =IF(P19="","",IF(13<=$O$6,INDEX(AUX!$A:$A,P19),"Férias")) | P19: =IF(13>$O$6+$O$7,"",IF(13<=$O$6,SMALL(AUX!$I$2:$I$901,13),SMALL(FÉRIAS!$M$2:$M$301,13-$O$6)))
B20: Legenda: | C20: Hoje | D20: Dia com ausências | E20: Dia consultado | F20: Fora do mês | J20: =IF(P20="","",14) | K20: =IF(P20="","",IF(14<=$O$6,INDEX(AUX!$B:$B,P20),INDEX(FÉRIAS!$A:$A,P20))&"") | L20: =IF(P20="","",IF(14<=$O$6,INDEX(AUX!$C:$C,P20),INDEX(FÉRIAS!$B:$B,P20))&"") | M20: =IF(P20="","",IF(14<=$O$6,INDEX(AUX!$A:$A,P20),"Férias")) | P20: =IF(14>$O$6+$O$7,"",IF(14<=$O$6,SMALL(AUX!$I$2:$I$901,14),SMALL(FÉRIAS!$M$2:$M$301,14-$O$6)))
B21: “Folga” inclui as folgas da aba FOLGAS e as marcadas como FOLGA em NATAL e ANO NOVO. | J21: =IF(P21="","",15) | K21: =IF(P21="","",IF(15<=$O$6,INDEX(AUX!$B:$B,P21),INDEX(FÉRIAS!$A:$A,P21))&"") | L21: =IF(P21="","",IF(15<=$O$6,INDEX(AUX!$C:$C,P21),INDEX(FÉRIAS!$B:$B,P21))&"") | M21: =IF(P21="","",IF(15<=$O$6,INDEX(AUX!$A:$A,P21),"Férias")) | P21: =IF(15>$O$6+$O$7,"",IF(15<=$O$6,SMALL(AUX!$I$2:$I$901,15),SMALL(FÉRIAS!$M$2:$M$301,15-$O$6)))
J22: =IF(P22="","",16) | K22: =IF(P22="","",IF(16<=$O$6,INDEX(AUX!$B:$B,P22),INDEX(FÉRIAS!$A:$A,P22))&"") | L22: =IF(P22="","",IF(16<=$O$6,INDEX(AUX!$C:$C,P22),INDEX(FÉRIAS!$B:$B,P22))&"") | M22: =IF(P22="","",IF(16<=$O$6,INDEX(AUX!$A:$A,P22),"Férias")) | P22: =IF(16>$O$6+$O$7,"",IF(16<=$O$6,SMALL(AUX!$I$2:$I$901,16),SMALL(FÉRIAS!$M$2:$M$301,16-$O$6)))
J23: =IF(P23="","",17) | K23: =IF(P23="","",IF(17<=$O$6,INDEX(AUX!$B:$B,P23),INDEX(FÉRIAS!$A:$A,P23))&"") | L23: =IF(P23="","",IF(17<=$O$6,INDEX(AUX!$C:$C,P23),INDEX(FÉRIAS!$B:$B,P23))&"") | M23: =IF(P23="","",IF(17<=$O$6,INDEX(AUX!$A:$A,P23),"Férias")) | P23: =IF(17>$O$6+$O$7,"",IF(17<=$O$6,SMALL(AUX!$I$2:$I$901,17),SMALL(FÉRIAS!$M$2:$M$301,17-$O$6)))
J24: =IF(P24="","",18) | K24: =IF(P24="","",IF(18<=$O$6,INDEX(AUX!$B:$B,P24),INDEX(FÉRIAS!$A:$A,P24))&"") | L24: =IF(P24="","",IF(18<=$O$6,INDEX(AUX!$C:$C,P24),INDEX(FÉRIAS!$B:$B,P24))&"") | M24: =IF(P24="","",IF(18<=$O$6,INDEX(AUX!$A:$A,P24),"Férias")) | P24: =IF(18>$O$6+$O$7,"",IF(18<=$O$6,SMALL(AUX!$I$2:$I$901,18),SMALL(FÉRIAS!$M$2:$M$301,18-$O$6)))
J25: =IF(P25="","",19) | K25: =IF(P25="","",IF(19<=$O$6,INDEX(AUX!$B:$B,P25),INDEX(FÉRIAS!$A:$A,P25))&"") | L25: =IF(P25="","",IF(19<=$O$6,INDEX(AUX!$C:$C,P25),INDEX(FÉRIAS!$B:$B,P25))&"") | M25: =IF(P25="","",IF(19<=$O$6,INDEX(AUX!$A:$A,P25),"Férias")) | P25: =IF(19>$O$6+$O$7,"",IF(19<=$O$6,SMALL(AUX!$I$2:$I$901,19),SMALL(FÉRIAS!$M$2:$M$301,19-$O$6)))
J26: =IF(P26="","",20) | K26: =IF(P26="","",IF(20<=$O$6,INDEX(AUX!$B:$B,P26),INDEX(FÉRIAS!$A:$A,P26))&"") | L26: =IF(P26="","",IF(20<=$O$6,INDEX(AUX!$C:$C,P26),INDEX(FÉRIAS!$B:$B,P26))&"") | M26: =IF(P26="","",IF(20<=$O$6,INDEX(AUX!$A:$A,P26),"Férias")) | P26: =IF(20>$O$6+$O$7,"",IF(20<=$O$6,SMALL(AUX!$I$2:$I$901,20),SMALL(FÉRIAS!$M$2:$M$301,20-$O$6)))
J27: =IF($O$6+$O$7=0,"Ninguém de folga ou férias nesta data.",IF($O$6+$O$7>20,"... e mais "&($O$6+$O$7-20)&" pessoa(s).","")) -> Ninguém de folga ou férias nesta data.

Sheet FOLGAS
A1: Nome | B1: Setor | C1: Data da Folga | D1: Observação | E1: Dia da Semana | F1: Status | G1: Alerta
A2: SÉRGIO SÁ | B2: FISCALIZAÇÃO | E2: =IF(ISNUMBER(C2),CHOOSE(WEEKDAY(C2),"Domingo","Segunda","Terça","Quarta","Quinta","Sexta","Sábado"),"") | F2: =IF(NOT(ISNUMBER(C2)),"",IF(C2=TODAY(),"HOJE",IF(C2=TODAY()+1,"AMANHÃ",IF(C2<TODAY(),"Realizada",IF(C2-TODAY()<=7,"Em "&(C2-TODAY())&" dias","Agendada"))))) | G2: =IF(OR(A2="",NOT(ISNUMBER(C2))),"",IF(COUNTIFS($A$2:$A$301,A2,$C$2:$C$301,C2)>1,"⚠ Folga duplicada",IF(COUNTIFS(FÉRIAS!$A$2:$A$301,A2,FÉRIAS!$C$2:$C$301,"<="&C2,FÉRIAS!$D$2:$D$301,">="&C2)>0,"⚠ Está de férias nesta data",IF(COUNTIFS(NATAL!$A$2:$A$301,A2,NATAL!$C$2:$C$301,C2,NATAL!$D$2:$D$301,"FOLGA")+COUNTIFS('ANO NOVO'!$A$2:$A$301,A2,'ANO NOVO'!$C$2:$C$301,C2,'ANO NOVO'!$D$2:$D$301,"FOLGA")>0,"⚠ Folga já lançada em NATAL/ANO NOVO",IF(COUNTIFS(NATAL!$A$2:$A$301,A2,NATAL!$C$2:$C$301,C2,NATAL!$D$2:$D$301,"TRABALHA")+COUNTIFS('ANO NOVO'!$A$2:$A$301,A2,'ANO NOVO'!$C$2:$C$301,C2,'ANO NOVO'!$D$2:$D$301,"TRABALHA")>0,"⚠ Marcado TRABALHA em NATAL/ANO NOVO",IF(COUNTIFS($B$2:$B$301,B2,$C$2:$C$301,C2)>1,"⚠ "&COUNTIFS($B$2:$B$301,B2,$C$2:$C$301,C2)&" pessoas do setor de folga no dia",""))))))
A3: CARLOS ALEXANDRE | B3: FISCALIZAÇÃO | E3: =IF(ISNUMBER(C3),CHOOSE(WEEKDAY(C3),"Domingo","Segunda","Terça","Quarta","Quinta","Sexta","Sábado"),"") | F3: =IF(NOT(ISNUMBER(C3)),"",IF(C3=TODAY(),"HOJE",IF(C3=TODAY()+1,"AMANHÃ",IF(C3<TODAY(),"Realizada",IF(C3-TODAY()<=7,"Em "&(C3-TODAY())&" dias","Agendada"))))) | G3: =IF(OR(A3="",NOT(ISNUMBER(C3))),"",IF(COUNTIFS($A$2:$A$301,A3,$C$2:$C$301,C3)>1,"⚠ Folga duplicada",IF(COUNTIFS(FÉRIAS!$A$2:$A$301,A3,FÉRIAS!$C$2:$C$301,"<="&C3,FÉRIAS!$D$2:$D$301,">="&C3)>0,"⚠ Está de férias nesta data",IF(COUNTIFS(NATAL!$A$2:$A$301,A3,NATAL!$C$2:$C$301,C3,NATAL!$D$2:$D$301,"FOLGA")+COUNTIFS('ANO NOVO'!$A$2:$A$301,A3,'ANO NOVO'!$C$2:$C$301,C3,'ANO NOVO'!$D$2:$D$301,"FOLGA")>0,"⚠ Folga já lançada em NATAL/ANO NOVO",IF(COUNTIFS(NATAL!$A$2:$A$301,A3,NATAL!$C$2:$C$301,C3,NATAL!$D$2:$D$301,"TRABALHA")+COUNTIFS('ANO NOVO'!$A$2:$A$301,A3,'ANO NOVO'!$C$2:$C$301,C3,'ANO NOVO'!$D$2:$D$301,"TRABALHA")>0,"⚠ Marcado TRABALHA em NATAL/ANO NOVO",IF(COUNTIFS($B$2:$B$301,B3,$C$2:$C$301,C3)>1,"⚠ "&COUNTIFS($B$2:$B$301,B3,$C$2:$C$301,C3)&" pessoas do setor de folga no dia",""))))))
A4: BRUNA RAFAELA | B4: JURÍDICO | E4: =IF(ISNUMBER(C4),CHOOSE(WEEKDAY(C4),"Domingo","Segunda","Terça","Quarta","Quinta","Sexta","Sábado"),"") | F4: =IF(NOT(ISNUMBER(C4)),"",IF(C4=TODAY(),"HOJE",IF(C4=TODAY()+1,"AMANHÃ",IF(C4<TODAY(),"Realizada",IF(C4-TODAY()<=7,"Em "&(C4-TODAY())&" dias","Agendada"))))) | G4: =IF(OR(A4="",NOT(ISNUMBER(C4))),"",IF(COUNTIFS($A$2:$A$301,A4,$C$2:$C$301,C4)>1,"⚠ Folga duplicada",IF(COUNTIFS(FÉRIAS!$A$2:$A$301,A4,FÉRIAS!$C$2:$C$301,"<="&C4,FÉRIAS!$D$2:$D$301,">="&C4)>0,"⚠ Está de férias nesta data",IF(COUNTIFS(NATAL!$A$2:$A$301,A4,NATAL!$C$2:$C$301,C4,NATAL!$D$2:$D$301,"FOLGA")+COUNTIFS('ANO NOVO'!$A$2:$A$301,A4,'ANO NOVO'!$C$2:$C$301,C4,'ANO NOVO'!$D$2:$D$301,"FOLGA")>0,"⚠ Folga já lançada em NATAL/ANO NOVO",IF(COUNTIFS(NATAL!$A$2:$A$301,A4,NATAL!$C$2:$C$301,C4,NATAL!$D$2:$D$301,"TRABALHA")+COUNTIFS('ANO NOVO'!$A$2:$A$301,A4,'ANO NOVO'!$C$2:$C$301,C4,'ANO NOVO'!$D$2:$D$301,"TRABALHA")>0,"⚠ Marcado TRABALHA em NATAL/ANO NOVO",IF(COUNTIFS($B$2:$B$301,B4,$C$2:$C$301,C4)>1,"⚠ "&COUNTIFS($B$2:$B$301,B4,$C$2:$C$301,C4)&" pessoas do setor de folga no dia",""))))))
A5: FABIO FERREIRA | B5: FISCALIZAÇÃO | E5: =IF(ISNUMBER(C5),CHOOSE(WEEKDAY(C5),"Domingo","Segunda","Terça","Quarta","Quinta","Sexta","Sábado"),"") | F5: =IF(NOT(ISNUMBER(C5)),"",IF(C5=TODAY(),"HOJE",IF(C5=TODAY()+1,"AMANHÃ",IF(C5<TODAY(),"Realizada",IF(C5-TODAY()<=7,"Em "&(C5-TODAY())&" dias","Agendada"))))) | G5: =IF(OR(A5="",NOT(ISNUMBER(C5))),"",IF(COUNTIFS($A$2:$A$301,A5,$C$2:$C$301,C5)>1,"⚠ Folga duplicada",IF(COUNTIFS(FÉRIAS!$A$2:$A$301,A5,FÉRIAS!$C$2:$C$301,"<="&C5,FÉRIAS!$D$2:$D$301,">="&C5)>0,"⚠ Está de férias nesta data",IF(COUNTIFS(NATAL!$A$2:$A$301,A5,NATAL!$C$2:$C$301,C5,NATAL!$D$2:$D$301,"FOLGA")+COUNTIFS('ANO NOVO'!$A$2:$A$301,A5,'ANO NOVO'!$C$2:$C$301,C5,'ANO NOVO'!$D$2:$D$301,"FOLGA")>0,"⚠ Folga já lançada em NATAL/ANO NOVO",IF(COUNTIFS(NATAL!$A$2:$A$301,A5,NATAL!$C$2:$C$301,C5,NATAL!$D$2:$D$301,"TRABALHA")+COUNTIFS('ANO NOVO'!$A$2:$A$301,A5,'ANO NOVO'!$C$2:$C$301,C5,'ANO NOVO'!$D$2:$D$301,"TRABALHA")>0,"⚠ Marcado TRABALHA em NATAL/ANO NOVO",IF(COUNTIFS($B$2:$B$301,B5,$C$2:$C$301,C5)>1,"⚠ "&COUNTIFS($B$2:$B$301,B5,$C$2:$C$301,C5)&" pessoas do setor de folga no dia",""))))))
A6: PAULA LOBO | B6: JURÍDICO | E6: =IF(ISNUMBER(C6),CHOOSE(WEEKDAY(C6),"Domingo","Segunda","Terça","Quarta","Quinta","Sexta","Sábado"),"") | F6: =IF(NOT(ISNUMBER(C6)),"",IF(C6=TODAY(),"HOJE",IF(C6=TODAY()+1,"AMANHÃ",IF(C6<TODAY(),"Realizada",IF(C6-TODAY()<=7,"Em "&(C6-TODAY())&" dias","Agendada"))))) | G6: =IF(OR(A6="",NOT(ISNUMBER(C6))),"",IF(COUNTIFS($A$2:$A$301,A6,$C$2:$C$301,C6)>1,"⚠ Folga duplicada",IF(COUNTIFS(FÉRIAS!$A$2:$A$301,A6,FÉRIAS!$C$2:$C$301,"<="&C6,FÉRIAS!$D$2:$D$301,">="&C6)>0,"⚠ Está de férias nesta data",IF(COUNTIFS(NATAL!$A$2:$A$301,A6,NATAL!$C$2:$C$301,C6,NATAL!$D$2:$D$301,"FOLGA")+COUNTIFS('ANO NOVO'!$A$2:$A$301,A6,'ANO NOVO'!$C$2:$C$301,C6,'ANO NOVO'!$D$2:$D$301,"FOLGA")>0,"⚠ Folga já lançada em NATAL/ANO NOVO",IF(COUNTIFS(NATAL!$A$2:$A$301,A6,NATAL!$C$2:$C$301,C6,NATAL!$D$2:$D$301,"TRABALHA")+COUNTIFS('ANO NOVO'!$A$2:$A$301,A6,'ANO NOVO'!$C$2:$C$301,C6,'ANO NOVO'!$D$2:$D$301,"TRABALHA")>0,"⚠ Marcado TRABALHA em NATAL/ANO NOVO",IF(COUNTIFS($B$2:$B$301,B6,$C$2:$C$301,C6)>1,"⚠ "&COUNTIFS($B$2:$B$301,B6,$C$2:$C$301,C6)&" pessoas do setor de folga no dia",""))))))
A7: RAPHAEL PINTO | B7: JURÍDICO | E7: =IF(ISNUMBER(C7),CHOOSE(WEEKDAY(C7),"Domingo","Segunda","Terça","Quarta","Quinta","Sexta","Sábado"),"") | F7: =IF(NOT(ISNUMBER(C7)),"",IF(C7=TODAY(),"HOJE",IF(C7=TODAY()+1,"AMANHÃ",IF(C7<TODAY(),"Realizada",IF(C7-TODAY()<=7,"Em "&(C7-TODAY())&" dias","Agendada"))))) | G7: =IF(OR(A7="",NOT(ISNUMBER(C7))),"",IF(COUNTIFS($A$2:$A$301,A7,$C$2:$C$301,C7)>1,"⚠ Folga duplicada",IF(COUNTIFS(FÉRIAS!$A$2:$A$301,A7,FÉRIAS!$C$2:$C$301,"<="&C7,FÉRIAS!$D$2:$D$301,">="&C7)>0,"⚠ Está de férias nesta data",IF(COUNTIFS(NATAL!$A$2:$A$301,A7,NATAL!$C$2:$C$301,C7,NATAL!$D$2:$D$301,"FOLGA")+COUNTIFS('ANO NOVO'!$A$2:$A$301,A7,'ANO NOVO'!$C$2:$C$301,C7,'ANO NOVO'!$D$2:$D$301,"FOLGA")>0,"⚠ Folga já lançada em NATAL/ANO NOVO",IF(COUNTIFS(NATAL!$A$2:$A$301,A7,NATAL!$C$2:$C$301,C7,NATAL!$D$2:$D$301,"TRABALHA")+COUNTIFS('ANO NOVO'!$A$2:$A$301,A7,'ANO NOVO'!$C$2:$C$301,C7,'ANO NOVO'!$D$2:$D$301,"TRABALHA")>0,"⚠ Marcado TRABALHA em NATAL/ANO NOVO",IF(COUNTIFS($B$2:$B$301,B7,$C$2:$C$301,C7)>1,"⚠ "&COUNTIFS($B$2:$B$301,B7,$C$2:$C$301,C7)&" pessoas do setor de folga no dia",""))))))
A8: ANTONIO | B8: FISCALIZAÇÃO | E8: =IF(ISNUMBER(C8),CHOOSE(WEEKDAY(C8),"Domingo","Segunda","Terça","Quarta","Quinta","Sexta","Sábado"),"") | F8: =IF(NOT(ISNUMBER(C8)),"",IF(C8=TODAY(),"HOJE",IF(C8=TODAY()+1,"AMANHÃ",IF(C8<TODAY(),"Realizada",IF(C8-TODAY()<=7,"Em "&(C8-TODAY())&" dias","Agendada"))))) | G8: =IF(OR(A8="",NOT(ISNUMBER(C8))),"",IF(COUNTIFS($A$2:$A$301,A8,$C$2:$C$301,C8)>1,"⚠ Folga duplicada",IF(COUNTIFS(FÉRIAS!$A$2:$A$301,A8,FÉRIAS!$C$2:$C$301,"<="&C8,FÉRIAS!$D$2:$D$301,">="&C8)>0,"⚠ Está de férias nesta data",IF(COUNTIFS(NATAL!$A$2:$A$301,A8,NATAL!$C$2:$C$301,C8,NATAL!$D$2:$D$301,"FOLGA")+COUNTIFS('ANO NOVO'!$A$2:$A$301,A8,'ANO NOVO'!$C$2:$C$301,C8,'ANO NOVO'!$D$2:$D$301,"FOLGA")>0,"⚠ Folga já lançada em NATAL/ANO NOVO",IF(COUNTIFS(NATAL!$A$2:$A$301,A8,NATAL!$C$2:$C$301,C8,NATAL!$D$2:$D$301,"TRABALHA")+COUNTIFS('ANO NOVO'!$A$2:$A$301,A8,'ANO NOVO'!$C$2:$C$301,C8,'ANO NOVO'!$D$2:$D$301,"TRABALHA")>0,"⚠ Marcado TRABALHA em NATAL/ANO NOVO",IF(COUNTIFS($B$2:$B$301,B8,$C$2:$C$301,C8)>1,"⚠ "&COUNTIFS($B$2:$B$301,B8,$C$2:$C$301,C8)&" pessoas do setor de folga no dia",""))))))
A9: FABIO MARQUES | B9: FISCALIZAÇÃO | E9: =IF(ISNUMBER(C9),CHOOSE(WEEKDAY(C9),"Domingo","Segunda","Terça","Quarta","Quinta","Sexta","Sábado"),"") | F9: =IF(NOT(ISNUMBER(C9)),"",IF(C9=TODAY(),"HOJE",IF(C9=TODAY()+1,"AMANHÃ",IF(C9<TODAY(),"Realizada",IF(C9-TODAY()<=7,"Em "&(C9-TODAY())&" dias","Agendada"))))) | G9: =IF(OR(A9="",NOT(ISNUMBER(C9))),"",IF(COUNTIFS($A$2:$A$301,A9,$C$2:$C$301,C9)>1,"⚠ Folga duplicada",IF(COUNTIFS(FÉRIAS!$A$2:$A$301,A9,FÉRIAS!$C$2:$C$301,"<="&C9,FÉRIAS!$D$2:$D$301,">="&C9)>0,"⚠ Está de férias nesta data",IF(COUNTIFS(NATAL!$A$2:$A$301,A9,NATAL!$C$2:$C$301,C9,NATAL!$D$2:$D$301,"FOLGA")+COUNTIFS('ANO NOVO'!$A$2:$A$301,A9,'ANO NOVO'!$C$2:$C$301,C9,'ANO NOVO'!$D$2:$D$301,"FOLGA")>0,"⚠ Folga já lançada em NATAL/ANO NOVO",IF(COUNTIFS(NATAL!$A$2:$A$301,A9,NATAL!$C$2:$C$301,C9,NATAL!$D$2:$D$301,"TRABALHA")+COUNTIFS('ANO NOVO'!$A$2:$A$301,A9,'ANO NOVO'!$C$2:$C$301,C9,'ANO NOVO'!$D$2:$D$301,"TRABALHA")>0,"⚠ Marcado TRABALHA em NATAL/ANO NOVO",IF(COUNTIFS($B$2:$B$301,B9,$C$2:$C$301,C9)>1,"⚠ "&COUNTIFS($B$2:$B$301,B9,$C$2:$C$301,C9)&" pessoas do setor de folga no dia",""))))))
A10: MARINA | B10: ATENDIMENTO | E10: =IF(ISNUMBER(C10),CHOOSE(WEEKDAY(C10),"Domingo","Segunda","Terça","Quarta","Quinta","Sexta","Sábado"),"") | F10: =IF(NOT(ISNUMBER(C10)),"",IF(C10=TODAY(),"HOJE",IF(C10=TODAY()+1,"AMANHÃ",IF(C10<TODAY(),"Realizada",IF(C10-TODAY()<=7,"Em "&(C10-TODAY())&" dias","Agendada"))))) | G10: =IF(OR(A10="",NOT(ISNUMBER(C10))),"",IF(COUNTIFS($A$2:$A$301,A10,$C$2:$C$301,C10)>1,"⚠ Folga duplicada",IF(COUNTIFS(FÉRIAS!$A$2:$A$301,A10,FÉRIAS!$C$2:$C$301,"<="&C10,FÉRIAS!$D$2:$D$301,">="&C10)>0,"⚠ Está de férias nesta data",IF(COUNTIFS(NATAL!$A$2:$A$301,A10,NATAL!$C$2:$C$301,C10,NATAL!$D$2:$D$301,"FOLGA")+COUNTIFS('ANO NOVO'!$A$2:$A$301,A10,'ANO NOVO'!$C$2:$C$301,C10,'ANO NOVO'!$D$2:$D$301,"FOLGA")>0,"⚠ Folga já lançada em NATAL/ANO NOVO",IF(COUNTIFS(NATAL!$A$2:$A$301,A10,NATAL!$C$2:$C$301,C10,NATAL!$D$2:$D$301,"TRABALHA")+COUNTIFS('ANO NOVO'!$A$2:$A$301,A10,'ANO NOVO'!$C$2:$C$301,C10,'ANO NOVO'!$D$2:$D$301,"TRABALHA")>0,"⚠ Marcado TRABALHA em NATAL/ANO NOVO",IF(COUNTIFS($B$2:$B$301,B10,$C$2:$C$301,C10)>1,"⚠ "&COUNTIFS($B$2:$B$301,B10,$C$2:$C$301,C10)&" pessoas do setor de folga no dia",""))))))
A11: DIOGO | B11: ATENDIMENTO | E11: =IF(ISNUMBER(C11),CHOOSE(WEEKDAY(C11),"Domingo","Segunda","Terça","Quarta","Quinta","Sexta","Sábado"),"") | F11: =IF(NOT(ISNUMBER(C11)),"",IF(C11=TODAY(),"HOJE",IF(C11=TODAY()+1,"AMANHÃ",IF(C11<TODAY(),"Realizada",IF(C11-TODAY()<=7,"Em "&(C11-TODAY())&" dias","Agendada"))))) | G11: =IF(OR(A11="",NOT(ISNUMBER(C11))),"",IF(COUNTIFS($A$2:$A$301,A11,$C$2:$C$301,C11)>1,"⚠ Folga duplicada",IF(COUNTIFS(FÉRIAS!$A$2:$A$301,A11,FÉRIAS!$C$2:$C$301,"<="&C11,FÉRIAS!$D$2:$D$301,">="&C11)>0,"⚠ Está de férias nesta data",IF(COUNTIFS(NATAL!$A$2:$A$301,A11,NATAL!$C$2:$C$301,C11,NATAL!$D$2:$D$301,"FOLGA")+COUNTIFS('ANO NOVO'!$A$2:$A$301,A11,'ANO NOVO'!$C$2:$C$301,C11,'ANO NOVO'!$D$2:$D$301,"FOLGA")>0,"⚠ Folga já lançada em NATAL/ANO NOVO",IF(COUNTIFS(NATAL!$A$2:$A$301,A11,NATAL!$C$2:$C$301,C11,NATAL!$D$2:$D$301,"TRABALHA")+COUNTIFS('ANO NOVO'!$A$2:$A$301,A11,'ANO NOVO'!$C$2:$C$301,C11,'ANO NOVO'!$D$2:$D$301,"TRABALHA")>0,"⚠ Marcado TRABALHA em NATAL/ANO NOVO",IF(COUNTIFS($B$2:$B$301,B11,$C$2:$C$301,C11)>1,"⚠ "&COUNTIFS($B$2:$B$301,B11,$C$2:$C$301,C11)&" pessoas do setor de folga no dia",""))))))
A12: DOUGLAS | B12: ATENDIMENTO | E12: =IF(ISNUMBER(C12),CHOOSE(WEEKDAY(C12),"Domingo","Segunda","Terça","Quarta","Quinta","Sexta","Sábado"),"") | F12: =IF(NOT(ISNUMBER(C12)),"",IF(C12=TODAY(),"HOJE",IF(C12=TODAY()+1,"AMANHÃ",IF(C12<TODAY(),"Realizada",IF(C12-TODAY()<=7,"Em "&(C12-TODAY())&" dias","Agendada"))))) | G12: =IF(OR(A12="",NOT(ISNUMBER(C12))),"",IF(COUNTIFS($A$2:$A$301,A12,$C$2:$C$301,C12)>1,"⚠ Folga duplicada",IF(COUNTIFS(FÉRIAS!$A$2:$A$301,A12,FÉRIAS!$C$2:$C$301,"<="&C12,FÉRIAS!$D$2:$D$301,">="&C12)>0,"⚠ Está de férias nesta data",IF(COUNTIFS(NATAL!$A$2:$A$301,A12,NATAL!$C$2:$C$301,C12,NATAL!$D$2:$D$301,"FOLGA")+COUNTIFS('ANO NOVO'!$A$2:$A$301,A12,'ANO NOVO'!$C$2:$C$301,C12,'ANO NOVO'!$D$2:$D$301,"FOLGA")>0,"⚠ Folga já lançada em NATAL/ANO NOVO",IF(COUNTIFS(NATAL!$A$2:$A$301,A12,NATAL!$C$2:$C$301,C12,NATAL!$D$2:$D$301,"TRABALHA")+COUNTIFS('ANO NOVO'!$A$2:$A$301,A12,'ANO NOVO'!$C$2:$C$301,C12,'ANO NOVO'!$D$2:$D$301,"TRABALHA")>0,"⚠ Marcado TRABALHA em NATAL/ANO NOVO",IF(COUNTIFS($B$2:$B$301,B12,$C$2:$C$301,C12)>1,"⚠ "&COUNTIFS($B$2:$B$301,B12,$C$2:$C$301,C12)&" pessoas do setor de folga no dia",""))))))
A13: KAROLINE MANZI | B13: ATENDIMENTO | E13: =IF(ISNUMBER(C13),CHOOSE(WEEKDAY(C13),"Domingo","Segunda","Terça","Quarta","Quinta","Sexta","Sábado"),"") | F13: =IF(NOT(ISNUMBER(C13)),"",IF(C13=TODAY(),"HOJE",IF(C13=TODAY()+1,"AMANHÃ",IF(C13<TODAY(),"Realizada",IF(C13-TODAY()<=7,"Em "&(C13-TODAY())&" dias","Agendada"))))) | G13: =IF(OR(A13="",NOT(ISNUMBER(C13))),"",IF(COUNTIFS($A$2:$A$301,A13,$C$2:$C$301,C13)>1,"⚠ Folga duplicada",IF(COUNTIFS(FÉRIAS!$A$2:$A$301,A13,FÉRIAS!$C$2:$C$301,"<="&C13,FÉRIAS!$D$2:$D$301,">="&C13)>0,"⚠ Está de férias nesta data",IF(COUNTIFS(NATAL!$A$2:$A$301,A13,NATAL!$C$2:$C$301,C13,NATAL!$D$2:$D$301,"FOLGA")+COUNTIFS('ANO NOVO'!$A$2:$A$301,A13,'ANO NOVO'!$C$2:$C$301,C13,'ANO NOVO'!$D$2:$D$301,"FOLGA")>0,"⚠ Folga já lançada em NATAL/ANO NOVO",IF(COUNTIFS(NATAL!$A$2:$A$301,A13,NATAL!$C$2:$C$301,C13,NATAL!$D$2:$D$301,"TRABALHA")+COUNTIFS('ANO NOVO'!$A$2:$A$301,A13,'ANO NOVO'!$C$2:$C$301,C13,'ANO NOVO'!$D$2:$D$301,"TRABALHA")>0,"⚠ Marcado TRABALHA em NATAL/ANO NOVO",IF(COUNTIFS($B$2:$B$301,B13,$C$2:$C$301,C13)>1,"⚠ "&COUNTIFS($B$2:$B$301,B13,$C$2:$C$301,C13)&" pessoas do setor de folga no dia",""))))))
... A20: INGRID | B20: ATENDIMENTO | E20: =IF(ISNUMBER(C20),CHOOSE(WEEKDAY(C20),"Domingo","Segunda","Terça","Quarta","Quinta","Sexta","Sábado"),"") | F20: =IF(NOT(ISNUMBER(C20)),"",IF(C20=TODAY(),"HOJE",IF(C20=TODAY()+1,"AMANHÃ",IF(C20<TODAY(),"Realizada",IF(C20-TODAY()<=7,"Em "&(C20-TODAY())&" dias","Agendada"))))) | G20: =IF(OR(A20="",NOT(ISNUMBER(C20))),"",IF(COUNTIFS($A$2:$A$301,A20,$C$2:$C$301,C20)>1,"⚠ Folga duplicada",IF(COUNTIFS(FÉRIAS!$A$2:$A$301,A20,FÉRIAS!$C$2:$C$301,"<="&C20,FÉRIAS!$D$2:$D$301,">="&C20)>0,"⚠ Está de férias nesta data",IF(COUNTIFS(NATAL!$A$2:$A$301,A20,NATAL!$C$2:$C$301,C20,NATAL!$D$2:$D$301,"FOLGA")+COUNTIFS('ANO NOVO'!$A$2:$A$301,A20,'ANO NOVO'!$C$2:$C$301,C20,'ANO NOVO'!$D$2:$D$301,"FOLGA")>0,"⚠ Folga já lançada em NATAL/ANO NOVO",IF(COUNTIFS(NATAL!$A$2:$A$301,A20,NATAL!$C$2:$C$301,C20,NATAL!$D$2:$D$301,"TRABALHA")+COUNTIFS('ANO NOVO'!$A$2:$A$301,A20,'ANO NOVO'!$C$2:$C$301,C20,'ANO NOVO'!$D$2:$D$301,"TRABALHA")>0,"⚠ Marcado TRABALHA em NATAL/ANO NOVO",IF(COUNTIFS($B$2:$B$301,B20,$C$2:$C$301,C20)>1,"⚠ "&COUNTIFS($B$2:$B$301,B20,$C$2:$C$301,C20)&" pessoas do setor de folga no dia",""))))))
E21: =IF(ISNUMBER(C21),CHOOSE(WEEKDAY(C21),"Domingo","Segunda","Terça","Quarta","Quinta","Sexta","Sábado"),"") | F21: =IF(NOT(ISNUMBER(C21)),"",IF(C21=TODAY(),"HOJE",IF(C21=TODAY()+1,"AMANHÃ",IF(C21<TODAY(),"Realizada",IF(C21-TODAY()<=7,"Em "&(C21-TODAY())&" dias","Agendada"))))) | G21: =IF(OR(A21="",NOT(ISNUMBER(C21))),"",IF(COUNTIFS($A$2:$A$301,A21,$C$2:$C$301,C21)>1,"⚠ Folga duplicada",IF(COUNTIFS(FÉRIAS!$A$2:$A$301,A21,FÉRIAS!$C$2:$C$301,"<="&C21,FÉRIAS!$D$2:$D$301,">="&C21)>0,"⚠ Está de férias nesta data",IF(COUNTIFS(NATAL!$A$2:$A$301,A21,NATAL!$C$2:$C$301,C21,NATAL!$D$2:$D$301,"FOLGA")+COUNTIFS('ANO NOVO'!$A$2:$A$301,A21,'ANO NOVO'!$C$2:$C$301,C21,'ANO NOVO'!$D$2:$D$301,"FOLGA")>0,"⚠ Folga já lançada em NATAL/ANO NOVO",IF(COUNTIFS(NATAL!$A$2:$A$301,A21,NATAL!$C$2:$C$301,C21,NATAL!$D$2:$D$301,"TRABALHA")+COUNTIFS('ANO NOVO'!$A$2:$A$301,A21,'ANO NOVO'!$C$2:$C$301,C21,'ANO NOVO'!$D$2:$D$301,"TRABALHA")>0,"⚠ Marcado TRABALHA em NATAL/ANO NOVO",IF(COUNTIFS($B$2:$B$301,B21,$C$2:$C$301,C21)>1,"⚠ "&COUNTIFS($B$2:$B$301,B21,$C$2:$C$301,C21)&" pessoas do setor de folga no dia",""))))))
E22: =IF(ISNUMBER(C22),CHOOSE(WEEKDAY(C22),"Domingo","Segunda","Terça","Quarta","Quinta","Sexta","Sábado"),"") | F22: =IF(NOT(ISNUMBER(C22)),"",IF(C22=TODAY(),"HOJE",IF(C22=TODAY()+1,"AMANHÃ",IF(C22<TODAY(),"Realizada",IF(C22-TODAY()<=7,"Em "&(C22-TODAY())&" dias","Agendada"))))) | G22: =IF(OR(A22="",NOT(ISNUMBER(C22))),"",IF(COUNTIFS($A$2:$A$301,A22,$C$2:$C$301,C22)>1,"⚠ Folga duplicada",IF(COUNTIFS(FÉRIAS!$A$2:$A$301,A22,FÉRIAS!$C$2:$C$301,"<="&C22,FÉRIAS!$D$2:$D$301,">="&C22)>0,"⚠ Está de férias nesta data",IF(COUNTIFS(NATAL!$A$2:$A$301,A22,NATAL!$C$2:$C$301,C22,NATAL!$D$2:$D$301,"FOLGA")+COUNTIFS('ANO NOVO'!$A$2:$A$301,A22,'ANO NOVO'!$C$2:$C$301,C22,'ANO NOVO'!$D$2:$D$301,"FOLGA")>0,"⚠ Folga já lançada em NATAL/ANO NOVO",IF(COUNTIFS(NATAL!$A$2:$A$301,A22,NATAL!$C$2:$C$301,C22,NATAL!$D$2:$D$301,"TRABALHA")+COUNTIFS('ANO NOVO'!$A$2:$A$301,A22,'ANO NOVO'!$C$2:$C$301,C22,'ANO NOVO'!$D$2:$D$301,"TRABALHA")>0,"⚠ Marcado TRABALHA em NATAL/ANO NOVO",IF(COUNTIFS($B$2:$B$301,B22,$C$2:$C$301,C22)>1,"⚠ "&COUNTIFS($B$2:$B$301,B22,$C$2:$C$301,C22)&" pessoas do setor de folga no dia",""))))))
E23: =IF(ISNUMBER(C23),CHOOSE(WEEKDAY(C23),"Domingo","Segunda","Terça","Quarta","Quinta","Sexta","Sábado"),"") | F23: =IF(NOT(ISNUMBER(C23)),"",IF(C23=TODAY(),"HOJE",IF(C23=TODAY()+1,"AMANHÃ",IF(C23<TODAY(),"Realizada",IF(C23-TODAY()<=7,"Em "&(C23-TODAY())&" dias","Agendada"))))) | G23: =IF(OR(A23="",NOT(ISNUMBER(C23))),"",IF(COUNTIFS($A$2:$A$301,A23,$C$2:$C$301,C23)>1,"⚠ Folga duplicada",IF(COUNTIFS(FÉRIAS!$A$2:$A$301,A23,FÉRIAS!$C$2:$C$301,"<="&C23,FÉRIAS!$D$2:$D$301,">="&C23)>0,"⚠ Está de férias nesta data",IF(COUNTIFS(NATAL!$A$2:$A$301,A23,NATAL!$C$2:$C$301,C23,NATAL!$D$2:$D$301,"FOLGA")+COUNTIFS('ANO NOVO'!$A$2:$A$301,A23,'ANO NOVO'!$C$2:$C$301,C23,'ANO NOVO'!$D$2:$D$301,"FOLGA")>0,"⚠ Folga já lançada em NATAL/ANO NOVO",IF(COUNTIFS(NATAL!$A$2:$A$301,A23,NATAL!$C$2:$C$301,C23,NATAL!$D$2:$D$301,"TRABALHA")+COUNTIFS('ANO NOVO'!$A$2:$A$301,A23,'ANO NOVO'!$C$2:$C$301,C23,'ANO NOVO'!$D$2:$D$301,"TRABALHA")>0,"⚠ Marcado TRABALHA em NATAL/ANO NOVO",IF(COUNTIFS($B$2:$B$301,B23,$C$2:$C$301,C23)>1,"⚠ "&COUNTIFS($B$2:$B$301,B23,$C$2:$C$301,C23)&" pessoas do setor de folga no dia",""))))))
E24: =IF(ISNUMBER(C24),CHOOSE(WEEKDAY(C24),"Domingo","Segunda","Terça","Quarta","Quinta","Sexta","Sábado"),"") | F24: =IF(NOT(ISNUMBER(C24)),"",IF(C24=TODAY(),"HOJE",IF(C24=TODAY()+1,"AMANHÃ",IF(C24<TODAY(),"Realizada",IF(C24-TODAY()<=7,"Em "&(C24-TODAY())&" dias","Agendada"))))) | G24: =IF(OR(A24="",NOT(ISNUMBER(C24))),"",IF(COUNTIFS($A$2:$A$301,A24,$C$2:$C$301,C24)>1,"⚠ Folga duplicada",IF(COUNTIFS(FÉRIAS!$A$2:$A$301,A24,FÉRIAS!$C$2:$C$301,"<="&C24,FÉRIAS!$D$2:$D$301,">="&C24)>0,"⚠ Está de férias nesta data",IF(COUNTIFS(NATAL!$A$2:$A$301,A24,NATAL!$C$2:$C$301,C24,NATAL!$D$2:$D$301,"FOLGA")+COUNTIFS('ANO NOVO'!$A$2:$A$301,A24,'ANO NOVO'!$C$2:$C$301,C24,'ANO NOVO'!$D$2:$D$301,"FOLGA")>0,"⚠ Folga já lançada em NATAL/ANO NOVO",IF(COUNTIFS(NATAL!$A$2:$A$301,A24,NATAL!$C$2:$C$301,C24,NATAL!$D$2:$D$301,"TRABALHA")+COUNTIFS('ANO NOVO'!$A$2:$A$301,A24,'ANO NOVO'!$C$2:$C$301,C24,'ANO NOVO'!$D$2:$D$301,"TRABALHA")>0,"⚠ Marcado TRABALHA em NATAL/ANO NOVO",IF(COUNTIFS($B$2:$B$301,B24,$C$2:$C$301,C24)>1,"⚠ "&COUNTIFS($B$2:$B$301,B24,$C$2:$C$301,C24)&" pessoas do setor de folga no dia",""))))))
E25: =IF(ISNUMBER(C25),CHOOSE(WEEKDAY(C25),"Domingo","Segunda","Terça","Quarta","Quinta","Sexta","Sábado"),"") | F25: =IF(NOT(ISNUMBER(C25)),"",IF(C25=TODAY(),"HOJE",IF(C25=TODAY()+1,"AMANHÃ",IF(C25<TODAY(),"Realizada",IF(C25-TODAY()<=7,"Em "&(C25-TODAY())&" dias","Agendada"))))) | G25: =IF(OR(A25="",NOT(ISNUMBER(C25))),"",IF(COUNTIFS($A$2:$A$301,A25,$C$2:$C$301,C25)>1,"⚠ Folga duplicada",IF(COUNTIFS(FÉRIAS!$A$2:$A$301,A25,FÉRIAS!$C$2:$C$301,"<="&C25,FÉRIAS!$D$2:$D$301,">="&C25)>0,"⚠ Está de férias nesta data",IF(COUNTIFS(NATAL!$A$2:$A$301,A25,NATAL!$C$2:$C$301,C25,NATAL!$D$2:$D$301,"FOLGA")+COUNTIFS('ANO NOVO'!$A$2:$A$301,A25,'ANO NOVO'!$C$2:$C$301,C25,'ANO NOVO'!$D$2:$D$301,"FOLGA")>0,"⚠ Folga já lançada em NATAL/ANO NOVO",IF(COUNTIFS(NATAL!$A$2:$A$301,A25,NATAL!$C$2:$C$301,C25,NATAL!$D$2:$D$301,"TRABALHA")+COUNTIFS('ANO NOVO'!$A$2:$A$301,A25,'ANO NOVO'!$C$2:$C$301,C25,'ANO NOVO'!$D$2:$D$301,"TRABALHA")>0,"⚠ Marcado TRABALHA em NATAL/ANO NOVO",IF(COUNTIFS($B$2:$B$301,B25,$C$2:$C$301,C25)>1,"⚠ "&COUNTIFS($B$2:$B$301,B25,$C$2:$C$301,C25)&" pessoas do setor de folga no dia",""))))))
E26: =IF(ISNUMBER(C26),CHOOSE(WEEKDAY(C26),"Domingo","Segunda","Terça","Quarta","Quinta","Sexta","Sábado"),"") | F26: =IF(NOT(ISNUMBER(C26)),"",IF(C26=TODAY(),"HOJE",IF(C26=TODAY()+1,"AMANHÃ",IF(C26<TODAY(),"Realizada",IF(C26-TODAY()<=7,"Em "&(C26-TODAY())&" dias","Agendada"))))) | G26: =IF(OR(A26="",NOT(ISNUMBER(C26))),"",IF(COUNTIFS($A$2:$A$301,A26,$C$2:$C$301,C26)>1,"⚠ Folga duplicada",IF(COUNTIFS(FÉRIAS!$A$2:$A$301,A26,FÉRIAS!$C$2:$C$301,"<="&C26,FÉRIAS!$D$2:$D$301,">="&C26)>0,"⚠ Está de férias nesta data",IF(COUNTIFS(NATAL!$A$2:$A$301,A26,NATAL!$C$2:$C$301,C26,NATAL!$D$2:$D$301,"FOLGA")+COUNTIFS('ANO NOVO'!$A$2:$A$301,A26,'ANO NOVO'!$C$2:$C$301,C26,'ANO NOVO'!$D$2:$D$301,"FOLGA")>0,"⚠ Folga já lançada em NATAL/ANO NOVO",IF(COUNTIFS(NATAL!$A$2:$A$301,A26,NATAL!$C$2:$C$301,C26,NATAL!$D$2:$D$301,"TRABALHA")+COUNTIFS('ANO NOVO'!$A$2:$A$301,A26,'ANO NOVO'!$C$2:$C$301,C26,'ANO NOVO'!$D$2:$D$301,"TRABALHA")>0,"⚠ Marcado TRABALHA em NATAL/ANO NOVO",IF(COUNTIFS($B$2:$B$301,B26,$C$2:$C$301,C26)>1,"⚠ "&COUNTIFS($B$2:$B$301,B26,$C$2:$C$301,C26)&" pessoas do setor de folga no dia",""))))))
E27: =IF(ISNUMBER(C27),CHOOSE(WEEKDAY(C27),"Domingo","Segunda","Terça","Quarta","Quinta","Sexta","Sábado"),"") | F27: =IF(NOT(ISNUMBER(C27)),"",IF(C27=TODAY(),"HOJE",IF(C27=TODAY()+1,"AMANHÃ",IF(C27<TODAY(),"Realizada",IF(C27-TODAY()<=7,"Em "&(C27-TODAY())&" dias","Agendada"))))) | G27: =IF(OR(A27="",NOT(ISNUMBER(C27))),"",IF(COUNTIFS($A$2:$A$301,A27,$C$2:$C$301,C27)>1,"⚠ Folga duplicada",IF(COUNTIFS(FÉRIAS!$A$2:$A$301,A27,FÉRIAS!$C$2:$C$301,"<="&C27,FÉRIAS!$D$2:$D$301,">="&C27)>0,"⚠ Está de férias nesta data",IF(COUNTIFS(NATAL!$A$2:$A$301,A27,NATAL!$C$2:$C$301,C27,NATAL!$D$2:$D$301,"FOLGA")+COUNTIFS('ANO NOVO'!$A$2:$A$301,A27,'ANO NOVO'!$C$2:$C$301,C27,'ANO NOVO'!$D$2:$D$301,"FOLGA")>0,"⚠ Folga já lançada em NATAL/ANO NOVO",IF(COUNTIFS(NATAL!$A$2:$A$301,A27,NATAL!$C$2:$C$301,C27,NATAL!$D$2:$D$301,"TRABALHA")+COUNTIFS('ANO NOVO'!$A$2:$A$301,A27,'ANO NOVO'!$C$2:$C$301,C27,'ANO NOVO'!$D$2:$D$301,"TRABALHA")>0,"⚠ Marcado TRABALHA em NATAL/ANO NOVO",IF(COUNTIFS($B$2:$B$301,B27,$C$2:$C$301,C27)>1,"⚠ "&COUNTIFS($B$2:$B$301,B27,$C$2:$C$301,C27)&" pessoas do setor de folga no dia",""))))))
E28: =IF(ISNUMBER(C28),CHOOSE(WEEKDAY(C28),"Domingo","Segunda","Terça","Quarta","Quinta","Sexta","Sábado"),"") | F28: =IF(NOT(ISNUMBER(C28)),"",IF(C28=TODAY(),"HOJE",IF(C28=TODAY()+1,"AMANHÃ",IF(C28<TODAY(),"Realizada",IF(C28-TODAY()<=7,"Em "&(C28-TODAY())&" dias","Agendada"))))) | G28: =IF(OR(A28="",NOT(ISNUMBER(C28))),"",IF(COUNTIFS($A$2:$A$301,A28,$C$2:$C$301,C28)>1,"⚠ Folga duplicada",IF(COUNTIFS(FÉRIAS!$A$2:$A$301,A28,FÉRIAS!$C$2:$C$301,"<="&C28,FÉRIAS!$D$2:$D$301,">="&C28)>0,"⚠ Está de férias nesta data",IF(COUNTIFS(NATAL!$A$2:$A$301,A28,NATAL!$C$2:$C$301,C28,NATAL!$D$2:$D$301,"FOLGA")+COUNTIFS('ANO NOVO'!$A$2:$A$301,A28,'ANO NOVO'!$C$2:$C$301,C28,'ANO NOVO'!$D$2:$D$301,"FOLGA")>0,"⚠ Folga já lançada em NATAL/ANO NOVO",IF(COUNTIFS(NATAL!$A$2:$A$301,A28,NATAL!$C$2:$C$301,C28,NATAL!$D$2:$D$301,"TRABALHA")+COUNTIFS('ANO NOVO'!$A$2:$A$301,A28,'ANO NOVO'!$C$2:$C$301,C28,'ANO NOVO'!$D$2:$D$301,"TRABALHA")>0,"⚠ Marcado TRABALHA em NATAL/ANO NOVO",IF(COUNTIFS($B$2:$B$301,B28,$C$2:$C$301,C28)>1,"⚠ "&COUNTIFS($B$2:$B$301,B28,$C$2:$C$301,C28)&" pessoas do setor de folga no dia",""))))))
E29: =IF(ISNUMBER(C29),CHOOSE(WEEKDAY(C29),"Domingo","Segunda","Terça","Quarta","Quinta","Sexta","Sábado"),"") | F29: =IF(NOT(ISNUMBER(C29)),"",IF(C29=TODAY(),"HOJE",IF(C29=TODAY()+1,"AMANHÃ",IF(C29<TODAY(),"Realizada",IF(C29-TODAY()<=7,"Em "&(C29-TODAY())&" dias","Agendada"))))) | G29: =IF(OR(A29="",NOT(ISNUMBER(C29))),"",IF(COUNTIFS($A$2:$A$301,A29,$C$2:$C$301,C29)>1,"⚠ Folga duplicada",IF(COUNTIFS(FÉRIAS!$A$2:$A$301,A29,FÉRIAS!$C$2:$C$301,"<="&C29,FÉRIAS!$D$2:$D$301,">="&C29)>0,"⚠ Está de férias nesta data",IF(COUNTIFS(NATAL!$A$2:$A$301,A29,NATAL!$C$2:$C$301,C29,NATAL!$D$2:$D$301,"FOLGA")+COUNTIFS('ANO NOVO'!$A$2:$A$301,A29,'ANO NOVO'!$C$2:$C$301,C29,'ANO NOVO'!$D$2:$D$301,"FOLGA")>0,"⚠ Folga já lançada em NATAL/ANO NOVO",IF(COUNTIFS(NATAL!$A$2:$A$301,A29,NATAL!$C$2:$C$301,C29,NATAL!$D$2:$D$301,"TRABALHA")+COUNTIFS('ANO NOVO'!$A$2:$A$301,A29,'ANO NOVO'!$C$2:$C$301,C29,'ANO NOVO'!$D$2:$D$301,"TRABALHA")>0,"⚠ Marcado TRABALHA em NATAL/ANO NOVO",IF(COUNTIFS($B$2:$B$301,B29,$C$2:$C$301,C29)>1,"⚠ "&COUNTIFS($B$2:$B$301,B29,$C$2:$C$301,C29)&" pessoas do setor de folga no dia",""))))))
E30: =IF(ISNUMBER(C30),CHOOSE(WEEKDAY(C30),"Domingo","Segunda","Terça","Quarta","Quinta","Sexta","Sábado"),"") | F30: =IF(NOT(ISNUMBER(C30)),"",IF(C30=TODAY(),"HOJE",IF(C30=TODAY()+1,"AMANHÃ",IF(C30<TODAY(),"Realizada",IF(C30-TODAY()<=7,"Em "&(C30-TODAY())&" dias","Agendada"))))) | G30: =IF(OR(A30="",NOT(ISNUMBER(C30))),"",IF(COUNTIFS($A$2:$A$301,A30,$C$2:$C$301,C30)>1,"⚠ Folga duplicada",IF(COUNTIFS(FÉRIAS!$A$2:$A$301,A30,FÉRIAS!$C$2:$C$301,"<="&C30,FÉRIAS!$D$2:$D$301,">="&C30)>0,"⚠ Está de férias nesta data",IF(COUNTIFS(NATAL!$A$2:$A$301,A30,NATAL!$C$2:$C$301,C30,NATAL!$D$2:$D$301,"FOLGA")+COUNTIFS('ANO NOVO'!$A$2:$A$301,A30,'ANO NOVO'!$C$2:$C$301,C30,'ANO NOVO'!$D$2:$D$301,"FOLGA")>0,"⚠ Folga já lançada em NATAL/ANO NOVO",IF(COUNTIFS(NATAL!$A$2:$A$301,A30,NATAL!$C$2:$C$301,C30,NATAL!$D$2:$D$301,"TRABALHA")+COUNTIFS('ANO NOVO'!$A$2:$A$301,A30,'ANO NOVO'!$C$2:$C$301,C30,'ANO NOVO'!$D$2:$D$301,"TRABALHA")>0,"⚠ Marcado TRABALHA em NATAL/ANO NOVO",IF(COUNTIFS($B$2:$B$301,B30,$C$2:$C$301,C30)>1,"⚠ "&COUNTIFS($B$2:$B$301,B30,$C$2:$C$301,C30)&" pessoas do setor de folga no dia",""))))))
E31: =IF(ISNUMBER(C31),CHOOSE(WEEKDAY(C31),"Domingo","Segunda","Terça","Quarta","Quinta","Sexta","Sábado"),"") | F31: =IF(NOT(ISNUMBER(C31)),"",IF(C31=TODAY(),"HOJE",IF(C31=TODAY()+1,"AMANHÃ",IF(C31<TODAY(),"Realizada",IF(C31-TODAY()<=7,"Em "&(C31-TODAY())&" dias","Agendada"))))) | G31: =IF(OR(A31="",NOT(ISNUMBER(C31))),"",IF(COUNTIFS($A$2:$A$301,A31,$C$2:$C$301,C31)>1,"⚠ Folga duplicada",IF(COUNTIFS(FÉRIAS!$A$2:$A$301,A31,FÉRIAS!$C$2:$C$301,"<="&C31,FÉRIAS!$D$2:$D$301,">="&C31)>0,"⚠ Está de férias nesta data",IF(COUNTIFS(NATAL!$A$2:$A$301,A31,NATAL!$C$2:$C$301,C31,NATAL!$D$2:$D$301,"FOLGA")+COUNTIFS('ANO NOVO'!$A$2:$A$301,A31,'ANO NOVO'!$C$2:$C$301,C31,'ANO NOVO'!$D$2:$D$301,"FOLGA")>0,"⚠ Folga já lançada em NATAL/ANO NOVO",IF(COUNTIFS(NATAL!$A$2:$A$301,A31,NATAL!$C$2:$C$301,C31,NATAL!$D$2:$D$301,"TRABALHA")+COUNTIFS('ANO NOVO'!$A$2:$A$301,A31,'ANO NOVO'!$C$2:$C$301,C31,'ANO NOVO'!$D$2:$D$301,"TRABALHA")>0,"⚠ Marcado TRABALHA em NATAL/ANO NOVO",IF(COUNTIFS($B$2:$B$301,B31,$C$2:$C$301,C31)>1,"⚠ "&COUNTIFS($B$2:$B$301,B31,$C$2:$C$301,C31)&" pessoas do setor de folga no dia",""))))))
E32: =IF(ISNUMBER(C32),CHOOSE(WEEKDAY(C32),"Domingo","Segunda","Terça","Quarta","Quinta","Sexta","Sábado"),"") | F32: =IF(NOT(ISNUMBER(C32)),"",IF(C32=TODAY(),"HOJE",IF(C32=TODAY()+1,"AMANHÃ",IF(C32<TODAY(),"Realizada",IF(C32-TODAY()<=7,"Em "&(C32-TODAY())&" dias","Agendada"))))) | G32: =IF(OR(A32="",NOT(ISNUMBER(C32))),"",IF(COUNTIFS($A$2:$A$301,A32,$C$2:$C$301,C32)>1,"⚠ Folga duplicada",IF(COUNTIFS(FÉRIAS!$A$2:$A$301,A32,FÉRIAS!$C$2:$C$301,"<="&C32,FÉRIAS!$D$2:$D$301,">="&C32)>0,"⚠ Está de férias nesta data",IF(COUNTIFS(NATAL!$A$2:$A$301,A32,NATAL!$C$2:$C$301,C32,NATAL!$D$2:$D$301,"FOLGA")+COUNTIFS('ANO NOVO'!$A$2:$A$301,A32,'ANO NOVO'!$C$2:$C$301,C32,'ANO NOVO'!$D$2:$D$301,"FOLGA")>0,"⚠ Folga já lançada em NATAL/ANO NOVO",IF(COUNTIFS(NATAL!$A$2:$A$301,A32,NATAL!$C$2:$C$301,C32,NATAL!$D$2:$D$301,"TRABALHA")+COUNTIFS('ANO NOVO'!$A$2:$A$301,A32,'ANO NOVO'!$C$2:$C$301,C32,'ANO NOVO'!$D$2:$D$301,"TRABALHA")>0,"⚠ Marcado TRABALHA em NATAL/ANO NOVO",IF(COUNTIFS($B$2:$B$301,B32,$C$2:$C$301,C32)>1,"⚠ "&COUNTIFS($B$2:$B$301,B32,$C$2:$C$301,C32)&" pessoas do setor de folga no dia",""))))))
... E301: =IF(ISNUMBER(C301),CHOOSE(WEEKDAY(C301),"Domingo","Segunda","Terça","Quarta","Quinta","Sexta","Sábado"),"") | F301: =IF(NOT(ISNUMBER(C301)),"",IF(C301=TODAY(),"HOJE",IF(C301=TODAY()+1,"AMANHÃ",IF(C301<TODAY(),"Realizada",IF(C301-TODAY()<=7,"Em "&(C301-TODAY())&" dias","Agendada"))))) | G301: =IF(OR(A301="",NOT(ISNUMBER(C301))),"",IF(COUNTIFS($A$2:$A$301,A301,$C$2:$C$301,C301)>1,"⚠ Folga duplicada",IF(COUNTIFS(FÉRIAS!$A$2:$A$301,A301,FÉRIAS!$C$2:$C$301,"<="&C301,FÉRIAS!$D$2:$D$301,">="&C301)>0,"⚠ Está de férias nesta data",IF(COUNTIFS(NATAL!$A$2:$A$301,A301,NATAL!$C$2:$C$301,C301,NATAL!$D$2:$D$301,"FOLGA")+COUNTIFS('ANO NOVO'!$A$2:$A$301,A301,'ANO NOVO'!$C$2:$C$301,C301,'ANO NOVO'!$D$2:$D$301,"FOLGA")>0,"⚠ Folga já lançada em NATAL/ANO NOVO",IF(COUNTIFS(NATAL!$A$2:$A$301,A301,NATAL!$C$2:$C$301,C301,NATAL!$D$2:$D$301,"TRABALHA")+COUNTIFS('ANO NOVO'!$A$2:$A$301,A301,'ANO NOVO'!$C$2:$C$301,C301,'ANO NOVO'!$D$2:$D$301,"TRABALHA")>0,"⚠ Marcado TRABALHA em NATAL/ANO NOVO",IF(COUNTIFS($B$2:$B$301,B301,$C$2:$C$301,C301)>1,"⚠ "&COUNTIFS($B$2:$B$301,B301,$C$2:$C$301,C301)&" pessoas do setor de folga no dia",""))))))

Sheet NATAL
A1: Nome | B1: Setor | C1: Data | D1: Situação | E1: Observação | F1: Alerta
F2: =IF(A2="","",TRIM(IF(NOT(ISNUMBER(C2)),"⚠ Falta a data. ","")&IF(ISNUMBER(C2),IF(AND(MONTH(C2)=12,OR(DAY(C2)=24,DAY(C2)=25)),"","⚠ Data fora do Natal (24 ou 25/12). "),"")&IF(AND(ISNUMBER(C2),COUNTIFS($A$2:$A$301,A2,$C$2:$C$301,C2)>1),"⚠ Nome repetido na mesma data. ","")&IF(AND(ISNUMBER(C2),COUNTIFS(FÉRIAS!$A$2:$A$301,A2,FÉRIAS!$C$2:$C$301,"<="&C2,FÉRIAS!$D$2:$D$301,">="&C2)>0),IF(D2="TRABALHA","⚠ Está de férias e marcado TRABALHA. ","⚠ Já está de férias nesta data. "),"")&IF(AND(ISNUMBER(C2),COUNTIFS(FOLGAS!$A$2:$A$301,A2,FOLGAS!$C$2:$C$301,C2)>0),IF(D2="FOLGA","⚠ Folga também lançada na aba FOLGAS. ",IF(D2="TRABALHA","⚠ Marcado TRABALHA, mas tem folga na aba FOLGAS. ","")),"")&IF(AND(ISNUMBER(C2),D2="FOLGA",B2<>"",COUNTIFS($B$2:$B$301,B2,$C$2:$C$301,C2,$D$2:$D$301,"TRABALHA")=0),"⚠ Ninguém do setor trabalhando nesta data. ","")))
F3: =IF(A3="","",TRIM(IF(NOT(ISNUMBER(C3)),"⚠ Falta a data. ","")&IF(ISNUMBER(C3),IF(AND(MONTH(C3)=12,OR(DAY(C3)=24,DAY(C3)=25)),"","⚠ Data fora do Natal (24 ou 25/12). "),"")&IF(AND(ISNUMBER(C3),COUNTIFS($A$2:$A$301,A3,$C$2:$C$301,C3)>1),"⚠ Nome repetido na mesma data. ","")&IF(AND(ISNUMBER(C3),COUNTIFS(FÉRIAS!$A$2:$A$301,A3,FÉRIAS!$C$2:$C$301,"<="&C3,FÉRIAS!$D$2:$D$301,">="&C3)>0),IF(D3="TRABALHA","⚠ Está de férias e marcado TRABALHA. ","⚠ Já está de férias nesta data. "),"")&IF(AND(ISNUMBER(C3),COUNTIFS(FOLGAS!$A$2:$A$301,A3,FOLGAS!$C$2:$C$301,C3)>0),IF(D3="FOLGA","⚠ Folga também lançada na aba FOLGAS. ",IF(D3="TRABALHA","⚠ Marcado TRABALHA, mas tem folga na aba FOLGAS. ","")),"")&IF(AND(ISNUMBER(C3),D3="FOLGA",B3<>"",COUNTIFS($B$2:$B$301,B3,$C$2:$C$301,C3,$D$2:$D$301,"TRABALHA")=0),"⚠ Ninguém do setor trabalhando nesta data. ","")))
F4: =IF(A4="","",TRIM(IF(NOT(ISNUMBER(C4)),"⚠ Falta a data. ","")&IF(ISNUMBER(C4),IF(AND(MONTH(C4)=12,OR(DAY(C4)=24,DAY(C4)=25)),"","⚠ Data fora do Natal (24 ou 25/12). "),"")&IF(AND(ISNUMBER(C4),COUNTIFS($A$2:$A$301,A4,$C$2:$C$301,C4)>1),"⚠ Nome repetido na mesma data. ","")&IF(AND(ISNUMBER(C4),COUNTIFS(FÉRIAS!$A$2:$A$301,A4,FÉRIAS!$C$2:$C$301,"<="&C4,FÉRIAS!$D$2:$D$301,">="&C4)>0),IF(D4="TRABALHA","⚠ Está de férias e marcado TRABALHA. ","⚠ Já está de férias nesta data. "),"")&IF(AND(ISNUMBER(C4),COUNTIFS(FOLGAS!$A$2:$A$301,A4,FOLGAS!$C$2:$C$301,C4)>0),IF(D4="FOLGA","⚠ Folga também lançada na aba FOLGAS. ",IF(D4="TRABALHA","⚠ Marcado TRABALHA, mas tem folga na aba FOLGAS. ","")),"")&IF(AND(ISNUMBER(C4),D4="FOLGA",B4<>"",COUNTIFS($B$2:$B$301,B4,$C$2:$C$301,C4,$D$2:$D$301,"TRABALHA")=0),"⚠ Ninguém do setor trabalhando nesta data. ","")))
F5: =IF(A5="","",TRIM(IF(NOT(ISNUMBER(C5)),"⚠ Falta a data. ","")&IF(ISNUMBER(C5),IF(AND(MONTH(C5)=12,OR(DAY(C5)=24,DAY(C5)=25)),"","⚠ Data fora do Natal (24 ou 25/12). "),"")&IF(AND(ISNUMBER(C5),COUNTIFS($A$2:$A$301,A5,$C$2:$C$301,C5)>1),"⚠ Nome repetido na mesma data. ","")&IF(AND(ISNUMBER(C5),COUNTIFS(FÉRIAS!$A$2:$A$301,A5,FÉRIAS!$C$2:$C$301,"<="&C5,FÉRIAS!$D$2:$D$301,">="&C5)>0),IF(D5="TRABALHA","⚠ Está de férias e marcado TRABALHA. ","⚠ Já está de férias nesta data. "),"")&IF(AND(ISNUMBER(C5),COUNTIFS(FOLGAS!$A$2:$A$301,A5,FOLGAS!$C$2:$C$301,C5)>0),IF(D5="FOLGA","⚠ Folga também lançada na aba FOLGAS. ",IF(D5="TRABALHA","⚠ Marcado TRABALHA, mas tem folga na aba FOLGAS. ","")),"")&IF(AND(ISNUMBER(C5),D5="FOLGA",B5<>"",COUNTIFS($B$2:$B$301,B5,$C$2:$C$301,C5,$D$2:$D$301,"TRABALHA")=0),"⚠ Ninguém do setor trabalhando nesta data. ","")))
F6: =IF(A6="","",TRIM(IF(NOT(ISNUMBER(C6)),"⚠ Falta a data. ","")&IF(ISNUMBER(C6),IF(AND(MONTH(C6)=12,OR(DAY(C6)=24,DAY(C6)=25)),"","⚠ Data fora do Natal (24 ou 25/12). "),"")&IF(AND(ISNUMBER(C6),COUNTIFS($A$2:$A$301,A6,$C$2:$C$301,C6)>1),"⚠ Nome repetido na mesma data. ","")&IF(AND(ISNUMBER(C6),COUNTIFS(FÉRIAS!$A$2:$A$301,A6,FÉRIAS!$C$2:$C$301,"<="&C6,FÉRIAS!$D$2:$D$301,">="&C6)>0),IF(D6="TRABALHA","⚠ Está de férias e marcado TRABALHA. ","⚠ Já está de férias nesta data. "),"")&IF(AND(ISNUMBER(C6),COUNTIFS(FOLGAS!$A$2:$A$301,A6,FOLGAS!$C$2:$C$301,C6)>0),IF(D6="FOLGA","⚠ Folga também lançada na aba FOLGAS. ",IF(D6="TRABALHA","⚠ Marcado TRABALHA, mas tem folga na aba FOLGAS. ","")),"")&IF(AND(ISNUMBER(C6),D6="FOLGA",B6<>"",COUNTIFS($B$2:$B$301,B6,$C$2:$C$301,C6,$D$2:$D$301,"TRABALHA")=0),"⚠ Ninguém do setor trabalhando nesta data. ","")))
F7: =IF(A7="","",TRIM(IF(NOT(ISNUMBER(C7)),"⚠ Falta a data. ","")&IF(ISNUMBER(C7),IF(AND(MONTH(C7)=12,OR(DAY(C7)=24,DAY(C7)=25)),"","⚠ Data fora do Natal (24 ou 25/12). "),"")&IF(AND(ISNUMBER(C7),COUNTIFS($A$2:$A$301,A7,$C$2:$C$301,C7)>1),"⚠ Nome repetido na mesma data. ","")&IF(AND(ISNUMBER(C7),COUNTIFS(FÉRIAS!$A$2:$A$301,A7,FÉRIAS!$C$2:$C$301,"<="&C7,FÉRIAS!$D$2:$D$301,">="&C7)>0),IF(D7="TRABALHA","⚠ Está de férias e marcado TRABALHA. ","⚠ Já está de férias nesta data. "),"")&IF(AND(ISNUMBER(C7),COUNTIFS(FOLGAS!$A$2:$A$301,A7,FOLGAS!$C$2:$C$301,C7)>0),IF(D7="FOLGA","⚠ Folga também lançada na aba FOLGAS. ",IF(D7="TRABALHA","⚠ Marcado TRABALHA, mas tem folga na aba FOLGAS. ","")),"")&IF(AND(ISNUMBER(C7),D7="FOLGA",B7<>"",COUNTIFS($B$2:$B$301,B7,$C$2:$C$301,C7,$D$2:$D$301,"TRABALHA")=0),"⚠ Ninguém do setor trabalhando nesta data. ","")))
F8: =IF(A8="","",TRIM(IF(NOT(ISNUMBER(C8)),"⚠ Falta a data. ","")&IF(ISNUMBER(C8),IF(AND(MONTH(C8)=12,OR(DAY(C8)=24,DAY(C8)=25)),"","⚠ Data fora do Natal (24 ou 25/12). "),"")&IF(AND(ISNUMBER(C8),COUNTIFS($A$2:$A$301,A8,$C$2:$C$301,C8)>1),"⚠ Nome repetido na mesma data. ","")&IF(AND(ISNUMBER(C8),COUNTIFS(FÉRIAS!$A$2:$A$301,A8,FÉRIAS!$C$2:$C$301,"<="&C8,FÉRIAS!$D$2:$D$301,">="&C8)>0),IF(D8="TRABALHA","⚠ Está de férias e marcado TRABALHA. ","⚠ Já está de férias nesta data. "),"")&IF(AND(ISNUMBER(C8),COUNTIFS(FOLGAS!$A$2:$A$301,A8,FOLGAS!$C$2:$C$301,C8)>0),IF(D8="FOLGA","⚠ Folga também lançada na aba FOLGAS. ",IF(D8="TRABALHA","⚠ Marcado TRABALHA, mas tem folga na aba FOLGAS. ","")),"")&IF(AND(ISNUMBER(C8),D8="FOLGA",B8<>"",COUNTIFS($B$2:$B$301,B8,$C$2:$C$301,C8,$D$2:$D$301,"TRABALHA")=0),"⚠ Ninguém do setor trabalhando nesta data. ","")))
F9: =IF(A9="","",TRIM(IF(NOT(ISNUMBER(C9)),"⚠ Falta a data. ","")&IF(ISNUMBER(C9),IF(AND(MONTH(C9)=12,OR(DAY(C9)=24,DAY(C9)=25)),"","⚠ Data fora do Natal (24 ou 25/12). "),"")&IF(AND(ISNUMBER(C9),COUNTIFS($A$2:$A$301,A9,$C$2:$C$301,C9)>1),"⚠ Nome repetido na mesma data. ","")&IF(AND(ISNUMBER(C9),COUNTIFS(FÉRIAS!$A$2:$A$301,A9,FÉRIAS!$C$2:$C$301,"<="&C9,FÉRIAS!$D$2:$D$301,">="&C9)>0),IF(D9="TRABALHA","⚠ Está de férias e marcado TRABALHA. ","⚠ Já está de férias nesta data. "),"")&IF(AND(ISNUMBER(C9),COUNTIFS(FOLGAS!$A$2:$A$301,A9,FOLGAS!$C$2:$C$301,C9)>0),IF(D9="FOLGA","⚠ Folga também lançada na aba FOLGAS. ",IF(D9="TRABALHA","⚠ Marcado TRABALHA, mas tem folga na aba FOLGAS. ","")),"")&IF(AND(ISNUMBER(C9),D9="FOLGA",B9<>"",COUNTIFS($B$2:$B$301,B9,$C$2:$C$301,C9,$D$2:$D$301,"TRABALHA")=0),"⚠ Ninguém do setor trabalhando nesta data. ","")))
F10: =IF(A10="","",TRIM(IF(NOT(ISNUMBER(C10)),"⚠ Falta a data. ","")&IF(ISNUMBER(C10),IF(AND(MONTH(C10)=12,OR(DAY(C10)=24,DAY(C10)=25)),"","⚠ Data fora do Natal (24 ou 25/12). "),"")&IF(AND(ISNUMBER(C10),COUNTIFS($A$2:$A$301,A10,$C$2:$C$301,C10)>1),"⚠ Nome repetido na mesma data. ","")&IF(AND(ISNUMBER(C10),COUNTIFS(FÉRIAS!$A$2:$A$301,A10,FÉRIAS!$C$2:$C$301,"<="&C10,FÉRIAS!$D$2:$D$301,">="&C10)>0),IF(D10="TRABALHA","⚠ Está de férias e marcado TRABALHA. ","⚠ Já está de férias nesta data. "),"")&IF(AND(ISNUMBER(C10),COUNTIFS(FOLGAS!$A$2:$A$301,A10,FOLGAS!$C$2:$C$301,C10)>0),IF(D10="FOLGA","⚠ Folga também lançada na aba FOLGAS. ",IF(D10="TRABALHA","⚠ Marcado TRABALHA, mas tem folga na aba FOLGAS. ","")),"")&IF(AND(ISNUMBER(C10),D10="FOLGA",B10<>"",COUNTIFS($B$2:$B$301,B10,$C$2:$C$301,C10,$D$2:$D$301,"TRABALHA")=0),"⚠ Ninguém do setor trabalhando nesta data. ","")))
F11: =IF(A11="","",TRIM(IF(NOT(ISNUMBER(C11)),"⚠ Falta a data. ","")&IF(ISNUMBER(C11),IF(AND(MONTH(C11)=12,OR(DAY(C11)=24,DAY(C11)=25)),"","⚠ Data fora do Natal (24 ou 25/12). "),"")&IF(AND(ISNUMBER(C11),COUNTIFS($A$2:$A$301,A11,$C$2:$C$301,C11)>1),"⚠ Nome repetido na mesma data. ","")&IF(AND(ISNUMBER(C11),COUNTIFS(FÉRIAS!$A$2:$A$301,A11,FÉRIAS!$C$2:$C$301,"<="&C11,FÉRIAS!$D$2:$D$301,">="&C11)>0),IF(D11="TRABALHA","⚠ Está de férias e marcado TRABALHA. ","⚠ Já está de férias nesta data. "),"")&IF(AND(ISNUMBER(C11),COUNTIFS(FOLGAS!$A$2:$A$301,A11,FOLGAS!$C$2:$C$301,C11)>0),IF(D11="FOLGA","⚠ Folga também lançada na aba FOLGAS. ",IF(D11="TRABALHA","⚠ Marcado TRABALHA, mas tem folga na aba FOLGAS. ","")),"")&IF(AND(ISNUMBER(C11),D11="FOLGA",B11<>"",COUNTIFS($B$2:$B$301,B11,$C$2:$C$301,C11,$D$2:$D$301,"TRABALHA")=0),"⚠ Ninguém do setor trabalhando nesta data. ","")))
F12: =IF(A12="","",TRIM(IF(NOT(ISNUMBER(C12)),"⚠ Falta a data. ","")&IF(ISNUMBER(C12),IF(AND(MONTH(C12)=12,OR(DAY(C12)=24,DAY(C12)=25)),"","⚠ Data fora do Natal (24 ou 25/12). "),"")&IF(AND(ISNUMBER(C12),COUNTIFS($A$2:$A$301,A12,$C$2:$C$301,C12)>1),"⚠ Nome repetido na mesma data. ","")&IF(AND(ISNUMBER(C12),COUNTIFS(FÉRIAS!$A$2:$A$301,A12,FÉRIAS!$C$2:$C$301,"<="&C12,FÉRIAS!$D$2:$D$301,">="&C12)>0),IF(D12="TRABALHA","⚠ Está de férias e marcado TRABALHA. ","⚠ Já está de férias nesta data. "),"")&IF(AND(ISNUMBER(C12),COUNTIFS(FOLGAS!$A$2:$A$301,A12,FOLGAS!$C$2:$C$301,C12)>0),IF(D12="FOLGA","⚠ Folga também lançada na aba FOLGAS. ",IF(D12="TRABALHA","⚠ Marcado TRABALHA, mas tem folga na aba FOLGAS. ","")),"")&IF(AND(ISNUMBER(C12),D12="FOLGA",B12<>"",COUNTIFS($B$2:$B$301,B12,$C$2:$C$301,C12,$D$2:$D$301,"TRABALHA")=0),"⚠ Ninguém do setor trabalhando nesta data. ","")))
F13: =IF(A13="","",TRIM(IF(NOT(ISNUMBER(C13)),"⚠ Falta a data. ","")&IF(ISNUMBER(C13),IF(AND(MONTH(C13)=12,OR(DAY(C13)=24,DAY(C13)=25)),"","⚠ Data fora do Natal (24 ou 25/12). "),"")&IF(AND(ISNUMBER(C13),COUNTIFS($A$2:$A$301,A13,$C$2:$C$301,C13)>1),"⚠ Nome repetido na mesma data. ","")&IF(AND(ISNUMBER(C13),COUNTIFS(FÉRIAS!$A$2:$A$301,A13,FÉRIAS!$C$2:$C$301,"<="&C13,FÉRIAS!$D$2:$D$301,">="&C13)>0),IF(D13="TRABALHA","⚠ Está de férias e marcado TRABALHA. ","⚠ Já está de férias nesta data. "),"")&IF(AND(ISNUMBER(C13),COUNTIFS(FOLGAS!$A$2:$A$301,A13,FOLGAS!$C$2:$C$301,C13)>0),IF(D13="FOLGA","⚠ Folga também lançada na aba FOLGAS. ",IF(D13="TRABALHA","⚠ Marcado TRABALHA, mas tem folga na aba FOLGAS. ","")),"")&IF(AND(ISNUMBER(C13),D13="FOLGA",B13<>"",COUNTIFS($B$2:$B$301,B13,$C$2:$C$301,C13,$D$2:$D$301,"TRABALHA")=0),"⚠ Ninguém do setor trabalhando nesta data. ","")))
... F301: =IF(A301="","",TRIM(IF(NOT(ISNUMBER(C301)),"⚠ Falta a data. ","")&IF(ISNUMBER(C301),IF(AND(MONTH(C301)=12,OR(DAY(C301)=24,DAY(C301)=25)),"","⚠ Data fora do Natal (24 ou 25/12). "),"")&IF(AND(ISNUMBER(C301),COUNTIFS($A$2:$A$301,A301,$C$2:$C$301,C301)>1),"⚠ Nome repetido na mesma data. ","")&IF(AND(ISNUMBER(C301),COUNTIFS(FÉRIAS!$A$2:$A$301,A301,FÉRIAS!$C$2:$C$301,"<="&C301,FÉRIAS!$D$2:$D$301,">="&C301)>0),IF(D301="TRABALHA","⚠ Está de férias e marcado TRABALHA. ","⚠ Já está de férias nesta data. "),"")&IF(AND(ISNUMBER(C301),COUNTIFS(FOLGAS!$A$2:$A$301,A301,FOLGAS!$C$2:$C$301,C301)>0),IF(D301="FOLGA","⚠ Folga também lançada na aba FOLGAS. ",IF(D301="TRABALHA","⚠ Marcado TRABALHA, mas tem folga na aba FOLGAS. ","")),"")&IF(AND(ISNUMBER(C301),D301="FOLGA",B301<>"",COUNTIFS($B$2:$B$301,B301,$C$2:$C$301,C301,$D$2:$D$301,"TRABALHA")=0),"⚠ Ninguém do setor trabalhando nesta data. ","")))

Sheet ANO NOVO
A1: Nome | B1: Setor | C1: Data | D1: Situação | E1: Observação | F1: Alerta
F2: =IF(A2="","",TRIM(IF(NOT(ISNUMBER(C2)),"⚠ Falta a data. ","")&IF(ISNUMBER(C2),IF(OR(AND(MONTH(C2)=12,DAY(C2)=31),AND(MONTH(C2)=1,DAY(C2)=1)),"","⚠ Data fora do Ano Novo (31/12 ou 01/01). "),"")&IF(AND(ISNUMBER(C2),COUNTIFS($A$2:$A$301,A2,$C$2:$C$301,C2)>1),"⚠ Nome repetido na mesma data. ","")&IF(AND(ISNUMBER(C2),COUNTIFS(FÉRIAS!$A$2:$A$301,A2,FÉRIAS!$C$2:$C$301,"<="&C2,FÉRIAS!$D$2:$D$301,">="&C2)>0),IF(D2="TRABALHA","⚠ Está de férias e marcado TRABALHA. ","⚠ Já está de férias nesta data. "),"")&IF(AND(ISNUMBER(C2),COUNTIFS(FOLGAS!$A$2:$A$301,A2,FOLGAS!$C$2:$C$301,C2)>0),IF(D2="FOLGA","⚠ Folga também lançada na aba FOLGAS. ",IF(D2="TRABALHA","⚠ Marcado TRABALHA, mas tem folga na aba FOLGAS. ","")),"")&IF(AND(ISNUMBER(C2),D2="FOLGA",B2<>"",COUNTIFS($B$2:$B$301,B2,$C$2:$C$301,C2,$D$2:$D$301,"TRABALHA")=0),"⚠ Ninguém do setor trabalhando nesta data. ","")))
F3: =IF(A3="","",TRIM(IF(NOT(ISNUMBER(C3)),"⚠ Falta a data. ","")&IF(ISNUMBER(C3),IF(OR(AND(MONTH(C3)=12,DAY(C3)=31),AND(MONTH(C3)=1,DAY(C3)=1)),"","⚠ Data fora do Ano Novo (31/12 ou 01/01). "),"")&IF(AND(ISNUMBER(C3),COUNTIFS($A$2:$A$301,A3,$C$2:$C$301,C3)>1),"⚠ Nome repetido na mesma data. ","")&IF(AND(ISNUMBER(C3),COUNTIFS(FÉRIAS!$A$2:$A$301,A3,FÉRIAS!$C$2:$C$301,"<="&C3,FÉRIAS!$D$2:$D$301,">="&C3)>0),IF(D3="TRABALHA","⚠ Está de férias e marcado TRABALHA. ","⚠ Já está de férias nesta data. "),"")&IF(AND(ISNUMBER(C3),COUNTIFS(FOLGAS!$A$2:$A$301,A3,FOLGAS!$C$2:$C$301,C3)>0),IF(D3="FOLGA","⚠ Folga também lançada na aba FOLGAS. ",IF(D3="TRABALHA","⚠ Marcado TRABALHA, mas tem folga na aba FOLGAS. ","")),"")&IF(AND(ISNUMBER(C3),D3="FOLGA",B3<>"",COUNTIFS($B$2:$B$301,B3,$C$2:$C$301,C3,$D$2:$D$301,"TRABALHA")=0),"⚠ Ninguém do setor trabalhando nesta data. ","")))
F4: =IF(A4="","",TRIM(IF(NOT(ISNUMBER(C4)),"⚠ Falta a data. ","")&IF(ISNUMBER(C4),IF(OR(AND(MONTH(C4)=12,DAY(C4)=31),AND(MONTH(C4)=1,DAY(C4)=1)),"","⚠ Data fora do Ano Novo (31/12 ou 01/01). "),"")&IF(AND(ISNUMBER(C4),COUNTIFS($A$2:$A$301,A4,$C$2:$C$301,C4)>1),"⚠ Nome repetido na mesma data. ","")&IF(AND(ISNUMBER(C4),COUNTIFS(FÉRIAS!$A$2:$A$301,A4,FÉRIAS!$C$2:$C$301,"<="&C4,FÉRIAS!$D$2:$D$301,">="&C4)>0),IF(D4="TRABALHA","⚠ Está de férias e marcado TRABALHA. ","⚠ Já está de férias nesta data. "),"")&IF(AND(ISNUMBER(C4),COUNTIFS(FOLGAS!$A$2:$A$301,A4,FOLGAS!$C$2:$C$301,C4)>0),IF(D4="FOLGA","⚠ Folga também lançada na aba FOLGAS. ",IF(D4="TRABALHA","⚠ Marcado TRABALHA, mas tem folga na aba FOLGAS. ","")),"")&IF(AND(ISNUMBER(C4),D4="FOLGA",B4<>"",COUNTIFS($B$2:$B$301,B4,$C$2:$C$301,C4,$D$2:$D$301,"TRABALHA")=0),"⚠ Ninguém do setor trabalhando nesta data. ","")))
F5: =IF(A5="","",TRIM(IF(NOT(ISNUMBER(C5)),"⚠ Falta a data. ","")&IF(ISNUMBER(C5),IF(OR(AND(MONTH(C5)=12,DAY(C5)=31),AND(MONTH(C5)=1,DAY(C5)=1)),"","⚠ Data fora do Ano Novo (31/12 ou 01/01). "),"")&IF(AND(ISNUMBER(C5),COUNTIFS($A$2:$A$301,A5,$C$2:$C$301,C5)>1),"⚠ Nome repetido na mesma data. ","")&IF(AND(ISNUMBER(C5),COUNTIFS(FÉRIAS!$A$2:$A$301,A5,FÉRIAS!$C$2:$C$301,"<="&C5,FÉRIAS!$D$2:$D$301,">="&C5)>0),IF(D5="TRABALHA","⚠ Está de férias e marcado TRABALHA. ","⚠ Já está de férias nesta data. "),"")&IF(AND(ISNUMBER(C5),COUNTIFS(FOLGAS!$A$2:$A$301,A5,FOLGAS!$C$2:$C$301,C5)>0),IF(D5="FOLGA","⚠ Folga também lançada na aba FOLGAS. ",IF(D5="TRABALHA","⚠ Marcado TRABALHA, mas tem folga na aba FOLGAS. ","")),"")&IF(AND(ISNUMBER(C5),D5="FOLGA",B5<>"",COUNTIFS($B$2:$B$301,B5,$C$2:$C$301,C5,$D$2:$D$301,"TRABALHA")=0),"⚠ Ninguém do setor trabalhando nesta data. ","")))
F6: =IF(A6="","",TRIM(IF(NOT(ISNUMBER(C6)),"⚠ Falta a data. ","")&IF(ISNUMBER(C6),IF(OR(AND(MONTH(C6)=12,DAY(C6)=31),AND(MONTH(C6)=1,DAY(C6)=1)),"","⚠ Data fora do Ano Novo (31/12 ou 01/01). "),"")&IF(AND(ISNUMBER(C6),COUNTIFS($A$2:$A$301,A6,$C$2:$C$301,C6)>1),"⚠ Nome repetido na mesma data. ","")&IF(AND(ISNUMBER(C6),COUNTIFS(FÉRIAS!$A$2:$A$301,A6,FÉRIAS!$C$2:$C$301,"<="&C6,FÉRIAS!$D$2:$D$301,">="&C6)>0),IF(D6="TRABALHA","⚠ Está de férias e marcado TRABALHA. ","⚠ Já está de férias nesta data. "),"")&IF(AND(ISNUMBER(C6),COUNTIFS(FOLGAS!$A$2:$A$301,A6,FOLGAS!$C$2:$C$301,C6)>0),IF(D6="FOLGA","⚠ Folga também lançada na aba FOLGAS. ",IF(D6="TRABALHA","⚠ Marcado TRABALHA, mas tem folga na aba FOLGAS. ","")),"")&IF(AND(ISNUMBER(C6),D6="FOLGA",B6<>"",COUNTIFS($B$2:$B$301,B6,$C$2:$C$301,C6,$D$2:$D$301,"TRABALHA")=0),"⚠ Ninguém do setor trabalhando nesta data. ","")))
F7: =IF(A7="","",TRIM(IF(NOT(ISNUMBER(C7)),"⚠ Falta a data. ","")&IF(ISNUMBER(C7),IF(OR(AND(MONTH(C7)=12,DAY(C7)=31),AND(MONTH(C7)=1,DAY(C7)=1)),"","⚠ Data fora do Ano Novo (31/12 ou 01/01). "),"")&IF(AND(ISNUMBER(C7),COUNTIFS($A$2:$A$301,A7,$C$2:$C$301,C7)>1),"⚠ Nome repetido na mesma data. ","")&IF(AND(ISNUMBER(C7),COUNTIFS(FÉRIAS!$A$2:$A$301,A7,FÉRIAS!$C$2:$C$301,"<="&C7,FÉRIAS!$D$2:$D$301,">="&C7)>0),IF(D7="TRABALHA","⚠ Está de férias e marcado TRABALHA. ","⚠ Já está de férias nesta data. "),"")&IF(AND(ISNUMBER(C7),COUNTIFS(FOLGAS!$A$2:$A$301,A7,FOLGAS!$C$2:$C$301,C7)>0),IF(D7="FOLGA","⚠ Folga também lançada na aba FOLGAS. ",IF(D7="TRABALHA","⚠ Marcado TRABALHA, mas tem folga na aba FOLGAS. ","")),"")&IF(AND(ISNUMBER(C7),D7="FOLGA",B7<>"",COUNTIFS($B$2:$B$301,B7,$C$2:$C$301,C7,$D$2:$D$301,"TRABALHA")=0),"⚠ Ninguém do setor trabalhando nesta data. ","")))
F8: =IF(A8="","",TRIM(IF(NOT(ISNUMBER(C8)),"⚠ Falta a data. ","")&IF(ISNUMBER(C8),IF(OR(AND(MONTH(C8)=12,DAY(C8)=31),AND(MONTH(C8)=1,DAY(C8)=1)),"","⚠ Data fora do Ano Novo (31/12 ou 01/01). "),"")&IF(AND(ISNUMBER(C8),COUNTIFS($A$2:$A$301,A8,$C$2:$C$301,C8)>1),"⚠ Nome repetido na mesma data. ","")&IF(AND(ISNUMBER(C8),COUNTIFS(FÉRIAS!$A$2:$A$301,A8,FÉRIAS!$C$2:$C$301,"<="&C8,FÉRIAS!$D$2:$D$301,">="&C8)>0),IF(D8="TRABALHA","⚠ Está de férias e marcado TRABALHA. ","⚠ Já está de férias nesta data. "),"")&IF(AND(ISNUMBER(C8),COUNTIFS(FOLGAS!$A$2:$A$301,A8,FOLGAS!$C$2:$C$301,C8)>0),IF(D8="FOLGA","⚠ Folga também lançada na aba FOLGAS. ",IF(D8="TRABALHA","⚠ Marcado TRABALHA, mas tem folga na aba FOLGAS. ","")),"")&IF(AND(ISNUMBER(C8),D8="FOLGA",B8<>"",COUNTIFS($B$2:$B$301,B8,$C$2:$C$301,C8,$D$2:$D$301,"TRABALHA")=0),"⚠ Ninguém do setor trabalhando nesta data. ","")))
F9: =IF(A9="","",TRIM(IF(NOT(ISNUMBER(C9)),"⚠ Falta a data. ","")&IF(ISNUMBER(C9),IF(OR(AND(MONTH(C9)=12,DAY(C9)=31),AND(MONTH(C9)=1,DAY(C9)=1)),"","⚠ Data fora do Ano Novo (31/12 ou 01/01). "),"")&IF(AND(ISNUMBER(C9),COUNTIFS($A$2:$A$301,A9,$C$2:$C$301,C9)>1),"⚠ Nome repetido na mesma data. ","")&IF(AND(ISNUMBER(C9),COUNTIFS(FÉRIAS!$A$2:$A$301,A9,FÉRIAS!$C$2:$C$301,"<="&C9,FÉRIAS!$D$2:$D$301,">="&C9)>0),IF(D9="TRABALHA","⚠ Está de férias e marcado TRABALHA. ","⚠ Já está de férias nesta data. "),"")&IF(AND(ISNUMBER(C9),COUNTIFS(FOLGAS!$A$2:$A$301,A9,FOLGAS!$C$2:$C$301,C9)>0),IF(D9="FOLGA","⚠ Folga também lançada na aba FOLGAS. ",IF(D9="TRABALHA","⚠ Marcado TRABALHA, mas tem folga na aba FOLGAS. ","")),"")&IF(AND(ISNUMBER(C9),D9="FOLGA",B9<>"",COUNTIFS($B$2:$B$301,B9,$C$2:$C$301,C9,$D$2:$D$301,"TRABALHA")=0),"⚠ Ninguém do setor trabalhando nesta data. ","")))
F10: =IF(A10="","",TRIM(IF(NOT(ISNUMBER(C10)),"⚠ Falta a data. ","")&IF(ISNUMBER(C10),IF(OR(AND(MONTH(C10)=12,DAY(C10)=31),AND(MONTH(C10)=1,DAY(C10)=1)),"","⚠ Data fora do Ano Novo (31/12 ou 01/01). "),"")&IF(AND(ISNUMBER(C10),COUNTIFS($A$2:$A$301,A10,$C$2:$C$301,C10)>1),"⚠ Nome repetido na mesma data. ","")&IF(AND(ISNUMBER(C10),COUNTIFS(FÉRIAS!$A$2:$A$301,A10,FÉRIAS!$C$2:$C$301,"<="&C10,FÉRIAS!$D$2:$D$301,">="&C10)>0),IF(D10="TRABALHA","⚠ Está de férias e marcado TRABALHA. ","⚠ Já está de férias nesta data. "),"")&IF(AND(ISNUMBER(C10),COUNTIFS(FOLGAS!$A$2:$A$301,A10,FOLGAS!$C$2:$C$301,C10)>0),IF(D10="FOLGA","⚠ Folga também lançada na aba FOLGAS. ",IF(D10="TRABALHA","⚠ Marcado TRABALHA, mas tem folga na aba FOLGAS. ","")),"")&IF(AND(ISNUMBER(C10),D10="FOLGA",B10<>"",COUNTIFS($B$2:$B$301,B10,$C$2:$C$301,C10,$D$2:$D$301,"TRABALHA")=0),"⚠ Ninguém do setor trabalhando nesta data. ","")))
F11: =IF(A11="","",TRIM(IF(NOT(ISNUMBER(C11)),"⚠ Falta a data. ","")&IF(ISNUMBER(C11),IF(OR(AND(MONTH(C11)=12,DAY(C11)=31),AND(MONTH(C11)=1,DAY(C11)=1)),"","⚠ Data fora do Ano Novo (31/12 ou 01/01). "),"")&IF(AND(ISNUMBER(C11),COUNTIFS($A$2:$A$301,A11,$C$2:$C$301,C11)>1),"⚠ Nome repetido na mesma data. ","")&IF(AND(ISNUMBER(C11),COUNTIFS(FÉRIAS!$A$2:$A$301,A11,FÉRIAS!$C$2:$C$301,"<="&C11,FÉRIAS!$D$2:$D$301,">="&C11)>0),IF(D11="TRABALHA","⚠ Está de férias e marcado TRABALHA. ","⚠ Já está de férias nesta data. "),"")&IF(AND(ISNUMBER(C11),COUNTIFS(FOLGAS!$A$2:$A$301,A11,FOLGAS!$C$2:$C$301,C11)>0),IF(D11="FOLGA","⚠ Folga também lançada na aba FOLGAS. ",IF(D11="TRABALHA","⚠ Marcado TRABALHA, mas tem folga na aba FOLGAS. ","")),"")&IF(AND(ISNUMBER(C11),D11="FOLGA",B11<>"",COUNTIFS($B$2:$B$301,B11,$C$2:$C$301,C11,$D$2:$D$301,"TRABALHA")=0),"⚠ Ninguém do setor trabalhando nesta data. ","")))
F12: =IF(A12="","",TRIM(IF(NOT(ISNUMBER(C12)),"⚠ Falta a data. ","")&IF(ISNUMBER(C12),IF(OR(AND(MONTH(C12)=12,DAY(C12)=31),AND(MONTH(C12)=1,DAY(C12)=1)),"","⚠ Data fora do Ano Novo (31/12 ou 01/01). "),"")&IF(AND(ISNUMBER(C12),COUNTIFS($A$2:$A$301,A12,$C$2:$C$301,C12)>1),"⚠ Nome repetido na mesma data. ","")&IF(AND(ISNUMBER(C12),COUNTIFS(FÉRIAS!$A$2:$A$301,A12,FÉRIAS!$C$2:$C$301,"<="&C12,FÉRIAS!$D$2:$D$301,">="&C12)>0),IF(D12="TRABALHA","⚠ Está de férias e marcado TRABALHA. ","⚠ Já está de férias nesta data. "),"")&IF(AND(ISNUMBER(C12),COUNTIFS(FOLGAS!$A$2:$A$301,A12,FOLGAS!$C$2:$C$301,C12)>0),IF(D12="FOLGA","⚠ Folga também lançada na aba FOLGAS. ",IF(D12="TRABALHA","⚠ Marcado TRABALHA, mas tem folga na aba FOLGAS. ","")),"")&IF(AND(ISNUMBER(C12),D12="FOLGA",B12<>"",COUNTIFS($B$2:$B$301,B12,$C$2:$C$301,C12,$D$2:$D$301,"TRABALHA")=0),"⚠ Ninguém do setor trabalhando nesta data. ","")))
F13: =IF(A13="","",TRIM(IF(NOT(ISNUMBER(C13)),"⚠ Falta a data. ","")&IF(ISNUMBER(C13),IF(OR(AND(MONTH(C13)=12,DAY(C13)=31),AND(MONTH(C13)=1,DAY(C13)=1)),"","⚠ Data fora do Ano Novo (31/12 ou 01/01). "),"")&IF(AND(ISNUMBER(C13),COUNTIFS($A$2:$A$301,A13,$C$2:$C$301,C13)>1),"⚠ Nome repetido na mesma data. ","")&IF(AND(ISNUMBER(C13),COUNTIFS(FÉRIAS!$A$2:$A$301,A13,FÉRIAS!$C$2:$C$301,"<="&C13,FÉRIAS!$D$2:$D$301,">="&C13)>0),IF(D13="TRABALHA","⚠ Está de férias e marcado TRABALHA. ","⚠ Já está de férias nesta data. "),"")&IF(AND(ISNUMBER(C13),COUNTIFS(FOLGAS!$A$2:$A$301,A13,FOLGAS!$C$2:$C$301,C13)>0),IF(D13="FOLGA","⚠ Folga também lançada na aba FOLGAS. ",IF(D13="TRABALHA","⚠ Marcado TRABALHA, mas tem folga na aba FOLGAS. ","")),"")&IF(AND(ISNUMBER(C13),D13="FOLGA",B13<>"",COUNTIFS($B$2:$B$301,B13,$C$2:$C$301,C13,$D$2:$D$301,"TRABALHA")=0),"⚠ Ninguém do setor trabalhando nesta data. ","")))
... F301: =IF(A301="","",TRIM(IF(NOT(ISNUMBER(C301)),"⚠ Falta a data. ","")&IF(ISNUMBER(C301),IF(OR(AND(MONTH(C301)=12,DAY(C301)=31),AND(MONTH(C301)=1,DAY(C301)=1)),"","⚠ Data fora do Ano Novo (31/12 ou 01/01). "),"")&IF(AND(ISNUMBER(C301),COUNTIFS($A$2:$A$301,A301,$C$2:$C$301,C301)>1),"⚠ Nome repetido na mesma data. ","")&IF(AND(ISNUMBER(C301),COUNTIFS(FÉRIAS!$A$2:$A$301,A301,FÉRIAS!$C$2:$C$301,"<="&C301,FÉRIAS!$D$2:$D$301,">="&C301)>0),IF(D301="TRABALHA","⚠ Está de férias e marcado TRABALHA. ","⚠ Já está de férias nesta data. "),"")&IF(AND(ISNUMBER(C301),COUNTIFS(FOLGAS!$A$2:$A$301,A301,FOLGAS!$C$2:$C$301,C301)>0),IF(D301="FOLGA","⚠ Folga também lançada na aba FOLGAS. ",IF(D301="TRABALHA","⚠ Marcado TRABALHA, mas tem folga na aba FOLGAS. ","")),"")&IF(AND(ISNUMBER(C301),D301="FOLGA",B301<>"",COUNTIFS($B$2:$B$301,B301,$C$2:$C$301,C301,$D$2:$D$301,"TRABALHA")=0),"⚠ Ninguém do setor trabalhando nesta data. ","")))

Sheet FÉRIAS
A1: Nome | B1: Setor | C1: Início das Férias | D1: Fim das Férias | E1: Observação | F1: Total de Dias | G1: Retorno ao Trabalho | H1: Status | I1: Alerta | K1: aux_hoje | L1: aux_30dias | M1: aux_consulta
A2: BRUNA RAFAELA | B2: JURÍDICO | C2: 46357 | D2: 46371 | E2: Possui mais 15 dias de férias a usufruir | F2: =IF(AND(ISNUMBER(C2),ISNUMBER(D2),D2>=C2),D2-C2+1,"") -> 15 | G2: =IF(AND(ISNUMBER(C2),ISNUMBER(D2),D2>=C2),WORKDAY(D2,1),"") -> 46372 | H2: =IF(A2="","",IF(NOT(AND(ISNUMBER(C2),ISNUMBER(D2))),"Sem data definida",IF(D2<C2,"⚠ Datas invertidas",IF(TODAY()<C2,IF(C2-TODAY()=1,"Começa amanhã","Começa em "&(C2-TODAY())&" dias"),IF(TODAY()>D2,"Concluídas",IF(TODAY()=D2,"EM FÉRIAS (último dia)","EM FÉRIAS (faltam "&(D2-TODAY())&" dias)")))))) -> Começa em 56 dias | I2: =IF(OR(A2="",NOT(AND(ISNUMBER(C2),ISNUMBER(D2)))),"",IF(D2-C2+1>30,"⚠ Período acima de 30 dias",IF(COUNTIFS($B$2:$B$301,B2,$C$2:$C$301,"<="&D2,$D$2:$D$301,">="&C2)>1,"⚠ Coincide com férias de outro do setor",""))) | K2: =IF(AND(ISNUMBER(C2),ISNUMBER(D2),C2<=TODAY(),D2>=TODAY()),D2+ROW()/100000,"") | L2: =IF(AND(ISNUMBER(C2),C2>TODAY(),C2<=TODAY()+30),C2+ROW()/100000,"") | M2: =IF(AND(ISNUMBER(C2),ISNUMBER(D2),C2<=CALENDÁRIO!$L$4,D2>=CALENDÁRIO!$L$4),ROW(),"")
A3: JANAINA PLACIDO | B3: ATENDIMENTO | C3: 46352 | D3: 46366 | E3: Possui mais 15 dias de férias a usufruir | F3: =IF(AND(ISNUMBER(C3),ISNUMBER(D3),D3>=C3),D3-C3+1,"") -> 15 | G3: =IF(AND(ISNUMBER(C3),ISNUMBER(D3),D3>=C3),WORKDAY(D3,1),"") -> 46367 | H3: =IF(A3="","",IF(NOT(AND(ISNUMBER(C3),ISNUMBER(D3))),"Sem data definida",IF(D3<C3,"⚠ Datas invertidas",IF(TODAY()<C3,IF(C3-TODAY()=1,"Começa amanhã","Começa em "&(C3-TODAY())&" dias"),IF(TODAY()>D3,"Concluídas",IF(TODAY()=D3,"EM FÉRIAS (último dia)","EM FÉRIAS (faltam "&(D3-TODAY())&" dias)")))))) -> Começa em 51 dias | I3: =IF(OR(A3="",NOT(AND(ISNUMBER(C3),ISNUMBER(D3)))),"",IF(D3-C3+1>30,"⚠ Período acima de 30 dias",IF(COUNTIFS($B$2:$B$301,B3,$C$2:$C$301,"<="&D3,$D$2:$D$301,">="&C3)>1,"⚠ Coincide com férias de outro do setor",""))) -> ⚠ Coincide com férias de outro do setor | K3: =IF(AND(ISNUMBER(C3),ISNUMBER(D3),C3<=TODAY(),D3>=TODAY()),D3+ROW()/100000,"") | L3: =IF(AND(ISNUMBER(C3),C3>TODAY(),C3<=TODAY()+30),C3+ROW()/100000,"") | M3: =IF(AND(ISNUMBER(C3),ISNUMBER(D3),C3<=CALENDÁRIO!$L$4,D3>=CALENDÁRIO!$L$4),ROW(),"")
A4: FABIO FERREIRA | B4: FISCALIZAÇÃO | C4: 46314 | D4: 46328 | E4: Possibilidade de usufruir os 15 dias restantes no período de 23/11 a 07/12. | F4: =IF(AND(ISNUMBER(C4),ISNUMBER(D4),D4>=C4),D4-C4+1,"") -> 15 | G4: =IF(AND(ISNUMBER(C4),ISNUMBER(D4),D4>=C4),WORKDAY(D4,1),"") -> 46329 | H4: =IF(A4="","",IF(NOT(AND(ISNUMBER(C4),ISNUMBER(D4))),"Sem data definida",IF(D4<C4,"⚠ Datas invertidas",IF(TODAY()<C4,IF(C4-TODAY()=1,"Começa amanhã","Começa em "&(C4-TODAY())&" dias"),IF(TODAY()>D4,"Concluídas",IF(TODAY()=D4,"EM FÉRIAS (último dia)","EM FÉRIAS (faltam "&(D4-TODAY())&" dias)")))))) -> Começa em 13 dias | I4: =IF(OR(A4="",NOT(AND(ISNUMBER(C4),ISNUMBER(D4)))),"",IF(D4-C4+1>30,"⚠ Período acima de 30 dias",IF(COUNTIFS($B$2:$B$301,B4,$C$2:$C$301,"<="&D4,$D$2:$D$301,">="&C4)>1,"⚠ Coincide com férias de outro do setor",""))) | K4: =IF(AND(ISNUMBER(C4),ISNUMBER(D4),C4<=TODAY(),D4>=TODAY()),D4+ROW()/100000,"") | L4: =IF(AND(ISNUMBER(C4),C4>TODAY(),C4<=TODAY()+30),C4+ROW()/100000,"") -> 46314 | M4: =IF(AND(ISNUMBER(C4),ISNUMBER(D4),C4<=CALENDÁRIO!$L$4,D4>=CALENDÁRIO!$L$4),ROW(),"")
A5: FABIO MARQUES | B5: FISCALIZAÇÃO | C5: 46360 | D5: 46379 | E5: possui mais 10 dias de férias a usufruir | F5: =IF(AND(ISNUMBER(C5),ISNUMBER(D5),D5>=C5),D5-C5+1,"") -> 20 | G5: =IF(AND(ISNUMBER(C5),ISNUMBER(D5),D5>=C5),WORKDAY(D5,1),"") -> 46380 | H5: =IF(A5="","",IF(NOT(AND(ISNUMBER(C5),ISNUMBER(D5))),"Sem data definida",IF(D5<C5,"⚠ Datas invertidas",IF(TODAY()<C5,IF(C5-TODAY()=1,"Começa amanhã","Começa em "&(C5-TODAY())&" dias"),IF(TODAY()>D5,"Concluídas",IF(TODAY()=D5,"EM FÉRIAS (último dia)","EM FÉRIAS (faltam "&(D5-TODAY())&" dias)")))))) -> Começa em 59 dias | I5: =IF(OR(A5="",NOT(AND(ISNUMBER(C5),ISNUMBER(D5)))),"",IF(D5-C5+1>30,"⚠ Período acima de 30 dias",IF(COUNTIFS($B$2:$B$301,B5,$C$2:$C$301,"<="&D5,$D$2:$D$301,">="&C5)>1,"⚠ Coincide com férias de outro do setor",""))) | K5: =IF(AND(ISNUMBER(C5),ISNUMBER(D5),C5<=TODAY(),D5>=TODAY()),D5+ROW()/100000,"") | L5: =IF(AND(ISNUMBER(C5),C5>TODAY(),C5<=TODAY()+30),C5+ROW()/100000,"") | M5: =IF(AND(ISNUMBER(C5),ISNUMBER(D5),C5<=CALENDÁRIO!$L$4,D5>=CALENDÁRIO!$L$4),ROW(),"")
A6: CARLOS ALEXANDRE | B6: FISCALIZAÇÃO | E6: Possui mais 15 dias de férias a usufruir | F6: =IF(AND(ISNUMBER(C6),ISNUMBER(D6),D6>=C6),D6-C6+1,"") | G6: =IF(AND(ISNUMBER(C6),ISNUMBER(D6),D6>=C6),WORKDAY(D6,1),"") | H6: =IF(A6="","",IF(NOT(AND(ISNUMBER(C6),ISNUMBER(D6))),"Sem data definida",IF(D6<C6,"⚠ Datas invertidas",IF(TODAY()<C6,IF(C6-TODAY()=1,"Começa amanhã","Começa em "&(C6-TODAY())&" dias"),IF(TODAY()>D6,"Concluídas",IF(TODAY()=D6,"EM FÉRIAS (último dia)","EM FÉRIAS (faltam "&(D6-TODAY())&" dias)")))))) -> Sem data definida | I6: =IF(OR(A6="",NOT(AND(ISNUMBER(C6),ISNUMBER(D6)))),"",IF(D6-C6+1>30,"⚠ Período acima de 30 dias",IF(COUNTIFS($B$2:$B$301,B6,$C$2:$C$301,"<="&D6,$D$2:$D$301,">="&C6)>1,"⚠ Coincide com férias de outro do setor",""))) | K6: =IF(AND(ISNUMBER(C6),ISNUMBER(D6),C6<=TODAY(),D6>=TODAY()),D6+ROW()/100000,"") | L6: =IF(AND(ISNUMBER(C6),C6>TODAY(),C6<=TODAY()+30),C6+ROW()/100000,"") | M6: =IF(AND(ISNUMBER(C6),ISNUMBER(D6),C6<=CALENDÁRIO!$L$4,D6>=CALENDÁRIO!$L$4),ROW(),"")
A7: SÉRGIO SÁ | B7: FISCALIZAÇÃO | C7: 46308 | D7: 46311 | E7: Informa que já usufruiu 10 dias de férias e solicita os 4 dias restantes no período de 13/10 a 16/10, além de mais 15 dias posteriormente. | F7: =IF(AND(ISNUMBER(C7),ISNUMBER(D7),D7>=C7),D7-C7+1,"") -> 4 | G7: =IF(AND(ISNUMBER(C7),ISNUMBER(D7),D7>=C7),WORKDAY(D7,1),"") -> 46314 | H7: =IF(A7="","",IF(NOT(AND(ISNUMBER(C7),ISNUMBER(D7))),"Sem data definida",IF(D7<C7,"⚠ Datas invertidas",IF(TODAY()<C7,IF(C7-TODAY()=1,"Começa amanhã","Começa em "&(C7-TODAY())&" dias"),IF(TODAY()>D7,"Concluídas",IF(TODAY()=D7,"EM FÉRIAS (último dia)","EM FÉRIAS (faltam "&(D7-TODAY())&" dias)")))))) -> Começa em 7 dias | I7: =IF(OR(A7="",NOT(AND(ISNUMBER(C7),ISNUMBER(D7)))),"",IF(D7-C7+1>30,"⚠ Período acima de 30 dias",IF(COUNTIFS($B$2:$B$301,B7,$C$2:$C$301,"<="&D7,$D$2:$D$301,">="&C7)>1,"⚠ Coincide com férias de outro do setor",""))) | K7: =IF(AND(ISNUMBER(C7),ISNUMBER(D7),C7<=TODAY(),D7>=TODAY()),D7+ROW()/100000,"") | L7: =IF(AND(ISNUMBER(C7),C7>TODAY(),C7<=TODAY()+30),C7+ROW()/100000,"") -> 46308 | M7: =IF(AND(ISNUMBER(C7),ISNUMBER(D7),C7<=CALENDÁRIO!$L$4,D7>=CALENDÁRIO!$L$4),ROW(),"")
A8: BRUNO FERREIRA | B8: JURÍDICO | E8: Possui mais 15 dias de férias a usufruir | F8: =IF(AND(ISNUMBER(C8),ISNUMBER(D8),D8>=C8),D8-C8+1,"") | G8: =IF(AND(ISNUMBER(C8),ISNUMBER(D8),D8>=C8),WORKDAY(D8,1),"") | H8: =IF(A8="","",IF(NOT(AND(ISNUMBER(C8),ISNUMBER(D8))),"Sem data definida",IF(D8<C8,"⚠ Datas invertidas",IF(TODAY()<C8,IF(C8-TODAY()=1,"Começa amanhã","Começa em "&(C8-TODAY())&" dias"),IF(TODAY()>D8,"Concluídas",IF(TODAY()=D8,"EM FÉRIAS (último dia)","EM FÉRIAS (faltam "&(D8-TODAY())&" dias)")))))) -> Sem data definida | I8: =IF(OR(A8="",NOT(AND(ISNUMBER(C8),ISNUMBER(D8)))),"",IF(D8-C8+1>30,"⚠ Período acima de 30 dias",IF(COUNTIFS($B$2:$B$301,B8,$C$2:$C$301,"<="&D8,$D$2:$D$301,">="&C8)>1,"⚠ Coincide com férias de outro do setor",""))) | K8: =IF(AND(ISNUMBER(C8),ISNUMBER(D8),C8<=TODAY(),D8>=TODAY()),D8+ROW()/100000,"") | L8: =IF(AND(ISNUMBER(C8),C8>TODAY(),C8<=TODAY()+30),C8+ROW()/100000,"") | M8: =IF(AND(ISNUMBER(C8),ISNUMBER(D8),C8<=CALENDÁRIO!$L$4,D8>=CALENDÁRIO!$L$4),ROW(),"")
A9: KAROLINE MANZI | B9: ATENDIMENTO | C9: 46342 | D9: 46356 | E9: Possui mais 15 dias de férias a usufruir | F9: =IF(AND(ISNUMBER(C9),ISNUMBER(D9),D9>=C9),D9-C9+1,"") -> 15 | G9: =IF(AND(ISNUMBER(C9),ISNUMBER(D9),D9>=C9),WORKDAY(D9,1),"") -> 46357 | H9: =IF(A9="","",IF(NOT(AND(ISNUMBER(C9),ISNUMBER(D9))),"Sem data definida",IF(D9<C9,"⚠ Datas invertidas",IF(TODAY()<C9,IF(C9-TODAY()=1,"Começa amanhã","Começa em "&(C9-TODAY())&" dias"),IF(TODAY()>D9,"Concluídas",IF(TODAY()=D9,"EM FÉRIAS (último dia)","EM FÉRIAS (faltam "&(D9-TODAY())&" dias)")))))) -> Começa em 41 dias | I9: =IF(OR(A9="",NOT(AND(ISNUMBER(C9),ISNUMBER(D9)))),"",IF(D9-C9+1>30,"⚠ Período acima de 30 dias",IF(COUNTIFS($B$2:$B$301,B9,$C$2:$C$301,"<="&D9,$D$2:$D$301,">="&C9)>1,"⚠ Coincide com férias de outro do setor",""))) -> ⚠ Coincide com férias de outro do setor | K9: =IF(AND(ISNUMBER(C9),ISNUMBER(D9),C9<=TODAY(),D9>=TODAY()),D9+ROW()/100000,"") | L9: =IF(AND(ISNUMBER(C9),C9>TODAY(),C9<=TODAY()+30),C9+ROW()/100000,"") | M9: =IF(AND(ISNUMBER(C9),ISNUMBER(D9),C9<=CALENDÁRIO!$L$4,D9>=CALENDÁRIO!$L$4),ROW(),"")
F10: =IF(AND(ISNUMBER(C10),ISNUMBER(D10),D10>=C10),D10-C10+1,"") | G10: =IF(AND(ISNUMBER(C10),ISNUMBER(D10),D10>=C10),WORKDAY(D10,1),"") | H10: =IF(A10="","",IF(NOT(AND(ISNUMBER(C10),ISNUMBER(D10))),"Sem data definida",IF(D10<C10,"⚠ Datas invertidas",IF(TODAY()<C10,IF(C10-TODAY()=1,"Começa amanhã","Começa em "&(C10-TODAY())&" dias"),IF(TODAY()>D10,"Concluídas",IF(TODAY()=D10,"EM FÉRIAS (último dia)","EM FÉRIAS (faltam "&(D10-TODAY())&" dias)")))))) | I10: =IF(OR(A10="",NOT(AND(ISNUMBER(C10),ISNUMBER(D10)))),"",IF(D10-C10+1>30,"⚠ Período acima de 30 dias",IF(COUNTIFS($B$2:$B$301,B10,$C$2:$C$301,"<="&D10,$D$2:$D$301,">="&C10)>1,"⚠ Coincide com férias de outro do setor",""))) | K10: =IF(AND(ISNUMBER(C10),ISNUMBER(D10),C10<=TODAY(),D10>=TODAY()),D10+ROW()/100000,"") | L10: =IF(AND(ISNUMBER(C10),C10>TODAY(),C10<=TODAY()+30),C10+ROW()/100000,"") | M10: =IF(AND(ISNUMBER(C10),ISNUMBER(D10),C10<=CALENDÁRIO!$L$4,D10>=CALENDÁRIO!$L$4),ROW(),"")
F11: =IF(AND(ISNUMBER(C11),ISNUMBER(D11),D11>=C11),D11-C11+1,"") | G11: =IF(AND(ISNUMBER(C11),ISNUMBER(D11),D11>=C11),WORKDAY(D11,1),"") | H11: =IF(A11="","",IF(NOT(AND(ISNUMBER(C11),ISNUMBER(D11))),"Sem data definida",IF(D11<C11,"⚠ Datas invertidas",IF(TODAY()<C11,IF(C11-TODAY()=1,"Começa amanhã","Começa em "&(C11-TODAY())&" dias"),IF(TODAY()>D11,"Concluídas",IF(TODAY()=D11,"EM FÉRIAS (último dia)","EM FÉRIAS (faltam "&(D11-TODAY())&" dias)")))))) | I11: =IF(OR(A11="",NOT(AND(ISNUMBER(C11),ISNUMBER(D11)))),"",IF(D11-C11+1>30,"⚠ Período acima de 30 dias",IF(COUNTIFS($B$2:$B$301,B11,$C$2:$C$301,"<="&D11,$D$2:$D$301,">="&C11)>1,"⚠ Coincide com férias de outro do setor",""))) | K11: =IF(AND(ISNUMBER(C11),ISNUMBER(D11),C11<=TODAY(),D11>=TODAY()),D11+ROW()/100000,"") | L11: =IF(AND(ISNUMBER(C11),C11>TODAY(),C11<=TODAY()+30),C11+ROW()/100000,"") | M11: =IF(AND(ISNUMBER(C11),ISNUMBER(D11),C11<=CALENDÁRIO!$L$4,D11>=CALENDÁRIO!$L$4),ROW(),"")
F12: =IF(AND(ISNUMBER(C12),ISNUMBER(D12),D12>=C12),D12-C12+1,"") | G12: =IF(AND(ISNUMBER(C12),ISNUMBER(D12),D12>=C12),WORKDAY(D12,1),"") | H12: =IF(A12="","",IF(NOT(AND(ISNUMBER(C12),ISNUMBER(D12))),"Sem data definida",IF(D12<C12,"⚠ Datas invertidas",IF(TODAY()<C12,IF(C12-TODAY()=1,"Começa amanhã","Começa em "&(C12-TODAY())&" dias"),IF(TODAY()>D12,"Concluídas",IF(TODAY()=D12,"EM FÉRIAS (último dia)","EM FÉRIAS (faltam "&(D12-TODAY())&" dias)")))))) | I12: =IF(OR(A12="",NOT(AND(ISNUMBER(C12),ISNUMBER(D12)))),"",IF(D12-C12+1>30,"⚠ Período acima de 30 dias",IF(COUNTIFS($B$2:$B$301,B12,$C$2:$C$301,"<="&D12,$D$2:$D$301,">="&C12)>1,"⚠ Coincide com férias de outro do setor",""))) | K12: =IF(AND(ISNUMBER(C12),ISNUMBER(D12),C12<=TODAY(),D12>=TODAY()),D12+ROW()/100000,"") | L12: =IF(AND(ISNUMBER(C12),C12>TODAY(),C12<=TODAY()+30),C12+ROW()/100000,"") | M12: =IF(AND(ISNUMBER(C12),ISNUMBER(D12),C12<=CALENDÁRIO!$L$4,D12>=CALENDÁRIO!$L$4),ROW(),"")
F13: =IF(AND(ISNUMBER(C13),ISNUMBER(D13),D13>=C13),D13-C13+1,"") | G13: =IF(AND(ISNUMBER(C13),ISNUMBER(D13),D13>=C13),WORKDAY(D13,1),"") | H13: =IF(A13="","",IF(NOT(AND(ISNUMBER(C13),ISNUMBER(D13))),"Sem data definida",IF(D13<C13,"⚠ Datas invertidas",IF(TODAY()<C13,IF(C13-TODAY()=1,"Começa amanhã","Começa em "&(C13-TODAY())&" dias"),IF(TODAY()>D13,"Concluídas",IF(TODAY()=D13,"EM FÉRIAS (último dia)","EM FÉRIAS (faltam "&(D13-TODAY())&" dias)")))))) | I13: =IF(OR(A13="",NOT(AND(ISNUMBER(C13),ISNUMBER(D13)))),"",IF(D13-C13+1>30,"⚠ Período acima de 30 dias",IF(COUNTIFS($B$2:$B$301,B13,$C$2:$C$301,"<="&D13,$D$2:$D$301,">="&C13)>1,"⚠ Coincide com férias de outro do setor",""))) | K13: =IF(AND(ISNUMBER(C13),ISNUMBER(D13),C13<=TODAY(),D13>=TODAY()),D13+ROW()/100000,"") | L13: =IF(AND(ISNUMBER(C13),C13>TODAY(),C13<=TODAY()+30),C13+ROW()/100000,"") | M13: =IF(AND(ISNUMBER(C13),ISNUMBER(D13),C13<=CALENDÁRIO!$L$4,D13>=CALENDÁRIO!$L$4),ROW(),"")
F14: =IF(AND(ISNUMBER(C14),ISNUMBER(D14),D14>=C14),D14-C14+1,"") | G14: =IF(AND(ISNUMBER(C14),ISNUMBER(D14),D14>=C14),WORKDAY(D14,1),"") | H14: =IF(A14="","",IF(NOT(AND(ISNUMBER(C14),ISNUMBER(D14))),"Sem data definida",IF(D14<C14,"⚠ Datas invertidas",IF(TODAY()<C14,IF(C14-TODAY()=1,"Começa amanhã","Começa em "&(C14-TODAY())&" dias"),IF(TODAY()>D14,"Concluídas",IF(TODAY()=D14,"EM FÉRIAS (último dia)","EM FÉRIAS (faltam "&(D14-TODAY())&" dias)")))))) | I14: =IF(OR(A14="",NOT(AND(ISNUMBER(C14),ISNUMBER(D14)))),"",IF(D14-C14+1>30,"⚠ Período acima de 30 dias",IF(COUNTIFS($B$2:$B$301,B14,$C$2:$C$301,"<="&D14,$D$2:$D$301,">="&C14)>1,"⚠ Coincide com férias de outro do setor",""))) | K14: =IF(AND(ISNUMBER(C14),ISNUMBER(D14),C14<=TODAY(),D14>=TODAY()),D14+ROW()/100000,"") | L14: =IF(AND(ISNUMBER(C14),C14>TODAY(),C14<=TODAY()+30),C14+ROW()/100000,"") | M14: =IF(AND(ISNUMBER(C14),ISNUMBER(D14),C14<=CALENDÁRIO!$L$4,D14>=CALENDÁRIO!$L$4),ROW(),"")
F15: =IF(AND(ISNUMBER(C15),ISNUMBER(D15),D15>=C15),D15-C15+1,"") | G15: =IF(AND(ISNUMBER(C15),ISNUMBER(D15),D15>=C15),WORKDAY(D15,1),"") | H15: =IF(A15="","",IF(NOT(AND(ISNUMBER(C15),ISNUMBER(D15))),"Sem data definida",IF(D15<C15,"⚠ Datas invertidas",IF(TODAY()<C15,IF(C15-TODAY()=1,"Começa amanhã","Começa em "&(C15-TODAY())&" dias"),IF(TODAY()>D15,"Concluídas",IF(TODAY()=D15,"EM FÉRIAS (último dia)","EM FÉRIAS (faltam "&(D15-TODAY())&" dias)")))))) | I15: =IF(OR(A15="",NOT(AND(ISNUMBER(C15),ISNUMBER(D15)))),"",IF(D15-C15+1>30,"⚠ Período acima de 30 dias",IF(COUNTIFS($B$2:$B$301,B15,$C$2:$C$301,"<="&D15,$D$2:$D$301,">="&C15)>1,"⚠ Coincide com férias de outro do setor",""))) | K15: =IF(AND(ISNUMBER(C15),ISNUMBER(D15),C15<=TODAY(),D15>=TODAY()),D15+ROW()/100000,"") | L15: =IF(AND(ISNUMBER(C15),C15>TODAY(),C15<=TODAY()+30),C15+ROW()/100000,"") | M15: =IF(AND(ISNUMBER(C15),ISNUMBER(D15),C15<=CALENDÁRIO!$L$4,D15>=CALENDÁRIO!$L$4),ROW(),"")
F16: =IF(AND(ISNUMBER(C16),ISNUMBER(D16),D16>=C16),D16-C16+1,"") | G16: =IF(AND(ISNUMBER(C16),ISNUMBER(D16),D16>=C16),WORKDAY(D16,1),"") | H16: =IF(A16="","",IF(NOT(AND(ISNUMBER(C16),ISNUMBER(D16))),"Sem data definida",IF(D16<C16,"⚠ Datas invertidas",IF(TODAY()<C16,IF(C16-TODAY()=1,"Começa amanhã","Começa em "&(C16-TODAY())&" dias"),IF(TODAY()>D16,"Concluídas",IF(TODAY()=D16,"EM FÉRIAS (último dia)","EM FÉRIAS (faltam "&(D16-TODAY())&" dias)")))))) | I16: =IF(OR(A16="",NOT(AND(ISNUMBER(C16),ISNUMBER(D16)))),"",IF(D16-C16+1>30,"⚠ Período acima de 30 dias",IF(COUNTIFS($B$2:$B$301,B16,$C$2:$C$301,"<="&D16,$D$2:$D$301,">="&C16)>1,"⚠ Coincide com férias de outro do setor",""))) | K16: =IF(AND(ISNUMBER(C16),ISNUMBER(D16),C16<=TODAY(),D16>=TODAY()),D16+ROW()/100000,"") | L16: =IF(AND(ISNUMBER(C16),C16>TODAY(),C16<=TODAY()+30),C16+ROW()/100000,"") | M16: =IF(AND(ISNUMBER(C16),ISNUMBER(D16),C16<=CALENDÁRIO!$L$4,D16>=CALENDÁRIO!$L$4),ROW(),"")
F17: =IF(AND(ISNUMBER(C17),ISNUMBER(D17),D17>=C17),D17-C17+1,"") | G17: =IF(AND(ISNUMBER(C17),ISNUMBER(D17),D17>=C17),WORKDAY(D17,1),"") | H17: =IF(A17="","",IF(NOT(AND(ISNUMBER(C17),ISNUMBER(D17))),"Sem data definida",IF(D17<C17,"⚠ Datas invertidas",IF(TODAY()<C17,IF(C17-TODAY()=1,"Começa amanhã","Começa em "&(C17-TODAY())&" dias"),IF(TODAY()>D17,"Concluídas",IF(TODAY()=D17,"EM FÉRIAS (último dia)","EM FÉRIAS (faltam "&(D17-TODAY())&" dias)")))))) | I17: =IF(OR(A17="",NOT(AND(ISNUMBER(C17),ISNUMBER(D17)))),"",IF(D17-C17+1>30,"⚠ Período acima de 30 dias",IF(COUNTIFS($B$2:$B$301,B17,$C$2:$C$301,"<="&D17,$D$2:$D$301,">="&C17)>1,"⚠ Coincide com férias de outro do setor",""))) | K17: =IF(AND(ISNUMBER(C17),ISNUMBER(D17),C17<=TODAY(),D17>=TODAY()),D17+ROW()/100000,"") | L17: =IF(AND(ISNUMBER(C17),C17>TODAY(),C17<=TODAY()+30),C17+ROW()/100000,"") | M17: =IF(AND(ISNUMBER(C17),ISNUMBER(D17),C17<=CALENDÁRIO!$L$4,D17>=CALENDÁRIO!$L$4),ROW(),"")
F18: =IF(AND(ISNUMBER(C18),ISNUMBER(D18),D18>=C18),D18-C18+1,"") | G18: =IF(AND(ISNUMBER(C18),ISNUMBER(D18),D18>=C18),WORKDAY(D18,1),"") | H18: =IF(A18="","",IF(NOT(AND(ISNUMBER(C18),ISNUMBER(D18))),"Sem data definida",IF(D18<C18,"⚠ Datas invertidas",IF(TODAY()<C18,IF(C18-TODAY()=1,"Começa amanhã","Começa em "&(C18-TODAY())&" dias"),IF(TODAY()>D18,"Concluídas",IF(TODAY()=D18,"EM FÉRIAS (último dia)","EM FÉRIAS (faltam "&(D18-TODAY())&" dias)")))))) | I18: =IF(OR(A18="",NOT(AND(ISNUMBER(C18),ISNUMBER(D18)))),"",IF(D18-C18+1>30,"⚠ Período acima de 30 dias",IF(COUNTIFS($B$2:$B$301,B18,$C$2:$C$301,"<="&D18,$D$2:$D$301,">="&C18)>1,"⚠ Coincide com férias de outro do setor",""))) | K18: =IF(AND(ISNUMBER(C18),ISNUMBER(D18),C18<=TODAY(),D18>=TODAY()),D18+ROW()/100000,"") | L18: =IF(AND(ISNUMBER(C18),C18>TODAY(),C18<=TODAY()+30),C18+ROW()/100000,"") | M18: =IF(AND(ISNUMBER(C18),ISNUMBER(D18),C18<=CALENDÁRIO!$L$4,D18>=CALENDÁRIO!$L$4),ROW(),"")
F19: =IF(AND(ISNUMBER(C19),ISNUMBER(D19),D19>=C19),D19-C19+1,"") | G19: =IF(AND(ISNUMBER(C19),ISNUMBER(D19),D19>=C19),WORKDAY(D19,1),"") | H19: =IF(A19="","",IF(NOT(AND(ISNUMBER(C19),ISNUMBER(D19))),"Sem data definida",IF(D19<C19,"⚠ Datas invertidas",IF(TODAY()<C19,IF(C19-TODAY()=1,"Começa amanhã","Começa em "&(C19-TODAY())&" dias"),IF(TODAY()>D19,"Concluídas",IF(TODAY()=D19,"EM FÉRIAS (último dia)","EM FÉRIAS (faltam "&(D19-TODAY())&" dias)")))))) | I19: =IF(OR(A19="",NOT(AND(ISNUMBER(C19),ISNUMBER(D19)))),"",IF(D19-C19+1>30,"⚠ Período acima de 30 dias",IF(COUNTIFS($B$2:$B$301,B19,$C$2:$C$301,"<="&D19,$D$2:$D$301,">="&C19)>1,"⚠ Coincide com férias de outro do setor",""))) | K19: =IF(AND(ISNUMBER(C19),ISNUMBER(D19),C19<=TODAY(),D19>=TODAY()),D19+ROW()/100000,"") | L19: =IF(AND(ISNUMBER(C19),C19>TODAY(),C19<=TODAY()+30),C19+ROW()/100000,"") | M19: =IF(AND(ISNUMBER(C19),ISNUMBER(D19),C19<=CALENDÁRIO!$L$4,D19>=CALENDÁRIO!$L$4),ROW(),"")
F20: =IF(AND(ISNUMBER(C20),ISNUMBER(D20),D20>=C20),D20-C20+1,"") | G20: =IF(AND(ISNUMBER(C20),ISNUMBER(D20),D20>=C20),WORKDAY(D20,1),"") | H20: =IF(A20="","",IF(NOT(AND(ISNUMBER(C20),ISNUMBER(D20))),"Sem data definida",IF(D20<C20,"⚠ Datas invertidas",IF(TODAY()<C20,IF(C20-TODAY()=1,"Começa amanhã","Começa em "&(C20-TODAY())&" dias"),IF(TODAY()>D20,"Concluídas",IF(TODAY()=D20,"EM FÉRIAS (último dia)","EM FÉRIAS (faltam "&(D20-TODAY())&" dias)")))))) | I20: =IF(OR(A20="",NOT(AND(ISNUMBER(C20),ISNUMBER(D20)))),"",IF(D20-C20+1>30,"⚠ Período acima de 30 dias",IF(COUNTIFS($B$2:$B$301,B20,$C$2:$C$301,"<="&D20,$D$2:$D$301,">="&C20)>1,"⚠ Coincide com férias de outro do setor",""))) | K20: =IF(AND(ISNUMBER(C20),ISNUMBER(D20),C20<=TODAY(),D20>=TODAY()),D20+ROW()/100000,"") | L20: =IF(AND(ISNUMBER(C20),C20>TODAY(),C20<=TODAY()+30),C20+ROW()/100000,"") | M20: =IF(AND(ISNUMBER(C20),ISNUMBER(D20),C20<=CALENDÁRIO!$L$4,D20>=CALENDÁRIO!$L$4),ROW(),"")
F21: =IF(AND(ISNUMBER(C21),ISNUMBER(D21),D21>=C21),D21-C21+1,"") | G21: =IF(AND(ISNUMBER(C21),ISNUMBER(D21),D21>=C21),WORKDAY(D21,1),"") | H21: =IF(A21="","",IF(NOT(AND(ISNUMBER(C21),ISNUMBER(D21))),"Sem data definida",IF(D21<C21,"⚠ Datas invertidas",IF(TODAY()<C21,IF(C21-TODAY()=1,"Começa amanhã","Começa em "&(C21-TODAY())&" dias"),IF(TODAY()>D21,"Concluídas",IF(TODAY()=D21,"EM FÉRIAS (último dia)","EM FÉRIAS (faltam "&(D21-TODAY())&" dias)")))))) | I21: =IF(OR(A21="",NOT(AND(ISNUMBER(C21),ISNUMBER(D21)))),"",IF(D21-C21+1>30,"⚠ Período acima de 30 dias",IF(COUNTIFS($B$2:$B$301,B21,$C$2:$C$301,"<="&D21,$D$2:$D$301,">="&C21)>1,"⚠ Coincide com férias de outro do setor",""))) | K21: =IF(AND(ISNUMBER(C21),ISNUMBER(D21),C21<=TODAY(),D21>=TODAY()),D21+ROW()/100000,"") | L21: =IF(AND(ISNUMBER(C21),C21>TODAY(),C21<=TODAY()+30),C21+ROW()/100000,"") | M21: =IF(AND(ISNUMBER(C21),ISNUMBER(D21),C21<=CALENDÁRIO!$L$4,D21>=CALENDÁRIO!$L$4),ROW(),"")
... F301: =IF(AND(ISNUMBER(C301),ISNUMBER(D301),D301>=C301),D301-C301+1,"") | G301: =IF(AND(ISNUMBER(C301),ISNUMBER(D301),D301>=C301),WORKDAY(D301,1),"") | H301: =IF(A301="","",IF(NOT(AND(ISNUMBER(C301),ISNUMBER(D301))),"Sem data definida",IF(D301<C301,"⚠ Datas invertidas",IF(TODAY()<C301,IF(C301-TODAY()=1,"Começa amanhã","Começa em "&(C301-TODAY())&" dias"),IF(TODAY()>D301,"Concluídas",IF(TODAY()=D301,"EM FÉRIAS (último dia)","EM FÉRIAS (faltam "&(D301-TODAY())&" dias)")))))) | I301: =IF(OR(A301="",NOT(AND(ISNUMBER(C301),ISNUMBER(D301)))),"",IF(D301-C301+1>30,"⚠ Período acima de 30 dias",IF(COUNTIFS($B$2:$B$301,B301,$C$2:$C$301,"<="&D301,$D$2:$D$301,">="&C301)>1,"⚠ Coincide com férias de outro do setor",""))) | K301: =IF(AND(ISNUMBER(C301),ISNUMBER(D301),C301<=TODAY(),D301>=TODAY()),D301+ROW()/100000,"") | L301: =IF(AND(ISNUMBER(C301),C301>TODAY(),C301<=TODAY()+30),C301+ROW()/100000,"") | M301: =IF(AND(ISNUMBER(C301),ISNUMBER(D301),C301<=CALENDÁRIO!$L$4,D301>=CALENDÁRIO!$L$4),ROW(),"")

Sheet COMO USAR
B2: COMO USAR — RECURSOS AUTOMÁTICOS DA PLANILHA
B4: O que preencher | C4: Apenas as colunas originais: Nome, Setor, Datas, Situação e Observação. As colunas novas (Dia da Semana, Status, Alerta, Total de Dias, Retorno) são calculadas sozinhas — não digite nelas.
B5: Nomes | C5: Escolha o nome pela lista suspensa. A lista oficial fica na aba LISTAS, coluna F (Funcionários). Os alertas entre abas (férias x folga, Natal x FOLGAS) só funcionam se o nome estiver escrito igual em todas as abas. Para um funcionário novo, inclua o nome primeiro na aba LISTAS.
B6: PAINEL | C6: Primeira aba. Mostra a data de hoje, um aviso em vermelho se alguém está de folga/férias hoje (incluindo folgas de Natal e Ano Novo), indicadores e listas com os nomes.
B7: CALENDÁRIO | C7: Visão mensal com a quantidade de pessoas de folga e de férias em cada dia. Troque o Mês/Ano nas células amarelas. À direita, digite qualquer data para ver quem está ausente nela.
B8: FOLGAS | C8: Status (HOJE / AMANHÃ / Em X dias / Agendada / Realizada) e Alerta: folga duplicada, pessoa de férias na data, folga já lançada em NATAL/ANO NOVO, pessoa marcada TRABALHA em NATAL/ANO NOVO na mesma data, ou mais de uma pessoa do setor de folga no mesmo dia. Para outra folga do mesmo funcionário, use uma nova linha.
B9: FÉRIAS | C9: Total de Dias, Retorno ao Trabalho (próximo dia útil), Status e Alerta (período acima de 30 dias ou coincidência com férias de outra pessoa do mesmo setor).
B10: NATAL / ANO NOVO | C10: Use uma linha por pessoa e por data (ex.: 24/12 e 25/12 em linhas separadas). Coluna Alerta avisa: falta a data; data fora do feriado (Natal: 24 ou 25/12 · Ano Novo: 31/12 ou 01/01); nome repetido na mesma data; pessoa de férias na data; folga também lançada na aba FOLGAS (ou marcado TRABALHA tendo folga lá); ninguém do setor trabalhando na data. As folgas marcadas aqui entram no PAINEL e no CALENDÁRIO.
B11: Cores — Folgas | C11: Vermelho = folga HOJE · Amarelo = folga nos próximos 7 dias · Cinza = folga que já passou.
B12: Cores — Férias | C12: Verde = em férias hoje · Amarelo = começa nos próximos 30 dias · Cinza = concluídas · Laranja = sem data definida.
B13: Cores — Natal/Ano Novo | C13: Verde = FOLGA · Azul = TRABALHA · Laranja = nome sem situação. Em todas as abas, alertas aparecem em vermelho com fundo amarelo-claro.
B14: Validações | C14: Datas só aceitam datas válidas; fim das férias não pode ser antes do início; Nome e Setor têm lista suspensa (aceitam outro valor após um aviso); Situação só aceita TRABALHA ou FOLGA.
B15: Abas/colunas ocultas | C15: A aba AUX (oculta) junta as folgas de FOLGAS, NATAL e ANO NOVO para o painel e o calendário. FÉRIAS (K:M), PAINEL (L) e CALENDÁRIO (O:P) também têm colunas auxiliares ocultas. Não as apague.
B16: Limites | C16: As fórmulas cobrem as linhas 2 a 301 de cada aba. O painel mostra até 10 nomes por lista e a consulta do calendário até 20. O 'Retorno' ignora feriados.

Sheet LISTAS
A1: Situação | B1: Setores | D1: Meses | F1: Funcionários
A2: TRABALHA | B2: ATENDIMENTO | D2: Janeiro | F2: ANTONIO
A3: FOLGA | B3: FISCALIZAÇÃO | D3: Fevereiro | F3: ARTHUR
B4: JURÍDICO | D4: Março | F4: BRUNA RAFAELA
D5: Abril | F5: BRUNO FERREIRA
D6: Maio | F6: CARLOS ALEXANDRE
D7: Junho | F7: DAIANE
D8: Julho | F8: DIOGO
D9: Agosto | F9: DOUGLAS
D10: Setembro | F10: EVELYN
D11: Outubro | F11: FABIO FERREIRA
D12: Novembro | F12: FABIO MARQUES
D13: Dezembro | F13: FABIULA
F14: INGRID
F15: JANAINA PLACIDO
F16: KAROLINE MANZI
F17: MARINA
F18: PAULA LOBO
F19: RAPHAEL PINTO
F20: SÉRGIO SÁ
F21: WALLACE

Sheet AUX
A1: Origem | B1: Nome | C1: Setor | D1: Data | E1: Observação | F1: Alerta | G1: aux_hoje | H1: aux_7dias | I1: aux_consulta | J1: Dia
A2: =IF(ISNUMBER(FOLGAS!$C2),"Folga","") | B2: =IF(ISNUMBER(FOLGAS!$C2),FOLGAS!$A2&"","") | C2: =IF(ISNUMBER(FOLGAS!$C2),FOLGAS!$B2&"","") | D2: =IF(ISNUMBER(FOLGAS!$C2),FOLGAS!$C2,"") | E2: =IF(ISNUMBER(FOLGAS!$C2),FOLGAS!$D2&"","") | F2: =IF(ISNUMBER(FOLGAS!$C2),FOLGAS!$G2&"","") | G2: =IF(D2="","",IF(D2=TODAY(),D2+ROW()/100000,"")) | H2: =IF(D2="","",IF(AND(D2>TODAY(),D2<=TODAY()+7),D2+ROW()/100000,"")) | I2: =IF(D2="","",IF(D2=CALENDÁRIO!$L$4,ROW(),"")) | J2: =IF(D2="","",CHOOSE(WEEKDAY(D2),"Domingo","Segunda","Terça","Quarta","Quinta","Sexta","Sábado"))
A3: =IF(ISNUMBER(FOLGAS!$C3),"Folga","") | B3: =IF(ISNUMBER(FOLGAS!$C3),FOLGAS!$A3&"","") | C3: =IF(ISNUMBER(FOLGAS!$C3),FOLGAS!$B3&"","") | D3: =IF(ISNUMBER(FOLGAS!$C3),FOLGAS!$C3,"") | E3: =IF(ISNUMBER(FOLGAS!$C3),FOLGAS!$D3&"","") | F3: =IF(ISNUMBER(FOLGAS!$C3),FOLGAS!$G3&"","") | G3: =IF(D3="","",IF(D3=TODAY(),D3+ROW()/100000,"")) | H3: =IF(D3="","",IF(AND(D3>TODAY(),D3<=TODAY()+7),D3+ROW()/100000,"")) | I3: =IF(D3="","",IF(D3=CALENDÁRIO!$L$4,ROW(),"")) | J3: =IF(D3="","",CHOOSE(WEEKDAY(D3),"Domingo","Segunda","Terça","Quarta","Quinta","Sexta","Sábado"))
A4: =IF(ISNUMBER(FOLGAS!$C4),"Folga","") | B4: =IF(ISNUMBER(FOLGAS!$C4),FOLGAS!$A4&"","") | C4: =IF(ISNUMBER(FOLGAS!$C4),FOLGAS!$B4&"","") | D4: =IF(ISNUMBER(FOLGAS!$C4),FOLGAS!$C4,"") | E4: =IF(ISNUMBER(FOLGAS!$C4),FOLGAS!$D4&"","") | F4: =IF(ISNUMBER(FOLGAS!$C4),FOLGAS!$G4&"","") | G4: =IF(D4="","",IF(D4=TODAY(),D4+ROW()/100000,"")) | H4: =IF(D4="","",IF(AND(D4>TODAY(),D4<=TODAY()+7),D4+ROW()/100000,"")) | I4: =IF(D4="","",IF(D4=CALENDÁRIO!$L$4,ROW(),"")) | J4: =IF(D4="","",CHOOSE(WEEKDAY(D4),"Domingo","Segunda","Terça","Quarta","Quinta","Sexta","Sábado"))
A5: =IF(ISNUMBER(FOLGAS!$C5),"Folga","") | B5: =IF(ISNUMBER(FOLGAS!$C5),FOLGAS!$A5&"","") | C5: =IF(ISNUMBER(FOLGAS!$C5),FOLGAS!$B5&"","") | D5: =IF(ISNUMBER(FOLGAS!$C5),FOLGAS!$C5,"") | E5: =IF(ISNUMBER(FOLGAS!$C5),FOLGAS!$D5&"","") | F5: =IF(ISNUMBER(FOLGAS!$C5),FOLGAS!$G5&"","") | G5: =IF(D5="","",IF(D5=TODAY(),D5+ROW()/100000,"")) | H5: =IF(D5="","",IF(AND(D5>TODAY(),D5<=TODAY()+7),D5+ROW()/100000,"")) | I5: =IF(D5="","",IF(D5=CALENDÁRIO!$L$4,ROW(),"")) | J5: =IF(D5="","",CHOOSE(WEEKDAY(D5),"Domingo","Segunda","Terça","Quarta","Quinta","Sexta","Sábado"))
A6: =IF(ISNUMBER(FOLGAS!$C6),"Folga","") | B6: =IF(ISNUMBER(FOLGAS!$C6),FOLGAS!$A6&"","") | C6: =IF(ISNUMBER(FOLGAS!$C6),FOLGAS!$B6&"","") | D6: =IF(ISNUMBER(FOLGAS!$C6),FOLGAS!$C6,"") | E6: =IF(ISNUMBER(FOLGAS!$C6),FOLGAS!$D6&"","") | F6: =IF(ISNUMBER(FOLGAS!$C6),FOLGAS!$G6&"","") | G6: =IF(D6="","",IF(D6=TODAY(),D6+ROW()/100000,"")) | H6: =IF(D6="","",IF(AND(D6>TODAY(),D6<=TODAY()+7),D6+ROW()/100000,"")) | I6: =IF(D6="","",IF(D6=CALENDÁRIO!$L$4,ROW(),"")) | J6: =IF(D6="","",CHOOSE(WEEKDAY(D6),"Domingo","Segunda","Terça","Quarta","Quinta","Sexta","Sábado"))
A7: =IF(ISNUMBER(FOLGAS!$C7),"Folga","") | B7: =IF(ISNUMBER(FOLGAS!$C7),FOLGAS!$A7&"","") | C7: =IF(ISNUMBER(FOLGAS!$C7),FOLGAS!$B7&"","") | D7: =IF(ISNUMBER(FOLGAS!$C7),FOLGAS!$C7,"") | E7: =IF(ISNUMBER(FOLGAS!$C7),FOLGAS!$D7&"","") | F7: =IF(ISNUMBER(FOLGAS!$C7),FOLGAS!$G7&"","") | G7: =IF(D7="","",IF(D7=TODAY(),D7+ROW()/100000,"")) | H7: =IF(D7="","",IF(AND(D7>TODAY(),D7<=TODAY()+7),D7+ROW()/100000,"")) | I7: =IF(D7="","",IF(D7=CALENDÁRIO!$L$4,ROW(),"")) | J7: =IF(D7="","",CHOOSE(WEEKDAY(D7),"Domingo","Segunda","Terça","Quarta","Quinta","Sexta","Sábado"))
A8: =IF(ISNUMBER(FOLGAS!$C8),"Folga","") | B8: =IF(ISNUMBER(FOLGAS!$C8),FOLGAS!$A8&"","") | C8: =IF(ISNUMBER(FOLGAS!$C8),FOLGAS!$B8&"","") | D8: =IF(ISNUMBER(FOLGAS!$C8),FOLGAS!$C8,"") | E8: =IF(ISNUMBER(FOLGAS!$C8),FOLGAS!$D8&"","") | F8: =IF(ISNUMBER(FOLGAS!$C8),FOLGAS!$G8&"","") | G8: =IF(D8="","",IF(D8=TODAY(),D8+ROW()/100000,"")) | H8: =IF(D8="","",IF(AND(D8>TODAY(),D8<=TODAY()+7),D8+ROW()/100000,"")) | I8: =IF(D8="","",IF(D8=CALENDÁRIO!$L$4,ROW(),"")) | J8: =IF(D8="","",CHOOSE(WEEKDAY(D8),"Domingo","Segunda","Terça","Quarta","Quinta","Sexta","Sábado"))
A9: =IF(ISNUMBER(FOLGAS!$C9),"Folga","") | B9: =IF(ISNUMBER(FOLGAS!$C9),FOLGAS!$A9&"","") | C9: =IF(ISNUMBER(FOLGAS!$C9),FOLGAS!$B9&"","") | D9: =IF(ISNUMBER(FOLGAS!$C9),FOLGAS!$C9,"") | E9: =IF(ISNUMBER(FOLGAS!$C9),FOLGAS!$D9&"","") | F9: =IF(ISNUMBER(FOLGAS!$C9),FOLGAS!$G9&"","") | G9: =IF(D9="","",IF(D9=TODAY(),D9+ROW()/100000,"")) | H9: =IF(D9="","",IF(AND(D9>TODAY(),D9<=TODAY()+7),D9+ROW()/100000,"")) | I9: =IF(D9="","",IF(D9=CALENDÁRIO!$L$4,ROW(),"")) | J9: =IF(D9="","",CHOOSE(WEEKDAY(D9),"Domingo","Segunda","Terça","Quarta","Quinta","Sexta","Sábado"))
A10: =IF(ISNUMBER(FOLGAS!$C10),"Folga","") | B10: =IF(ISNUMBER(FOLGAS!$C10),FOLGAS!$A10&"","") | C10: =IF(ISNUMBER(FOLGAS!$C10),FOLGAS!$B10&"","") | D10: =IF(ISNUMBER(FOLGAS!$C10),FOLGAS!$C10,"") | E10: =IF(ISNUMBER(FOLGAS!$C10),FOLGAS!$D10&"","") | F10: =IF(ISNUMBER(FOLGAS!$C10),FOLGAS!$G10&"","") | G10: =IF(D10="","",IF(D10=TODAY(),D10+ROW()/100000,"")) | H10: =IF(D10="","",IF(AND(D10>TODAY(),D10<=TODAY()+7),D10+ROW()/100000,"")) | I10: =IF(D10="","",IF(D10=CALENDÁRIO!$L$4,ROW(),"")) | J10: =IF(D10="","",CHOOSE(WEEKDAY(D10),"Domingo","Segunda","Terça","Quarta","Quinta","Sexta","Sábado"))
A11: =IF(ISNUMBER(FOLGAS!$C11),"Folga","") | B11: =IF(ISNUMBER(FOLGAS!$C11),FOLGAS!$A11&"","") | C11: =IF(ISNUMBER(FOLGAS!$C11),FOLGAS!$B11&"","") | D11: =IF(ISNUMBER(FOLGAS!$C11),FOLGAS!$C11,"") | E11: =IF(ISNUMBER(FOLGAS!$C11),FOLGAS!$D11&"","") | F11: =IF(ISNUMBER(FOLGAS!$C11),FOLGAS!$G11&"","") | G11: =IF(D11="","",IF(D11=TODAY(),D11+ROW()/100000,"")) | H11: =IF(D11="","",IF(AND(D11>TODAY(),D11<=TODAY()+7),D11+ROW()/100000,"")) | I11: =IF(D11="","",IF(D11=CALENDÁRIO!$L$4,ROW(),"")) | J11: =IF(D11="","",CHOOSE(WEEKDAY(D11),"Domingo","Segunda","Terça","Quarta","Quinta","Sexta","Sábado"))
A12: =IF(ISNUMBER(FOLGAS!$C12),"Folga","") | B12: =IF(ISNUMBER(FOLGAS!$C12),FOLGAS!$A12&"","") | C12: =IF(ISNUMBER(FOLGAS!$C12),FOLGAS!$B12&"","") | D12: =IF(ISNUMBER(FOLGAS!$C12),FOLGAS!$C12,"") | E12: =IF(ISNUMBER(FOLGAS!$C12),FOLGAS!$D12&"","") | F12: =IF(ISNUMBER(FOLGAS!$C12),FOLGAS!$G12&"","") | G12: =IF(D12="","",IF(D12=TODAY(),D12+ROW()/100000,"")) | H12: =IF(D12="","",IF(AND(D12>TODAY(),D12<=TODAY()+7),D12+ROW()/100000,"")) | I12: =IF(D12="","",IF(D12=CALENDÁRIO!$L$4,ROW(),"")) | J12: =IF(D12="","",CHOOSE(WEEKDAY(D12),"Domingo","Segunda","Terça","Quarta","Quinta","Sexta","Sábado"))
A13: =IF(ISNUMBER(FOLGAS!$C13),"Folga","") | B13: =IF(ISNUMBER(FOLGAS!$C13),FOLGAS!$A13&"","") | C13: =IF(ISNUMBER(FOLGAS!$C13),FOLGAS!$B13&"","") | D13: =IF(ISNUMBER(FOLGAS!$C13),FOLGAS!$C13,"") | E13: =IF(ISNUMBER(FOLGAS!$C13),FOLGAS!$D13&"","") | F13: =IF(ISNUMBER(FOLGAS!$C13),FOLGAS!$G13&"","") | G13: =IF(D13="","",IF(D13=TODAY(),D13+ROW()/100000,"")) | H13: =IF(D13="","",IF(AND(D13>TODAY(),D13<=TODAY()+7),D13+ROW()/100000,"")) | I13: =IF(D13="","",IF(D13=CALENDÁRIO!$L$4,ROW(),"")) | J13: =IF(D13="","",CHOOSE(WEEKDAY(D13),"Domingo","Segunda","Terça","Quarta","Quinta","Sexta","Sábado"))
... A301: =IF(ISNUMBER(FOLGAS!$C301),"Folga","") | B301: =IF(ISNUMBER(FOLGAS!$C301),FOLGAS!$A301&"","") | C301: =IF(ISNUMBER(FOLGAS!$C301),FOLGAS!$B301&"","") | D301: =IF(ISNUMBER(FOLGAS!$C301),FOLGAS!$C301,"") | E301: =IF(ISNUMBER(FOLGAS!$C301),FOLGAS!$D301&"","") | F301: =IF(ISNUMBER(FOLGAS!$C301),FOLGAS!$G301&"","") | G301: =IF(D301="","",IF(D301=TODAY(),D301+ROW()/100000,"")) | H301: =IF(D301="","",IF(AND(D301>TODAY(),D301<=TODAY()+7),D301+ROW()/100000,"")) | I301: =IF(D301="","",IF(D301=CALENDÁRIO!$L$4,ROW(),"")) | J301: =IF(D301="","",CHOOSE(WEEKDAY(D301),"Domingo","Segunda","Terça","Quarta","Quinta","Sexta","Sábado"))
A302: =IF(AND(ISNUMBER(NATAL!$C2),NATAL!$D2="FOLGA"),"Folga Natal","") | B302: =IF(AND(ISNUMBER(NATAL!$C2),NATAL!$D2="FOLGA"),NATAL!$A2&"","") | C302: =IF(AND(ISNUMBER(NATAL!$C2),NATAL!$D2="FOLGA"),NATAL!$B2&"","") | D302: =IF(AND(ISNUMBER(NATAL!$C2),NATAL!$D2="FOLGA"),NATAL!$C2,"") | E302: =IF(AND(ISNUMBER(NATAL!$C2),NATAL!$D2="FOLGA"),NATAL!$E2&"","") | F302: =IF(AND(ISNUMBER(NATAL!$C2),NATAL!$D2="FOLGA"),NATAL!$F2&"","") | G302: =IF(D302="","",IF(D302=TODAY(),D302+ROW()/100000,"")) | H302: =IF(D302="","",IF(AND(D302>TODAY(),D302<=TODAY()+7),D302+ROW()/100000,"")) | I302: =IF(D302="","",IF(D302=CALENDÁRIO!$L$4,ROW(),"")) | J302: =IF(D302="","",CHOOSE(WEEKDAY(D302),"Domingo","Segunda","Terça","Quarta","Quinta","Sexta","Sábado"))
A303: =IF(AND(ISNUMBER(NATAL!$C3),NATAL!$D3="FOLGA"),"Folga Natal","") | B303: =IF(AND(ISNUMBER(NATAL!$C3),NATAL!$D3="FOLGA"),NATAL!$A3&"","") | C303: =IF(AND(ISNUMBER(NATAL!$C3),NATAL!$D3="FOLGA"),NATAL!$B3&"","") | D303: =IF(AND(ISNUMBER(NATAL!$C3),NATAL!$D3="FOLGA"),NATAL!$C3,"") | E303: =IF(AND(ISNUMBER(NATAL!$C3),NATAL!$D3="FOLGA"),NATAL!$E3&"","") | F303: =IF(AND(ISNUMBER(NATAL!$C3),NATAL!$D3="FOLGA"),NATAL!$F3&"","") | G303: =IF(D303="","",IF(D303=TODAY(),D303+ROW()/100000,"")) | H303: =IF(D303="","",IF(AND(D303>TODAY(),D303<=TODAY()+7),D303+ROW()/100000,"")) | I303: =IF(D303="","",IF(D303=CALENDÁRIO!$L$4,ROW(),"")) | J303: =IF(D303="","",CHOOSE(WEEKDAY(D303),"Domingo","Segunda","Terça","Quarta","Quinta","Sexta","Sábado"))
A304: =IF(AND(ISNUMBER(NATAL!$C4),NATAL!$D4="FOLGA"),"Folga Natal","") | B304: =IF(AND(ISNUMBER(NATAL!$C4),NATAL!$D4="FOLGA"),NATAL!$A4&"","") | C304: =IF(AND(ISNUMBER(NATAL!$C4),NATAL!$D4="FOLGA"),NATAL!$B4&"","") | D304: =IF(AND(ISNUMBER(NATAL!$C4),NATAL!$D4="FOLGA"),NATAL!$C4,"") | E304: =IF(AND(ISNUMBER(NATAL!$C4),NATAL!$D4="FOLGA"),NATAL!$E4&"","") | F304: =IF(AND(ISNUMBER(NATAL!$C4),NATAL!$D4="FOLGA"),NATAL!$F4&"","") | G304: =IF(D304="","",IF(D304=TODAY(),D304+ROW()/100000,"")) | H304: =IF(D304="","",IF(AND(D304>TODAY(),D304<=TODAY()+7),D304+ROW()/100000,"")) | I304: =IF(D304="","",IF(D304=CALENDÁRIO!$L$4,ROW(),"")) | J304: =IF(D304="","",CHOOSE(WEEKDAY(D304),"Domingo","Segunda","Terça","Quarta","Quinta","Sexta","Sábado"))
A305: =IF(AND(ISNUMBER(NATAL!$C5),NATAL!$D5="FOLGA"),"Folga Natal","") | B305: =IF(AND(ISNUMBER(NATAL!$C5),NATAL!$D5="FOLGA"),NATAL!$A5&"","") | C305: =IF(AND(ISNUMBER(NATAL!$C5),NATAL!$D5="FOLGA"),NATAL!$B5&"","") | D305: =IF(AND(ISNUMBER(NATAL!$C5),NATAL!$D5="FOLGA"),NATAL!$C5,"") | E305: =IF(AND(ISNUMBER(NATAL!$C5),NATAL!$D5="FOLGA"),NATAL!$E5&"","") | F305: =IF(AND(ISNUMBER(NATAL!$C5),NATAL!$D5="FOLGA"),NATAL!$F5&"","") | G305: =IF(D305="","",IF(D305=TODAY(),D305+ROW()/100000,"")) | H305: =IF(D305="","",IF(AND(D305>TODAY(),D305<=TODAY()+7),D305+ROW()/100000,"")) | I305: =IF(D305="","",IF(D305=CALENDÁRIO!$L$4,ROW(),"")) | J305: =IF(D305="","",CHOOSE(WEEKDAY(D305),"Domingo","Segunda","Terça","Quarta","Quinta","Sexta","Sábado"))
A306: =IF(AND(ISNUMBER(NATAL!$C6),NATAL!$D6="FOLGA"),"Folga Natal","") | B306: =IF(AND(ISNUMBER(NATAL!$C6),NATAL!$D6="FOLGA"),NATAL!$A6&"","") | C306: =IF(AND(ISNUMBER(NATAL!$C6),NATAL!$D6="FOLGA"),NATAL!$B6&"","") | D306: =IF(AND(ISNUMBER(NATAL!$C6),NATAL!$D6="FOLGA"),NATAL!$C6,"") | E306: =IF(AND(ISNUMBER(NATAL!$C6),NATAL!$D6="FOLGA"),NATAL!$E6&"","") | F306: =IF(AND(ISNUMBER(NATAL!$C6),NATAL!$D6="FOLGA"),NATAL!$F6&"","") | G306: =IF(D306="","",IF(D306=TODAY(),D306+ROW()/100000,"")) | H306: =IF(D306="","",IF(AND(D306>TODAY(),D306<=TODAY()+7),D306+ROW()/100000,"")) | I306: =IF(D306="","",IF(D306=CALENDÁRIO!$L$4,ROW(),"")) | J306: =IF(D306="","",CHOOSE(WEEKDAY(D306),"Domingo","Segunda","Terça","Quarta","Quinta","Sexta","Sábado"))
A307: =IF(AND(ISNUMBER(NATAL!$C7),NATAL!$D7="FOLGA"),"Folga Natal","") | B307: =IF(AND(ISNUMBER(NATAL!$C7),NATAL!$D7="FOLGA"),NATAL!$A7&"","") | C307: =IF(AND(ISNUMBER(NATAL!$C7),NATAL!$D7="FOLGA"),NATAL!$B7&"","") | D307: =IF(AND(ISNUMBER(NATAL!$C7),NATAL!$D7="FOLGA"),NATAL!$C7,"") | E307: =IF(AND(ISNUMBER(NATAL!$C7),NATAL!$D7="FOLGA"),NATAL!$E7&"","") | F307: =IF(AND(ISNUMBER(NATAL!$C7),NATAL!$D7="FOLGA"),NATAL!$F7&"","") | G307: =IF(D307="","",IF(D307=TODAY(),D307+ROW()/100000,"")) | H307: =IF(D307="","",IF(AND(D307>TODAY(),D307<=TODAY()+7),D307+ROW()/100000,"")) | I307: =IF(D307="","",IF(D307=CALENDÁRIO!$L$4,ROW(),"")) | J307: =IF(D307="","",CHOOSE(WEEKDAY(D307),"Domingo","Segunda","Terça","Quarta","Quinta","Sexta","Sábado"))
A308: =IF(AND(ISNUMBER(NATAL!$C8),NATAL!$D8="FOLGA"),"Folga Natal","") | B308: =IF(AND(ISNUMBER(NATAL!$C8),NATAL!$D8="FOLGA"),NATAL!$A8&"","") | C308: =IF(AND(ISNUMBER(NATAL!$C8),NATAL!$D8="FOLGA"),NATAL!$B8&"","") | D308: =IF(AND(ISNUMBER(NATAL!$C8),NATAL!$D8="FOLGA"),NATAL!$C8,"") | E308: =IF(AND(ISNUMBER(NATAL!$C8),NATAL!$D8="FOLGA"),NATAL!$E8&"","") | F308: =IF(AND(ISNUMBER(NATAL!$C8),NATAL!$D8="FOLGA"),NATAL!$F8&"","") | G308: =IF(D308="","",IF(D308=TODAY(),D308+ROW()/100000,"")) | H308: =IF(D308="","",IF(AND(D308>TODAY(),D308<=TODAY()+7),D308+ROW()/100000,"")) | I308: =IF(D308="","",IF(D308=CALENDÁRIO!$L$4,ROW(),"")) | J308: =IF(D308="","",CHOOSE(WEEKDAY(D308),"Domingo","Segunda","Terça","Quarta","Quinta","Sexta","Sábado"))
A309: =IF(AND(ISNUMBER(NATAL!$C9),NATAL!$D9="FOLGA"),"Folga Natal","") | B309: =IF(AND(ISNUMBER(NATAL!$C9),NATAL!$D9="FOLGA"),NATAL!$A9&"","") | C309: =IF(AND(ISNUMBER(NATAL!$C9),NATAL!$D9="FOLGA"),NATAL!$B9&"","") | D309: =IF(AND(ISNUMBER(NATAL!$C9),NATAL!$D9="FOLGA"),NATAL!$C9,"") | E309: =IF(AND(ISNUMBER(NATAL!$C9),NATAL!$D9="FOLGA"),NATAL!$E9&"","") | F309: =IF(AND(ISNUMBER(NATAL!$C9),NATAL!$D9="FOLGA"),NATAL!$F9&"","") | G309: =IF(D309="","",IF(D309=TODAY(),D309+ROW()/100000,"")) | H309: =IF(D309="","",IF(AND(D309>TODAY(),D309<=TODAY()+7),D309+ROW()/100000,"")) | I309: =IF(D309="","",IF(D309=CALENDÁRIO!$L$4,ROW(),"")) | J309: =IF(D309="","",CHOOSE(WEEKDAY(D309),"Domingo","Segunda","Terça","Quarta","Quinta","Sexta","Sábado"))
A310: =IF(AND(ISNUMBER(NATAL!$C10),NATAL!$D10="FOLGA"),"Folga Natal","") | B310: =IF(AND(ISNUMBER(NATAL!$C10),NATAL!$D10="FOLGA"),NATAL!$A10&"","") | C310: =IF(AND(ISNUMBER(NATAL!$C10),NATAL!$D10="FOLGA"),NATAL!$B10&"","") | D310: =IF(AND(ISNUMBER(NATAL!$C10),NATAL!$D10="FOLGA"),NATAL!$C10,"") | E310: =IF(AND(ISNUMBER(NATAL!$C10),NATAL!$D10="FOLGA"),NATAL!$E10&"","") | F310: =IF(AND(ISNUMBER(NATAL!$C10),NATAL!$D10="FOLGA"),NATAL!$F10&"","") | G310: =IF(D310="","",IF(D310=TODAY(),D310+ROW()/100000,"")) | H310: =IF(D310="","",IF(AND(D310>TODAY(),D310<=TODAY()+7),D310+ROW()/100000,"")) | I310: =IF(D310="","",IF(D310=CALENDÁRIO!$L$4,ROW(),"")) | J310: =IF(D310="","",CHOOSE(WEEKDAY(D310),"Domingo","Segunda","Terça","Quarta","Quinta","Sexta","Sábado"))
A311: =IF(AND(ISNUMBER(NATAL!$C11),NATAL!$D11="FOLGA"),"Folga Natal","") | B311: =IF(AND(ISNUMBER(NATAL!$C11),NATAL!$D11="FOLGA"),NATAL!$A11&"","") | C311: =IF(AND(ISNUMBER(NATAL!$C11),NATAL!$D11="FOLGA"),NATAL!$B11&"","") | D311: =IF(AND(ISNUMBER(NATAL!$C11),NATAL!$D11="FOLGA"),NATAL!$C11,"") | E311: =IF(AND(ISNUMBER(NATAL!$C11),NATAL!$D11="FOLGA"),NATAL!$E11&"","") | F311: =IF(AND(ISNUMBER(NATAL!$C11),NATAL!$D11="FOLGA"),NATAL!$F11&"","") | G311: =IF(D311="","",IF(D311=TODAY(),D311+ROW()/100000,"")) | H311: =IF(D311="","",IF(AND(D311>TODAY(),D311<=TODAY()+7),D311+ROW()/100000,"")) | I311: =IF(D311="","",IF(D311=CALENDÁRIO!$L$4,ROW(),"")) | J311: =IF(D311="","",CHOOSE(WEEKDAY(D311),"Domingo","Segunda","Terça","Quarta","Quinta","Sexta","Sábado"))
A312: =IF(AND(ISNUMBER(NATAL!$C12),NATAL!$D12="FOLGA"),"Folga Natal","") | B312: =IF(AND(ISNUMBER(NATAL!$C12),NATAL!$D12="FOLGA"),NATAL!$A12&"","") | C312: =IF(AND(ISNUMBER(NATAL!$C12),NATAL!$D12="FOLGA"),NATAL!$B12&"","") | D312: =IF(AND(ISNUMBER(NATAL!$C12),NATAL!$D12="FOLGA"),NATAL!$C12,"") | E312: =IF(AND(ISNUMBER(NATAL!$C12),NATAL!$D12="FOLGA"),NATAL!$E12&"","") | F312: =IF(AND(ISNUMBER(NATAL!$C12),NATAL!$D12="FOLGA"),NATAL!$F12&"","") | G312: =IF(D312="","",IF(D312=TODAY(),D312+ROW()/100000,"")) | H312: =IF(D312="","",IF(AND(D312>TODAY(),D312<=TODAY()+7),D312+ROW()/100000,"")) | I312: =IF(D312="","",IF(D312=CALENDÁRIO!$L$4,ROW(),"")) | J312: =IF(D312="","",CHOOSE(WEEKDAY(D312),"Domingo","Segunda","Terça","Quarta","Quinta","Sexta","Sábado"))
A313: =IF(AND(ISNUMBER(NATAL!$C13),NATAL!$D13="FOLGA"),"Folga Natal","") | B313: =IF(AND(ISNUMBER(NATAL!$C13),NATAL!$D13="FOLGA"),NATAL!$A13&"","") | C313: =IF(AND(ISNUMBER(NATAL!$C13),NATAL!$D13="FOLGA"),NATAL!$B13&"","") | D313: =IF(AND(ISNUMBER(NATAL!$C13),NATAL!$D13="FOLGA"),NATAL!$C13,"") | E313: =IF(AND(ISNUMBER(NATAL!$C13),NATAL!$D13="FOLGA"),NATAL!$E13&"","") | F313: =IF(AND(ISNUMBER(NATAL!$C13),NATAL!$D13="FOLGA"),NATAL!$F13&"","") | G313: =IF(D313="","",IF(D313=TODAY(),D313+ROW()/100000,"")) | H313: =IF(D313="","",IF(AND(D313>TODAY(),D313<=TODAY()+7),D313+ROW()/100000,"")) | I313: =IF(D313="","",IF(D313=CALENDÁRIO!$L$4,ROW(),"")) | J313: =IF(D313="","",CHOOSE(WEEKDAY(D313),"Domingo","Segunda","Terça","Quarta","Quinta","Sexta","Sábado"))
... A601: =IF(AND(ISNUMBER(NATAL!$C301),NATAL!$D301="FOLGA"),"Folga Natal","") | B601: =IF(AND(ISNUMBER(NATAL!$C301),NATAL!$D301="FOLGA"),NATAL!$A301&"","") | C601: =IF(AND(ISNUMBER(NATAL!$C301),NATAL!$D301="FOLGA"),NATAL!$B301&"","") | D601: =IF(AND(ISNUMBER(NATAL!$C301),NATAL!$D301="FOLGA"),NATAL!$C301,"") | E601: =IF(AND(ISNUMBER(NATAL!$C301),NATAL!$D301="FOLGA"),NATAL!$E301&"","") | F601: =IF(AND(ISNUMBER(NATAL!$C301),NATAL!$D301="FOLGA"),NATAL!$F301&"","") | G601: =IF(D601="","",IF(D601=TODAY(),D601+ROW()/100000,"")) | H601: =IF(D601="","",IF(AND(D601>TODAY(),D601<=TODAY()+7),D601+ROW()/100000,"")) | I601: =IF(D601="","",IF(D601=CALENDÁRIO!$L$4,ROW(),"")) | J601: =IF(D601="","",CHOOSE(WEEKDAY(D601),"Domingo","Segunda","Terça","Quarta","Quinta","Sexta","Sábado"))
A602: =IF(AND(ISNUMBER('ANO NOVO'!$C2),'ANO NOVO'!$D2="FOLGA"),"Folga Ano Novo","") | B602: =IF(AND(ISNUMBER('ANO NOVO'!$C2),'ANO NOVO'!$D2="FOLGA"),'ANO NOVO'!$A2&"","") | C602: =IF(AND(ISNUMBER('ANO NOVO'!$C2),'ANO NOVO'!$D2="FOLGA"),'ANO NOVO'!$B2&"","") | D602: =IF(AND(ISNUMBER('ANO NOVO'!$C2),'ANO NOVO'!$D2="FOLGA"),'ANO NOVO'!$C2,"") | E602: =IF(AND(ISNUMBER('ANO NOVO'!$C2),'ANO NOVO'!$D2="FOLGA"),'ANO NOVO'!$E2&"","") | F602: =IF(AND(ISNUMBER('ANO NOVO'!$C2),'ANO NOVO'!$D2="FOLGA"),'ANO NOVO'!$F2&"","") | G602: =IF(D602="","",IF(D602=TODAY(),D602+ROW()/100000,"")) | H602: =IF(D602="","",IF(AND(D602>TODAY(),D602<=TODAY()+7),D602+ROW()/100000,"")) | I602: =IF(D602="","",IF(D602=CALENDÁRIO!$L$4,ROW(),"")) | J602: =IF(D602="","",CHOOSE(WEEKDAY(D602),"Domingo","Segunda","Terça","Quarta","Quinta","Sexta","Sábado"))
A603: =IF(AND(ISNUMBER('ANO NOVO'!$C3),'ANO NOVO'!$D3="FOLGA"),"Folga Ano Novo","") | B603: =IF(AND(ISNUMBER('ANO NOVO'!$C3),'ANO NOVO'!$D3="FOLGA"),'ANO NOVO'!$A3&"","") | C603: =IF(AND(ISNUMBER('ANO NOVO'!$C3),'ANO NOVO'!$D3="FOLGA"),'ANO NOVO'!$B3&"","") | D603: =IF(AND(ISNUMBER('ANO NOVO'!$C3),'ANO NOVO'!$D3="FOLGA"),'ANO NOVO'!$C3,"") | E603: =IF(AND(ISNUMBER('ANO NOVO'!$C3),'ANO NOVO'!$D3="FOLGA"),'ANO NOVO'!$E3&"","") | F603: =IF(AND(ISNUMBER('ANO NOVO'!$C3),'ANO NOVO'!$D3="FOLGA"),'ANO NOVO'!$F3&"","") | G603: =IF(D603="","",IF(D603=TODAY(),D603+ROW()/100000,"")) | H603: =IF(D603="","",IF(AND(D603>TODAY(),D603<=TODAY()+7),D603+ROW()/100000,"")) | I603: =IF(D603="","",IF(D603=CALENDÁRIO!$L$4,ROW(),"")) | J603: =IF(D603="","",CHOOSE(WEEKDAY(D603),"Domingo","Segunda","Terça","Quarta","Quinta","Sexta","Sábado"))
A604: =IF(AND(ISNUMBER('ANO NOVO'!$C4),'ANO NOVO'!$D4="FOLGA"),"Folga Ano Novo","") | B604: =IF(AND(ISNUMBER('ANO NOVO'!$C4),'ANO NOVO'!$D4="FOLGA"),'ANO NOVO'!$A4&"","") | C604: =IF(AND(ISNUMBER('ANO NOVO'!$C4),'ANO NOVO'!$D4="FOLGA"),'ANO NOVO'!$B4&"","") | D604: =IF(AND(ISNUMBER('ANO NOVO'!$C4),'ANO NOVO'!$D4="FOLGA"),'ANO NOVO'!$C4,"") | E604: =IF(AND(ISNUMBER('ANO NOVO'!$C4),'ANO NOVO'!$D4="FOLGA"),'ANO NOVO'!$E4&"","") | F604: =IF(AND(ISNUMBER('ANO NOVO'!$C4),'ANO NOVO'!$D4="FOLGA"),'ANO NOVO'!$F4&"","") | G604: =IF(D604="","",IF(D604=TODAY(),D604+ROW()/100000,"")) | H604: =IF(D604="","",IF(AND(D604>TODAY(),D604<=TODAY()+7),D604+ROW()/100000,"")) | I604: =IF(D604="","",IF(D604=CALENDÁRIO!$L$4,ROW(),"")) | J604: =IF(D604="","",CHOOSE(WEEKDAY(D604),"Domingo","Segunda","Terça","Quarta","Quinta","Sexta","Sábado"))
A605: =IF(AND(ISNUMBER('ANO NOVO'!$C5),'ANO NOVO'!$D5="FOLGA"),"Folga Ano Novo","") | B605: =IF(AND(ISNUMBER('ANO NOVO'!$C5),'ANO NOVO'!$D5="FOLGA"),'ANO NOVO'!$A5&"","") | C605: =IF(AND(ISNUMBER('ANO NOVO'!$C5),'ANO NOVO'!$D5="FOLGA"),'ANO NOVO'!$B5&"","") | D605: =IF(AND(ISNUMBER('ANO NOVO'!$C5),'ANO NOVO'!$D5="FOLGA"),'ANO NOVO'!$C5,"") | E605: =IF(AND(ISNUMBER('ANO NOVO'!$C5),'ANO NOVO'!$D5="FOLGA"),'ANO NOVO'!$E5&"","") | F605: =IF(AND(ISNUMBER('ANO NOVO'!$C5),'ANO NOVO'!$D5="FOLGA"),'ANO NOVO'!$F5&"","") | G605: =IF(D605="","",IF(D605=TODAY(),D605+ROW()/100000,"")) | H605: =IF(D605="","",IF(AND(D605>TODAY(),D605<=TODAY()+7),D605+ROW()/100000,"")) | I605: =IF(D605="","",IF(D605=CALENDÁRIO!$L$4,ROW(),"")) | J605: =IF(D605="","",CHOOSE(WEEKDAY(D605),"Domingo","Segunda","Terça","Quarta","Quinta","Sexta","Sábado"))
A606: =IF(AND(ISNUMBER('ANO NOVO'!$C6),'ANO NOVO'!$D6="FOLGA"),"Folga Ano Novo","") | B606: =IF(AND(ISNUMBER('ANO NOVO'!$C6),'ANO NOVO'!$D6="FOLGA"),'ANO NOVO'!$A6&"","") | C606: =IF(AND(ISNUMBER('ANO NOVO'!$C6),'ANO NOVO'!$D6="FOLGA"),'ANO NOVO'!$B6&"","") | D606: =IF(AND(ISNUMBER('ANO NOVO'!$C6),'ANO NOVO'!$D6="FOLGA"),'ANO NOVO'!$C6,"") | E606: =IF(AND(ISNUMBER('ANO NOVO'!$C6),'ANO NOVO'!$D6="FOLGA"),'ANO NOVO'!$E6&"","") | F606: =IF(AND(ISNUMBER('ANO NOVO'!$C6),'ANO NOVO'!$D6="FOLGA"),'ANO NOVO'!$F6&"","") | G606: =IF(D606="","",IF(D606=TODAY(),D606+ROW()/100000,"")) | H606: =IF(D606="","",IF(AND(D606>TODAY(),D606<=TODAY()+7),D606+ROW()/100000,"")) | I606: =IF(D606="","",IF(D606=CALENDÁRIO!$L$4,ROW(),"")) | J606: =IF(D606="","",CHOOSE(WEEKDAY(D606),"Domingo","Segunda","Terça","Quarta","Quinta","Sexta","Sábado"))
A607: =IF(AND(ISNUMBER('ANO NOVO'!$C7),'ANO NOVO'!$D7="FOLGA"),"Folga Ano Novo","") | B607: =IF(AND(ISNUMBER('ANO NOVO'!$C7),'ANO NOVO'!$D7="FOLGA"),'ANO NOVO'!$A7&"","") | C607: =IF(AND(ISNUMBER('ANO NOVO'!$C7),'ANO NOVO'!$D7="FOLGA"),'ANO NOVO'!$B7&"","") | D607: =IF(AND(ISNUMBER('ANO NOVO'!$C7),'ANO NOVO'!$D7="FOLGA"),'ANO NOVO'!$C7,"") | E607: =IF(AND(ISNUMBER('ANO NOVO'!$C7),'ANO NOVO'!$D7="FOLGA"),'ANO NOVO'!$E7&"","") | F607: =IF(AND(ISNUMBER('ANO NOVO'!$C7),'ANO NOVO'!$D7="FOLGA"),'ANO NOVO'!$F7&"","") | G607: =IF(D607="","",IF(D607=TODAY(),D607+ROW()/100000,"")) | H607: =IF(D607="","",IF(AND(D607>TODAY(),D607<=TODAY()+7),D607+ROW()/100000,"")) | I607: =IF(D607="","",IF(D607=CALENDÁRIO!$L$4,ROW(),"")) | J607: =IF(D607="","",CHOOSE(WEEKDAY(D607),"Domingo","Segunda","Terça","Quarta","Quinta","Sexta","Sábado"))
A608: =IF(AND(ISNUMBER('ANO NOVO'!$C8),'ANO NOVO'!$D8="FOLGA"),"Folga Ano Novo","") | B608: =IF(AND(ISNUMBER('ANO NOVO'!$C8),'ANO NOVO'!$D8="FOLGA"),'ANO NOVO'!$A8&"","") | C608: =IF(AND(ISNUMBER('ANO NOVO'!$C8),'ANO NOVO'!$D8="FOLGA"),'ANO NOVO'!$B8&"","") | D608: =IF(AND(ISNUMBER('ANO NOVO'!$C8),'ANO NOVO'!$D8="FOLGA"),'ANO NOVO'!$C8,"") | E608: =IF(AND(ISNUMBER('ANO NOVO'!$C8),'ANO NOVO'!$D8="FOLGA"),'ANO NOVO'!$E8&"","") | F608: =IF(AND(ISNUMBER('ANO NOVO'!$C8),'ANO NOVO'!$D8="FOLGA"),'ANO NOVO'!$F8&"","") | G608: =IF(D608="","",IF(D608=TODAY(),D608+ROW()/100000,"")) | H608: =IF(D608="","",IF(AND(D608>TODAY(),D608<=TODAY()+7),D608+ROW()/100000,"")) | I608: =IF(D608="","",IF(D608=CALENDÁRIO!$L$4,ROW(),"")) | J608: =IF(D608="","",CHOOSE(WEEKDAY(D608),"Domingo","Segunda","Terça","Quarta","Quinta","Sexta","Sábado"))
A609: =IF(AND(ISNUMBER('ANO NOVO'!$C9),'ANO NOVO'!$D9="FOLGA"),"Folga Ano Novo","") | B609: =IF(AND(ISNUMBER('ANO NOVO'!$C9),'ANO NOVO'!$D9="FOLGA"),'ANO NOVO'!$A9&"","") | C609: =IF(AND(ISNUMBER('ANO NOVO'!$C9),'ANO NOVO'!$D9="FOLGA"),'ANO NOVO'!$B9&"","") | D609: =IF(AND(ISNUMBER('ANO NOVO'!$C9),'ANO NOVO'!$D9="FOLGA"),'ANO NOVO'!$C9,"") | E609: =IF(AND(ISNUMBER('ANO NOVO'!$C9),'ANO NOVO'!$D9="FOLGA"),'ANO NOVO'!$E9&"","") | F609: =IF(AND(ISNUMBER('ANO NOVO'!$C9),'ANO NOVO'!$D9="FOLGA"),'ANO NOVO'!$F9&"","") | G609: =IF(D609="","",IF(D609=TODAY(),D609+ROW()/100000,"")) | H609: =IF(D609="","",IF(AND(D609>TODAY(),D609<=TODAY()+7),D609+ROW()/100000,"")) | I609: =IF(D609="","",IF(D609=CALENDÁRIO!$L$4,ROW(),"")) | J609: =IF(D609="","",CHOOSE(WEEKDAY(D609),"Domingo","Segunda","Terça","Quarta","Quinta","Sexta","Sábado"))
A610: =IF(AND(ISNUMBER('ANO NOVO'!$C10),'ANO NOVO'!$D10="FOLGA"),"Folga Ano Novo","") | B610: =IF(AND(ISNUMBER('ANO NOVO'!$C10),'ANO NOVO'!$D10="FOLGA"),'ANO NOVO'!$A10&"","") | C610: =IF(AND(ISNUMBER('ANO NOVO'!$C10),'ANO NOVO'!$D10="FOLGA"),'ANO NOVO'!$B10&"","") | D610: =IF(AND(ISNUMBER('ANO NOVO'!$C10),'ANO NOVO'!$D10="FOLGA"),'ANO NOVO'!$C10,"") | E610: =IF(AND(ISNUMBER('ANO NOVO'!$C10),'ANO NOVO'!$D10="FOLGA"),'ANO NOVO'!$E10&"","") | F610: =IF(AND(ISNUMBER('ANO NOVO'!$C10),'ANO NOVO'!$D10="FOLGA"),'ANO NOVO'!$F10&"","") | G610: =IF(D610="","",IF(D610=TODAY(),D610+ROW()/100000,"")) | H610: =IF(D610="","",IF(AND(D610>TODAY(),D610<=TODAY()+7),D610+ROW()/100000,"")) | I610: =IF(D610="","",IF(D610=CALENDÁRIO!$L$4,ROW(),"")) | J610: =IF(D610="","",CHOOSE(WEEKDAY(D610),"Domingo","Segunda","Terça","Quarta","Quinta","Sexta","Sábado"))
A611: =IF(AND(ISNUMBER('ANO NOVO'!$C11),'ANO NOVO'!$D11="FOLGA"),"Folga Ano Novo","") | B611: =IF(AND(ISNUMBER('ANO NOVO'!$C11),'ANO NOVO'!$D11="FOLGA"),'ANO NOVO'!$A11&"","") | C611: =IF(AND(ISNUMBER('ANO NOVO'!$C11),'ANO NOVO'!$D11="FOLGA"),'ANO NOVO'!$B11&"","") | D611: =IF(AND(ISNUMBER('ANO NOVO'!$C11),'ANO NOVO'!$D11="FOLGA"),'ANO NOVO'!$C11,"") | E611: =IF(AND(ISNUMBER('ANO NOVO'!$C11),'ANO NOVO'!$D11="FOLGA"),'ANO NOVO'!$E11&"","") | F611: =IF(AND(ISNUMBER('ANO NOVO'!$C11),'ANO NOVO'!$D11="FOLGA"),'ANO NOVO'!$F11&"","") | G611: =IF(D611="","",IF(D611=TODAY(),D611+ROW()/100000,"")) | H611: =IF(D611="","",IF(AND(D611>TODAY(),D611<=TODAY()+7),D611+ROW()/100000,"")) | I611: =IF(D611="","",IF(D611=CALENDÁRIO!$L$4,ROW(),"")) | J611: =IF(D611="","",CHOOSE(WEEKDAY(D611),"Domingo","Segunda","Terça","Quarta","Quinta","Sexta","Sábado"))
A612: =IF(AND(ISNUMBER('ANO NOVO'!$C12),'ANO NOVO'!$D12="FOLGA"),"Folga Ano Novo","") | B612: =IF(AND(ISNUMBER('ANO NOVO'!$C12),'ANO NOVO'!$D12="FOLGA"),'ANO NOVO'!$A12&"","") | C612: =IF(AND(ISNUMBER('ANO NOVO'!$C12),'ANO NOVO'!$D12="FOLGA"),'ANO NOVO'!$B12&"","") | D612: =IF(AND(ISNUMBER('ANO NOVO'!$C12),'ANO NOVO'!$D12="FOLGA"),'ANO NOVO'!$C12,"") | E612: =IF(AND(ISNUMBER('ANO NOVO'!$C12),'ANO NOVO'!$D12="FOLGA"),'ANO NOVO'!$E12&"","") | F612: =IF(AND(ISNUMBER('ANO NOVO'!$C12),'ANO NOVO'!$D12="FOLGA"),'ANO NOVO'!$F12&"","") | G612: =IF(D612="","",IF(D612=TODAY(),D612+ROW()/100000,"")) | H612: =IF(D612="","",IF(AND(D612>TODAY(),D612<=TODAY()+7),D612+ROW()/100000,"")) | I612: =IF(D612="","",IF(D612=CALENDÁRIO!$L$4,ROW(),"")) | J612: =IF(D612="","",CHOOSE(WEEKDAY(D612),"Domingo","Segunda","Terça","Quarta","Quinta","Sexta","Sábado"))
A613: =IF(AND(ISNUMBER('ANO NOVO'!$C13),'ANO NOVO'!$D13="FOLGA"),"Folga Ano Novo","") | B613: =IF(AND(ISNUMBER('ANO NOVO'!$C13),'ANO NOVO'!$D13="FOLGA"),'ANO NOVO'!$A13&"","") | C613: =IF(AND(ISNUMBER('ANO NOVO'!$C13),'ANO NOVO'!$D13="FOLGA"),'ANO NOVO'!$B13&"","") | D613: =IF(AND(ISNUMBER('ANO NOVO'!$C13),'ANO NOVO'!$D13="FOLGA"),'ANO NOVO'!$C13,"") | E613: =IF(AND(ISNUMBER('ANO NOVO'!$C13),'ANO NOVO'!$D13="FOLGA"),'ANO NOVO'!$E13&"","") | F613: =IF(AND(ISNUMBER('ANO NOVO'!$C13),'ANO NOVO'!$D13="FOLGA"),'ANO NOVO'!$F13&"","") | G613: =IF(D613="","",IF(D613=TODAY(),D613+ROW()/100000,"")) | H613: =IF(D613="","",IF(AND(D613>TODAY(),D613<=TODAY()+7),D613+ROW()/100000,"")) | I613: =IF(D613="","",IF(D613=CALENDÁRIO!$L$4,ROW(),"")) | J613: =IF(D613="","",CHOOSE(WEEKDAY(D613),"Domingo","Segunda","Terça","Quarta","Quinta","Sexta","Sábado"))
... A901: =IF(AND(ISNUMBER('ANO NOVO'!$C301),'ANO NOVO'!$D301="FOLGA"),"Folga Ano Novo","") | B901: =IF(AND(ISNUMBER('ANO NOVO'!$C301),'ANO NOVO'!$D301="FOLGA"),'ANO NOVO'!$A301&"","") | C901: =IF(AND(ISNUMBER('ANO NOVO'!$C301),'ANO NOVO'!$D301="FOLGA"),'ANO NOVO'!$B301&"","") | D901: =IF(AND(ISNUMBER('ANO NOVO'!$C301),'ANO NOVO'!$D301="FOLGA"),'ANO NOVO'!$C301,"") | E901: =IF(AND(ISNUMBER('ANO NOVO'!$C301),'ANO NOVO'!$D301="FOLGA"),'ANO NOVO'!$E301&"","") | F901: =IF(AND(ISNUMBER('ANO NOVO'!$C301),'ANO NOVO'!$D301="FOLGA"),'ANO NOVO'!$F301&"","") | G901: =IF(D901="","",IF(D901=TODAY(),D901+ROW()/100000,"")) | H901: =IF(D901="","",IF(AND(D901>TODAY(),D901<=TODAY()+7),D901+ROW()/100000,"")) | I901: =IF(D901="","",IF(D901=CALENDÁRIO!$L$4,ROW(),"")) | J901: =IF(D901="","",CHOOSE(WEEKDAY(D901),"Domingo","Segunda","Terça","Quarta","Quinta","Sexta","Sábado"))
